               epoch,      train/box_loss,      train/obj_loss,      train/cls_loss,     train/lmmd_loss,       train/fg_loss,   metrics/precision,      metrics/recall,     metrics/mAP_0.5,metrics/mAP_0.5:0.95,        val/box_loss,        val/obj_loss,        val/cls_loss,       val/lmmd_loss,         val/fg_loss,               x/lr0,               x/lr1,               x/lr2
                   0,             0.11298,            0.047817,            0.017063,                   0,             0.64435,                   0,                   0,                   0,                   0,            0.084384,            0.023523,            0.011221,                   0,                   0,            0.097228,             2.8e-05,             2.8e-05
                   1,             0.10581,            0.032446,            0.014846,                   0,             0.63082,          6.1203e-05,           0.0028571,          3.0823e-05,           4.619e-06,            0.081987,             0.02345,            0.010184,                   0,                   0,            0.094357,          5.6999e-05,          5.6999e-05
                   2,            0.085436,            0.029218,            0.009764,                   0,             0.60229,          5.5813e-05,           0.0028571,          2.8179e-05,          2.8179e-06,            0.080058,            0.023853,           0.0092358,                   0,                   0,            0.091486,          8.5992e-05,          8.5992e-05
                   3,            0.092662,            0.030751,            0.011202,                   0,             0.61935,          0.00023832,            0.012857,          0.00012238,          2.6973e-05,            0.078526,            0.024015,           0.0083972,                   0,                   0,            0.088615,          0.00011497,          0.00011497
                   4,             0.07802,            0.030952,           0.0081404,                   0,             0.61185,          0.00053915,                0.03,          0.00028605,           8.711e-05,            0.077058,            0.024378,           0.0078484,                   0,                   0,            0.085744,          0.00014394,          0.00014394
                   5,             0.10047,              0.0376,           0.0098057,                   0,             0.62256,          0.00095252,            0.054286,          0.00054176,          0.00015025,            0.075523,             0.02454,           0.0073782,                   0,                   0,            0.082873,          0.00017289,          0.00017289
                   6,            0.076402,            0.037178,           0.0069581,                   0,               0.611,           0.0012906,            0.074286,          0.00084312,          0.00023732,            0.073584,             0.02497,            0.006942,                   0,                   0,            0.080002,          0.00020182,          0.00020182
                   7,            0.095556,            0.042632,           0.0088502,                   0,             0.60851,           0.0030325,             0.17714,           0.0029029,          0.00067196,            0.070923,            0.025498,            0.006454,                   0,                   0,            0.077131,          0.00023072,          0.00023072
                   8,            0.086015,            0.041745,           0.0072952,                   0,             0.61148,           0.0047983,             0.28714,             0.02149,           0.0047277,            0.067968,            0.025968,           0.0059935,                   0,                   0,             0.07426,          0.00025959,          0.00025959
                   9,            0.084382,            0.049051,           0.0069447,                   0,             0.62657,           0.0056135,                0.34,             0.10271,            0.024565,            0.065029,            0.026299,           0.0055428,                   0,                   0,            0.071388,          0.00028842,          0.00028842
                  10,            0.081029,            0.070324,            0.010433,                   0,              0.6258,           0.0059348,             0.36143,             0.17145,            0.045449,            0.062803,            0.026134,           0.0051897,                   0,                   0,            0.068517,          0.00031722,          0.00031722
                  11,            0.094132,            0.054186,           0.0074121,                   0,               0.635,              0.6443,             0.35286,             0.25816,            0.076807,            0.060516,            0.025639,           0.0048752,                   0,                   0,            0.065646,          0.00034597,          0.00034597
                  12,            0.093589,             0.02669,            0.015653,                   0,             0.60283,             0.82866,             0.24114,             0.28687,            0.091866,             0.05912,            0.024813,           0.0046454,                   0,                   0,            0.062775,          0.00037467,          0.00037467
                  13,            0.076905,            0.026694,           0.0079529,                   0,             0.59887,             0.82503,             0.31143,             0.31347,             0.11301,            0.057691,            0.023627,           0.0043824,                   0,                   0,            0.059903,          0.00040331,          0.00040331
                  14,            0.069356,            0.034335,           0.0044306,                   0,             0.60637,             0.84963,             0.31557,             0.33026,             0.12825,            0.055908,            0.022468,           0.0041323,                   0,                   0,            0.057032,           0.0004319,           0.0004319
                  15,            0.075015,            0.037322,           0.0051105,                   0,             0.61428,             0.85635,                0.32,             0.33781,              0.1331,            0.054156,            0.020721,           0.0038644,                   0,                   0,             0.05416,          0.00046043,          0.00046043
                  16,            0.069158,            0.042048,           0.0059411,                   0,             0.61459,             0.86676,             0.32714,             0.35052,             0.13952,            0.053642,            0.018655,           0.0035835,                   0,                   0,            0.051289,           0.0004889,           0.0004889
                  17,             0.06994,            0.031325,           0.0047113,                   0,             0.61464,             0.80662,             0.28714,             0.31593,             0.13128,            0.051318,            0.017241,           0.0033755,                   0,                   0,            0.048417,          0.00051729,          0.00051729
                  18,            0.060387,            0.025476,           0.0025958,                   0,             0.59841,             0.74281,             0.28857,             0.26539,            0.090236,            0.050273,            0.016302,           0.0031571,                   0,                   0,            0.045546,          0.00054562,          0.00054562
                  19,            0.055401,            0.030744,            0.002334,                   0,             0.60344,             0.76034,             0.31429,             0.27569,            0.096477,            0.051251,            0.015673,           0.0030041,                   0,                   0,            0.042674,          0.00057386,          0.00057386
                  20,            0.071323,            0.017503,           0.0033531,                   0,             0.60866,             0.80034,             0.33429,             0.30162,             0.10594,            0.047359,            0.015613,           0.0028904,                   0,                   0,            0.039802,          0.00060202,          0.00060202
                  21,            0.067626,             0.02431,           0.0035207,                   0,             0.60154,             0.80322,             0.32714,             0.30159,             0.10015,             0.04924,            0.015438,            0.002821,                   0,                   0,             0.03693,           0.0006301,           0.0006301
                  22,             0.05811,            0.029194,           0.0026518,                   0,              0.5934,              0.8361,             0.31857,              0.3211,              0.1115,            0.046046,            0.015594,           0.0027733,                   0,                   0,            0.034058,          0.00065808,          0.00065808
                  23,            0.062091,             0.03899,           0.0028043,                   0,             0.60499,              0.8647,             0.32714,             0.33195,             0.11185,            0.046505,            0.015517,            0.002724,                   0,                   0,            0.031186,          0.00068597,          0.00068597
                  24,            0.068732,            0.041303,           0.0036728,                   0,             0.61392,             0.86929,             0.34306,             0.35357,             0.13411,            0.043172,            0.015464,           0.0026625,                   0,                   0,            0.028314,          0.00071376,          0.00071376
                  25,            0.050099,            0.020952,           0.0017305,                   0,             0.59762,             0.88979,             0.34714,             0.35765,             0.12728,            0.043833,            0.015382,           0.0026083,                   0,                   0,            0.025441,          0.00074145,          0.00074145
                  26,            0.050793,            0.034481,            0.001786,                   0,             0.60812,             0.88712,             0.35274,             0.37387,              0.1489,            0.042341,            0.015444,           0.0025756,                   0,                   0,            0.022569,          0.00076904,          0.00076904
                  27,            0.068052,             0.02565,           0.0032201,                   0,             0.60512,             0.88571,             0.34571,             0.36097,             0.13077,            0.044315,            0.015372,           0.0025445,                   0,                   0,            0.019697,          0.00079651,          0.00079651
                  28,            0.068558,            0.037595,           0.0025783,                   0,             0.60231,             0.92847,             0.35714,             0.38807,             0.16814,             0.03996,            0.015368,           0.0025239,                   0,                   0,            0.016824,          0.00082387,          0.00082387
                  29,            0.057634,            0.032993,           0.0023868,                   0,             0.59664,             0.93851,             0.35714,             0.39141,             0.17104,            0.039658,            0.015287,           0.0025026,                   0,                   0,            0.013951,          0.00085111,          0.00085111
                  30,            0.058618,            0.028437,           0.0054957,                   0,             0.59864,             0.93475,             0.36286,             0.39235,             0.17853,             0.04027,            0.015206,            0.002497,                   0,                   0,            0.011078,          0.00087822,          0.00087822
                  31,             0.05644,            0.022044,           0.0016086,                   0,              0.6046,             0.93447,             0.35993,             0.38918,             0.16932,            0.041247,            0.015273,           0.0024977,                   0,                   0,           0.0082052,          0.00090521,          0.00090521
                  32,            0.060593,            0.028988,           0.0030648,                   0,             0.59564,             0.93169,             0.35714,             0.39053,             0.16961,            0.039406,            0.015135,           0.0024714,                   0,                   0,           0.0053321,          0.00093207,          0.00093207
                  33,            0.059278,            0.023857,           0.0031213,                   0,             0.59605,             0.94466,             0.35581,             0.39789,             0.18063,            0.040486,            0.014925,           0.0024491,                   0,                   0,           0.0024588,           0.0009588,           0.0009588
                  34,            0.058763,            0.025316,           0.0074877,                   0,             0.59025,             0.95622,                0.37,             0.40998,             0.19735,             0.03664,            0.014908,           0.0024489,                   0,                   0,          0.00097178,          0.00097178,          0.00097178
                  35,             0.06044,            0.043895,           0.0029044,                   0,              0.6081,             0.92268,             0.35857,             0.39148,             0.17722,            0.040978,            0.014759,           0.0024428,                   0,                   0,          0.00097178,          0.00097178,          0.00097178
                  36,            0.055921,            0.026872,           0.0020849,                   0,             0.59828,             0.97146,             0.37286,             0.41828,             0.20308,            0.036993,            0.014867,           0.0024213,                   0,                   0,          0.00097011,          0.00097011,          0.00097011
                  37,            0.052269,            0.035119,           0.0056419,                   0,             0.60603,             0.96939,             0.35857,             0.41328,             0.20526,            0.036747,            0.014736,           0.0024158,                   0,                   0,           0.0009684,           0.0009684,           0.0009684
                  38,            0.054456,            0.024668,           0.0028611,                   0,             0.59195,             0.96831,             0.37286,              0.4198,             0.20673,            0.037469,            0.014652,           0.0024596,                   0,                   0,          0.00096664,          0.00096664,          0.00096664
                  39,            0.054614,             0.03011,           0.0026816,                   0,             0.60542,             0.95017,             0.37429,              0.4206,             0.21001,            0.035966,            0.014702,           0.0024513,                   0,                   0,          0.00096484,          0.00096484,          0.00096484
                  40,            0.085558,            0.030553,           0.0019866,                   0,             0.58673,             0.96342,             0.38011,              0.4265,             0.22151,            0.034376,            0.014621,           0.0024487,                   0,                   0,          0.00096299,          0.00096299,          0.00096299
                  41,            0.055857,             0.02334,           0.0016822,                   0,             0.59429,             0.97335,             0.38059,             0.42821,             0.22084,            0.033406,            0.014659,           0.0024785,                   0,                   0,           0.0009611,           0.0009611,           0.0009611
                  42,            0.047103,            0.026906,           0.0016542,                   0,             0.59442,             0.96641,             0.38286,             0.42783,             0.21996,            0.033821,            0.014387,           0.0025114,                   0,                   0,          0.00095916,          0.00095916,          0.00095916
                  43,             0.06008,            0.030475,           0.0017626,                   0,             0.59884,             0.97899,             0.38429,              0.4349,             0.22214,            0.032708,            0.014471,           0.0025216,                   0,                   0,          0.00095717,          0.00095717,          0.00095717
                  44,             0.04229,            0.026297,           0.0014683,                   0,             0.59266,             0.97787,             0.38571,             0.43599,             0.23033,            0.032564,             0.01431,           0.0025333,                   0,                   0,          0.00095514,          0.00095514,          0.00095514
                  45,            0.054137,            0.034869,           0.0028271,                   0,             0.60182,             0.97678,             0.38571,             0.43892,              0.2242,            0.034361,            0.014176,           0.0025687,                   0,                   0,          0.00095307,          0.00095307,          0.00095307
                  46,            0.049144,            0.031955,           0.0027216,                   0,             0.59902,             0.98424,             0.38714,             0.44279,             0.23593,            0.032624,              0.0141,           0.0026031,                   0,                   0,          0.00095095,          0.00095095,          0.00095095
                  47,            0.050668,            0.020783,           0.0019442,                   0,             0.59151,             0.97195,             0.38458,             0.44381,             0.22446,            0.034063,             0.01406,           0.0026404,                   0,                   0,          0.00094879,          0.00094879,          0.00094879
                  48,            0.042165,            0.024778,           0.0029929,                   0,             0.59332,             0.97978,             0.38571,             0.44708,             0.23062,            0.032751,            0.013955,           0.0026256,                   0,                   0,          0.00094659,          0.00094659,          0.00094659
                  49,            0.067308,            0.043369,           0.0033024,                   0,             0.60655,             0.97883,             0.38429,             0.44599,             0.22973,            0.033211,             0.01394,           0.0026361,                   0,                   0,          0.00094434,          0.00094434,          0.00094434
                  50,            0.046901,            0.030795,           0.0016963,                   0,             0.59587,             0.98409,             0.38571,             0.45025,             0.24195,            0.031846,            0.013925,           0.0026257,                   0,                   0,          0.00094205,          0.00094205,          0.00094205
                  51,            0.045374,            0.024526,           0.0033756,                   0,             0.59886,             0.98637,             0.38429,             0.44828,             0.23684,            0.030777,            0.013896,           0.0026021,                   0,                   0,          0.00093971,          0.00093971,          0.00093971
                  52,            0.042181,            0.027701,           0.0022042,                   0,             0.59847,             0.97897,             0.38714,              0.4519,             0.24182,            0.031246,            0.013805,           0.0025852,                   0,                   0,          0.00093733,          0.00093733,          0.00093733
                  53,            0.047967,            0.022627,           0.0026125,                   0,             0.58576,             0.99125,             0.38429,             0.45438,             0.24838,            0.030703,            0.013919,           0.0026168,                   0,                   0,          0.00093491,          0.00093491,          0.00093491
                  54,            0.051153,            0.028418,           0.0021082,                   0,             0.59323,             0.98866,             0.38571,             0.45581,             0.24803,            0.030028,            0.013955,           0.0026276,                   0,                   0,          0.00093245,          0.00093245,          0.00093245
                  55,             0.05449,            0.037917,           0.0020344,                   0,             0.59699,             0.98035,             0.38407,             0.45351,             0.24443,            0.031005,            0.013779,           0.0025874,                   0,                   0,          0.00092995,          0.00092995,          0.00092995
                  56,            0.051312,            0.035769,           0.0021419,                   0,              0.6037,             0.98737,             0.38573,             0.45667,             0.24434,            0.031256,            0.013721,           0.0025663,                   0,                   0,           0.0009274,           0.0009274,           0.0009274
                  57,            0.061888,            0.028565,           0.0019638,                   0,             0.59839,             0.99273,             0.38715,             0.46127,             0.24707,            0.029825,              0.0138,           0.0025719,                   0,                   0,          0.00092481,          0.00092481,          0.00092481
                  58,            0.044721,            0.025847,           0.0018656,                   0,             0.59121,             0.99182,             0.38714,             0.46376,             0.25137,            0.029844,            0.013693,           0.0025485,                   0,                   0,          0.00092219,          0.00092219,          0.00092219
                  59,            0.056507,            0.031932,            0.002382,                   0,             0.58921,              0.9927,             0.38594,             0.46836,              0.2486,            0.029156,            0.013534,           0.0025355,                   0,                   0,          0.00091952,          0.00091952,          0.00091952
                  60,            0.053175,            0.046744,           0.0029569,                   0,             0.59762,             0.99815,             0.38548,             0.47795,             0.26329,            0.029239,            0.013423,           0.0025445,                   0,                   0,          0.00091681,          0.00091681,          0.00091681
                  61,            0.050838,            0.028931,           0.0033141,                   0,             0.60051,             0.99441,             0.38429,             0.49057,             0.26686,             0.02954,            0.013409,           0.0025368,                   0,                   0,          0.00091406,          0.00091406,          0.00091406
                  62,            0.056132,            0.021628,           0.0022222,                   0,             0.59906,             0.99631,             0.38481,             0.50666,             0.27407,            0.029628,            0.013442,           0.0025354,                   0,                   0,          0.00091127,          0.00091127,          0.00091127
                  63,            0.058246,            0.029549,            0.001538,                   0,             0.60356,             0.99446,             0.38571,             0.52795,             0.28283,             0.02924,            0.013361,            0.002504,                   0,                   0,          0.00090844,          0.00090844,          0.00090844
                  64,             0.04867,            0.031475,           0.0023482,                   0,              0.6134,             0.99698,             0.38571,             0.54264,             0.28754,            0.029145,            0.013269,           0.0024694,                   0,                   0,          0.00090557,          0.00090557,          0.00090557
                  65,            0.058288,             0.04047,           0.0024841,                   0,             0.59542,             0.99473,             0.38286,             0.54273,             0.29442,            0.029599,             0.01324,           0.0024413,                   0,                   0,          0.00090266,          0.00090266,          0.00090266
                  66,             0.05586,            0.023829,            0.003857,                   0,             0.60263,             0.99482,             0.38286,             0.55717,             0.30775,            0.028535,            0.013106,           0.0024204,                   0,                   0,          0.00089972,          0.00089972,          0.00089972
                  67,            0.053097,            0.021008,           0.0013825,                   0,             0.58804,             0.99313,             0.38143,             0.57186,             0.31577,             0.02817,            0.013186,           0.0023783,                   0,                   0,          0.00089673,          0.00089673,          0.00089673
                  68,            0.057278,            0.028941,           0.0034604,                   0,              0.5921,             0.64184,             0.51862,             0.58926,             0.31475,            0.029077,            0.013131,           0.0023558,                   0,                   0,          0.00089371,          0.00089371,          0.00089371
                  69,            0.047665,            0.041147,           0.0024397,                   0,             0.59855,               0.608,             0.54661,             0.60549,             0.32017,            0.028881,            0.013035,           0.0023463,                   0,                   0,          0.00089065,          0.00089065,          0.00089065
                  70,            0.048659,            0.028785,           0.0018913,                   0,             0.59361,             0.59216,             0.55753,             0.61793,             0.33806,             0.03046,            0.012976,           0.0023195,                   0,                   0,          0.00088755,          0.00088755,          0.00088755
                  71,            0.045687,            0.024062,           0.0014449,                   0,             0.60685,             0.59795,              0.5742,             0.61991,             0.34171,             0.02834,            0.012861,           0.0022834,                   0,                   0,          0.00088442,          0.00088442,          0.00088442
                  72,            0.043362,            0.020264,            0.003385,                   0,             0.60596,             0.57954,             0.55479,             0.62777,             0.31173,            0.030394,            0.012973,           0.0022335,                   0,                   0,          0.00088124,          0.00088124,          0.00088124
                  73,            0.048804,             0.03066,           0.0016394,                   0,             0.60982,             0.61608,             0.59858,             0.63358,             0.34405,            0.028504,            0.012853,            0.002174,                   0,                   0,          0.00087804,          0.00087804,          0.00087804
                  74,            0.039779,            0.014698,           0.0031651,                   0,             0.58856,             0.61845,             0.59662,             0.63671,             0.34164,            0.028686,             0.01287,           0.0021234,                   0,                   0,          0.00087479,          0.00087479,          0.00087479
                  75,            0.047616,            0.028547,           0.0025156,                   0,             0.59514,             0.63661,             0.59715,             0.64268,             0.34808,            0.028545,            0.012868,           0.0020955,                   0,                   0,          0.00087151,          0.00087151,          0.00087151
                  76,            0.044718,            0.016427,           0.0028313,                   0,             0.58416,             0.62671,             0.60174,             0.65022,             0.34306,             0.02907,              0.0128,           0.0020608,                   0,                   0,           0.0008682,           0.0008682,           0.0008682
                  77,            0.047668,            0.025894,           0.0015466,                   0,              0.5949,             0.67952,             0.65078,             0.66193,             0.33312,            0.028686,            0.012747,           0.0020114,                   0,                   0,          0.00086485,          0.00086485,          0.00086485
                  78,            0.055818,            0.023476,           0.0027446,                   0,             0.58459,             0.69011,             0.66228,             0.66103,             0.35392,            0.028308,            0.012674,           0.0019716,                   0,                   0,          0.00086146,          0.00086146,          0.00086146
                  79,            0.064433,            0.031073,           0.0019395,                   0,              0.5991,             0.65614,             0.66431,             0.65204,             0.33956,            0.029207,            0.012737,           0.0019267,                   0,                   0,          0.00085805,          0.00085805,          0.00085805
                  80,            0.040467,            0.021133,            0.001869,                   0,             0.59304,             0.66256,             0.66442,             0.66087,             0.34453,            0.028791,            0.012767,           0.0018982,                   0,                   0,          0.00085459,          0.00085459,          0.00085459
                  81,            0.051706,            0.030174,           0.0018807,                   0,             0.60016,             0.66125,             0.67355,             0.66652,             0.35275,            0.027808,            0.012623,           0.0018612,                   0,                   0,          0.00085111,          0.00085111,          0.00085111
                  82,            0.052448,             0.02101,           0.0013777,                   0,             0.58387,             0.67534,             0.67805,             0.67727,             0.37159,            0.027826,            0.012526,           0.0018336,                   0,                   0,          0.00084759,          0.00084759,          0.00084759
                  83,            0.055013,            0.026569,           0.0014397,                   0,             0.59074,              0.6614,             0.67662,             0.67679,              0.3672,            0.028166,            0.012416,           0.0017894,                   0,                   0,          0.00084404,          0.00084404,          0.00084404
                  84,            0.039297,            0.020921,           0.0020127,                   0,             0.59811,             0.68678,              0.6723,             0.68575,             0.37003,            0.028602,            0.012314,           0.0017596,                   0,                   0,          0.00084046,          0.00084046,          0.00084046
                  85,            0.043239,            0.024982,            0.001473,                   0,             0.59026,             0.70091,             0.65727,             0.68248,             0.35654,            0.028461,            0.012293,           0.0017314,                   0,                   0,          0.00083684,          0.00083684,          0.00083684
                  86,            0.046269,            0.024306,           0.0058637,                   0,             0.59873,             0.71397,             0.66099,             0.69074,             0.35931,            0.028275,            0.012366,            0.001694,                   0,                   0,          0.00083319,          0.00083319,          0.00083319
                  87,            0.041096,            0.037563,           0.0013847,                   0,             0.59856,             0.73886,             0.65189,             0.69567,             0.35607,            0.027947,            0.012291,           0.0016765,                   0,                   0,          0.00082952,          0.00082952,          0.00082952
                  88,             0.05573,            0.032225,           0.0021388,                   0,             0.59603,             0.73421,             0.66234,             0.69808,             0.35516,            0.028064,            0.012251,             0.00165,                   0,                   0,          0.00082581,          0.00082581,          0.00082581
                  89,            0.043661,            0.019326,           0.0015657,                   0,             0.59789,             0.76859,             0.64127,             0.69278,             0.36854,            0.027681,            0.012247,           0.0016197,                   0,                   0,          0.00082207,          0.00082207,          0.00082207
                  90,            0.046393,            0.023469,           0.0011069,                   0,             0.58306,             0.80476,             0.63792,             0.70107,             0.35515,            0.027896,            0.012219,           0.0015934,                   0,                   0,           0.0008183,           0.0008183,           0.0008183
                  91,            0.047445,            0.021851,           0.0033158,                   0,             0.60397,             0.82511,               0.636,             0.70568,             0.37022,            0.027552,            0.012135,           0.0015525,                   0,                   0,           0.0008145,           0.0008145,           0.0008145
                  92,            0.042974,            0.021207,           0.0020483,                   0,             0.60103,             0.83251,             0.63346,             0.70418,             0.35947,            0.028216,            0.012223,           0.0015202,                   0,                   0,          0.00081068,          0.00081068,          0.00081068
                  93,            0.043772,            0.025638,           0.0011692,                   0,             0.60095,             0.84925,             0.63078,             0.70469,             0.35874,            0.027971,            0.012212,           0.0015114,                   0,                   0,          0.00080682,          0.00080682,          0.00080682
                  94,            0.047732,            0.030471,           0.0013136,                   0,              0.5957,             0.86065,             0.62837,             0.70592,             0.36175,            0.027625,            0.012064,           0.0014867,                   0,                   0,          0.00080294,          0.00080294,          0.00080294
                  95,            0.042347,            0.019225,           0.0019644,                   0,             0.59452,              0.8712,             0.62649,             0.71343,              0.3698,            0.027972,            0.012095,           0.0014725,                   0,                   0,          0.00079903,          0.00079903,          0.00079903
                  96,             0.04264,            0.021563,           0.0029728,                   0,             0.59561,             0.87772,             0.65312,             0.72159,              0.3878,             0.02729,            0.012027,           0.0014463,                   0,                   0,          0.00079509,          0.00079509,          0.00079509
                  97,            0.048876,             0.02483,           0.0010035,                   0,             0.59307,             0.90276,             0.63198,             0.71603,             0.36889,            0.028353,            0.011957,            0.001425,                   0,                   0,          0.00079112,          0.00079112,          0.00079112
                  98,            0.040977,            0.023594,           0.0012538,                   0,             0.60021,             0.89341,             0.63967,             0.70755,             0.36036,            0.027544,             0.01196,           0.0014137,                   0,                   0,          0.00078713,          0.00078713,          0.00078713
                  99,            0.050628,            0.018077,           0.0010244,                   0,             0.58698,             0.90846,             0.63889,             0.70999,             0.36586,            0.027451,             0.01203,           0.0013988,                   0,                   0,          0.00078311,          0.00078311,          0.00078311
                 100,            0.047372,            0.022579,           0.0010293,                   0,              0.5872,             0.91763,             0.63805,             0.71553,             0.37834,            0.027187,            0.011982,           0.0013712,                   0,                   0,          0.00077907,          0.00077907,          0.00077907
                 101,            0.043727,            0.031196,           0.0017617,                   0,             0.59317,             0.90472,             0.63805,             0.71735,              0.3988,            0.027465,            0.012074,           0.0013602,                   0,                   0,            0.000775,            0.000775,            0.000775
                 102,             0.04872,            0.027277,           0.0014699,                   0,             0.60246,             0.92532,             0.64247,             0.71885,             0.36611,            0.027821,            0.012064,           0.0013498,                   0,                   0,          0.00077091,          0.00077091,          0.00077091
                 103,            0.043938,            0.022992,             0.00122,                   0,             0.60561,             0.92482,             0.64576,              0.7279,             0.38636,            0.027314,            0.011991,           0.0013326,                   0,                   0,          0.00076679,          0.00076679,          0.00076679
                 104,            0.038092,            0.031809,          0.00069286,                   0,             0.59407,             0.90926,             0.64046,             0.72547,              0.3818,            0.027256,            0.012067,           0.0013443,                   0,                   0,          0.00076265,          0.00076265,          0.00076265
                 105,            0.047117,            0.029374,            0.001093,                   0,             0.59812,             0.90362,             0.63299,             0.72181,             0.36572,            0.027248,            0.012093,           0.0013398,                   0,                   0,          0.00075848,          0.00075848,          0.00075848
                 106,            0.034274,            0.025449,           0.0009134,                   0,             0.59695,             0.92302,             0.64528,             0.72297,             0.38717,              0.0272,            0.011974,           0.0013101,                   0,                   0,           0.0007543,           0.0007543,           0.0007543
                 107,            0.039869,            0.037751,          0.00072222,                   0,             0.59251,             0.92272,             0.64414,             0.72954,             0.37177,             0.02787,            0.011988,           0.0013044,                   0,                   0,          0.00075009,          0.00075009,          0.00075009
                 108,            0.057107,            0.024015,           0.0070322,                   0,             0.58788,             0.92636,             0.64597,             0.73228,             0.36933,            0.027855,            0.011935,           0.0012923,                   0,                   0,          0.00074585,          0.00074585,          0.00074585
                 109,            0.043159,            0.038078,           0.0011448,                   0,             0.59739,             0.92633,             0.64597,             0.73045,             0.36911,            0.027268,            0.011973,           0.0012902,                   0,                   0,           0.0007416,           0.0007416,           0.0007416
                 110,            0.053402,            0.035526,          0.00073893,                   0,             0.59449,             0.92739,              0.6474,             0.73238,             0.39879,            0.027067,            0.011943,             0.00129,                   0,                   0,          0.00073733,          0.00073733,          0.00073733
                 111,            0.042874,            0.027137,           0.0017219,                   0,                0.61,              0.9293,             0.64319,              0.7333,             0.40158,             0.02719,            0.012012,           0.0012759,                   0,                   0,          0.00073303,          0.00073303,          0.00073303
                 112,            0.051964,            0.024529,           0.0020432,                   0,             0.59386,             0.92419,             0.64457,             0.73532,             0.39345,            0.027456,             0.01209,           0.0012634,                   0,                   0,          0.00072872,          0.00072872,          0.00072872
                 113,            0.046537,            0.015698,          0.00086093,                   0,             0.58023,             0.93821,              0.6429,             0.74163,             0.40697,            0.027213,            0.011999,           0.0012356,                   0,                   0,          0.00072438,          0.00072438,          0.00072438
                 114,            0.044757,            0.025544,           0.0021184,                   0,             0.60707,             0.94026,             0.64551,             0.73525,             0.39395,            0.027024,            0.011981,           0.0012269,                   0,                   0,          0.00072003,          0.00072003,          0.00072003
                 115,            0.039028,            0.025695,           0.0012786,                   0,              0.6034,             0.93982,             0.64829,             0.73355,             0.39703,            0.027415,            0.012033,           0.0012237,                   0,                   0,          0.00071566,          0.00071566,          0.00071566
                 116,            0.037936,            0.021589,          0.00087984,                   0,             0.59002,             0.94143,             0.65258,             0.74069,             0.40417,            0.026993,            0.012027,           0.0012079,                   0,                   0,          0.00071127,          0.00071127,          0.00071127
                 117,            0.035834,            0.019777,          0.00046506,                   0,              0.5845,             0.93764,             0.64675,             0.74096,             0.40555,            0.026889,            0.012017,           0.0011927,                   0,                   0,          0.00070686,          0.00070686,          0.00070686
                 118,            0.043595,            0.023915,          0.00092059,                   0,             0.58998,             0.95033,             0.64092,             0.73574,             0.37754,            0.027391,            0.012079,           0.0011818,                   0,                   0,          0.00070243,          0.00070243,          0.00070243
                 119,            0.048545,            0.014252,            0.001003,                   0,             0.58529,             0.94402,             0.63883,             0.73748,             0.37994,            0.027355,            0.012033,           0.0011826,                   0,                   0,          0.00069799,          0.00069799,          0.00069799
                 120,            0.041853,              0.0194,          0.00064624,                   0,             0.59675,             0.93063,             0.64692,             0.73976,             0.38074,             0.02755,            0.012094,           0.0011805,                   0,                   0,          0.00069353,          0.00069353,          0.00069353
                 121,            0.047328,            0.021684,           0.0021112,                   0,             0.59427,              0.9268,             0.65325,             0.73938,             0.39093,            0.027513,            0.012114,           0.0011718,                   0,                   0,          0.00068906,          0.00068906,          0.00068906
                 122,            0.044872,             0.02744,           0.0012047,                   0,             0.60172,             0.91313,             0.65467,             0.74049,             0.40024,            0.026812,            0.012083,           0.0011759,                   0,                   0,          0.00068457,          0.00068457,          0.00068457
                 123,            0.047614,            0.022631,           0.0045499,                   0,             0.59716,             0.90289,              0.6626,             0.74302,             0.39021,            0.027278,            0.012084,           0.0011664,                   0,                   0,          0.00068006,          0.00068006,          0.00068006
                 124,            0.041809,            0.018781,          0.00058971,                   0,             0.58406,             0.92201,             0.64808,             0.73732,             0.38425,            0.026931,            0.012012,           0.0011574,                   0,                   0,          0.00067555,          0.00067555,          0.00067555
                 125,            0.050056,            0.024544,           0.0022663,                   0,             0.60471,             0.88804,             0.67701,             0.74102,             0.39108,            0.026935,            0.011917,           0.0011459,                   0,                   0,          0.00067101,          0.00067101,          0.00067101
                 126,             0.03629,             0.01697,          0.00034312,                   0,             0.59034,             0.90111,              0.6813,             0.74575,             0.41341,            0.026952,            0.011834,           0.0011211,                   0,                   0,          0.00066647,          0.00066647,          0.00066647
                 127,            0.045805,            0.020811,           0.0033551,                   0,              0.6013,             0.92368,             0.66831,             0.74954,              0.4114,            0.026881,            0.011773,           0.0011215,                   0,                   0,          0.00066191,          0.00066191,          0.00066191
                 128,             0.04578,            0.028651,            0.001528,                   0,             0.59347,             0.91472,             0.67481,             0.74479,             0.39843,            0.027141,            0.011827,           0.0011261,                   0,                   0,          0.00065734,          0.00065734,          0.00065734
                 129,            0.044048,            0.021404,          0.00090148,                   0,             0.59036,             0.89414,             0.67481,             0.75226,             0.39743,            0.027043,            0.011804,            0.001112,                   0,                   0,          0.00065276,          0.00065276,          0.00065276
                 130,            0.038434,            0.022029,          0.00096861,                   0,             0.60198,             0.89204,             0.68499,             0.74813,             0.39702,            0.026895,            0.011718,           0.0010961,                   0,                   0,          0.00064816,          0.00064816,          0.00064816
                 131,            0.033105,            0.018253,          0.00049499,                   0,             0.58241,             0.88855,             0.69208,             0.74973,             0.39104,            0.026902,            0.011767,           0.0010803,                   0,                   0,          0.00064356,          0.00064356,          0.00064356
                 132,            0.036221,              0.0242,           0.0005602,                   0,             0.58997,             0.89261,             0.68034,             0.75078,             0.38772,            0.026946,            0.011663,           0.0010601,                   0,                   0,          0.00063895,          0.00063895,          0.00063895
                 133,            0.040503,            0.021835,           0.0012842,                   0,             0.62057,             0.89235,             0.67987,             0.75441,             0.39834,            0.026822,            0.011729,           0.0010677,                   0,                   0,          0.00063432,          0.00063432,          0.00063432
                 134,            0.042685,            0.029616,          0.00096997,                   0,             0.59618,             0.91092,             0.67701,             0.75491,             0.39731,            0.026838,            0.011753,           0.0010714,                   0,                   0,          0.00062969,          0.00062969,          0.00062969
                 135,            0.041525,            0.024028,          0.00052078,                   0,             0.59592,             0.91453,             0.67844,             0.75236,             0.40667,            0.026878,            0.011805,            0.001083,                   0,                   0,          0.00062505,          0.00062505,          0.00062505
                 136,            0.044657,           0.0097613,          0.00054511,                   0,              0.5807,             0.86964,              0.6863,             0.74533,             0.41032,            0.027116,            0.011796,           0.0010527,                   0,                   0,           0.0006204,           0.0006204,           0.0006204
                 137,            0.039826,            0.040314,           0.0010368,                   0,             0.62456,             0.89348,             0.68922,             0.75805,             0.42474,            0.026834,            0.011853,           0.0010394,                   0,                   0,          0.00061574,          0.00061574,          0.00061574
                 138,             0.04918,            0.021144,             0.00143,                   0,             0.59553,             0.87716,             0.69351,             0.75585,             0.41819,            0.027039,            0.011827,            0.001032,                   0,                   0,          0.00061107,          0.00061107,          0.00061107
                 139,            0.042751,            0.020214,          0.00085838,                   0,             0.58714,             0.90904,             0.68395,             0.75833,             0.40501,            0.026794,            0.011716,           0.0010179,                   0,                   0,           0.0006064,           0.0006064,           0.0006064
                 140,            0.039013,             0.01546,           0.0011329,                   0,             0.58341,             0.90371,             0.68053,             0.76059,             0.43261,            0.026497,            0.011675,           0.0010109,                   0,                   0,          0.00060172,          0.00060172,          0.00060172
                 141,            0.050032,            0.019615,          0.00074269,                   0,             0.58448,              0.9039,             0.67746,              0.7591,             0.43011,            0.026486,            0.011738,           0.0010091,                   0,                   0,          0.00059704,          0.00059704,          0.00059704
                 142,            0.036927,            0.027689,           0.0012946,                   0,             0.60011,             0.89542,             0.67195,             0.75622,             0.43254,             0.02646,            0.011752,           0.0010063,                   0,                   0,          0.00059235,          0.00059235,          0.00059235
                 143,            0.036366,            0.027524,          0.00090822,                   0,             0.59291,             0.89293,             0.67328,             0.75823,             0.41775,            0.026559,            0.011725,          0.00099293,                   0,                   0,          0.00058766,          0.00058766,          0.00058766
                 144,            0.047528,            0.024498,          0.00053781,                   0,             0.58881,             0.89901,             0.67473,             0.75886,               0.419,            0.026607,            0.011755,          0.00099172,                   0,                   0,          0.00058296,          0.00058296,          0.00058296
                 145,            0.037353,            0.025009,           0.0015644,                   0,             0.59498,             0.90998,             0.68156,             0.75866,             0.41875,            0.026538,            0.011715,          0.00099552,                   0,                   0,          0.00057826,          0.00057826,          0.00057826
                 146,            0.040662,            0.024728,          0.00092584,                   0,              0.5888,              0.8965,             0.68268,              0.7566,             0.40852,             0.02634,            0.011618,          0.00098652,                   0,                   0,          0.00057355,          0.00057355,          0.00057355
                 147,            0.044805,            0.033775,           0.0014816,                   0,             0.61696,             0.93335,             0.65468,              0.7503,             0.40193,            0.026371,            0.011746,          0.00099053,                   0,                   0,          0.00056884,          0.00056884,          0.00056884
                 148,            0.040574,            0.026051,          0.00089768,                   0,             0.59558,             0.94049,             0.65963,             0.75058,             0.39716,            0.026536,            0.011779,          0.00099282,                   0,                   0,          0.00056413,          0.00056413,          0.00056413
                 149,            0.041138,            0.027781,          0.00090721,                   0,             0.58997,             0.92348,              0.6561,             0.74408,             0.40533,            0.026434,            0.011772,          0.00099266,                   0,                   0,          0.00055942,          0.00055942,          0.00055942
                 150,            0.040515,            0.021829,          0.00074364,                   0,             0.57831,             0.93861,              0.6629,             0.74868,             0.40155,            0.026531,            0.011711,          0.00099193,                   0,                   0,          0.00055471,          0.00055471,          0.00055471
                 151,            0.037212,            0.020151,          0.00089927,                   0,             0.58466,             0.94465,             0.66766,             0.75187,             0.41356,            0.026404,            0.011771,          0.00099372,                   0,                   0,             0.00055,             0.00055,             0.00055
                 152,             0.03361,            0.028434,          0.00036971,                   0,             0.58726,             0.94002,             0.67416,             0.75613,             0.40687,            0.026643,            0.011779,          0.00098495,                   0,                   0,          0.00054529,          0.00054529,          0.00054529
                 153,            0.033969,           0.0096977,            0.002669,                   0,             0.59866,             0.92823,             0.67416,             0.75798,             0.41492,            0.026419,            0.011665,          0.00097272,                   0,                   0,          0.00054058,          0.00054058,          0.00054058
                 154,            0.037227,            0.019405,           0.0006482,                   0,             0.57738,             0.92106,             0.67558,             0.75863,             0.42475,            0.026293,            0.011694,          0.00096318,                   0,                   0,          0.00053587,          0.00053587,          0.00053587
                 155,            0.054711,            0.012325,           0.0039694,                   0,             0.58699,             0.93124,             0.68208,             0.76372,             0.42068,            0.026408,             0.01168,          0.00095733,                   0,                   0,          0.00053116,          0.00053116,          0.00053116
                 156,            0.039748,            0.013508,           0.0010803,                   0,             0.58827,             0.90743,             0.68363,             0.75685,             0.41397,            0.026445,             0.01174,          0.00096215,                   0,                   0,          0.00052645,          0.00052645,          0.00052645
                 157,            0.035779,            0.017379,          0.00070983,                   0,             0.58436,             0.90815,              0.6709,             0.76305,              0.4152,            0.026492,            0.011871,          0.00096654,                   0,                   0,          0.00052174,          0.00052174,          0.00052174
                 158,            0.046603,            0.026049,           0.0071956,                   0,             0.60433,             0.91952,             0.67416,              0.7604,             0.41446,            0.026625,            0.011839,          0.00096854,                   0,                   0,          0.00051704,          0.00051704,          0.00051704
                 159,            0.042966,            0.028659,          0.00089829,                   0,              0.5895,             0.90264,             0.67558,             0.75662,             0.41734,            0.026756,            0.011866,           0.0009695,                   0,                   0,          0.00051234,          0.00051234,          0.00051234
                 160,            0.036293,             0.01998,          0.00063993,                   0,             0.59604,             0.90585,             0.67899,             0.75935,              0.4202,             0.02644,            0.011794,          0.00096339,                   0,                   0,          0.00050765,          0.00050765,          0.00050765
                 161,            0.044525,            0.030233,          0.00080972,                   0,             0.61827,             0.90605,             0.67697,             0.75787,             0.42892,            0.026234,            0.011773,          0.00095999,                   0,                   0,          0.00050296,          0.00050296,          0.00050296
                 162,            0.041854,             0.02714,          0.00071164,                   0,             0.59823,             0.90868,             0.68065,             0.75427,             0.40084,            0.026318,            0.011751,          0.00094997,                   0,                   0,          0.00049828,          0.00049828,          0.00049828
                 163,            0.032643,            0.019396,           0.0010479,                   0,             0.59235,             0.90756,             0.68065,             0.75535,              0.4018,            0.026191,            0.011768,          0.00095243,                   0,                   0,           0.0004936,           0.0004936,           0.0004936
                 164,            0.039665,            0.016427,           0.0012668,                   0,             0.60047,             0.91798,             0.68077,             0.75994,             0.42087,            0.026211,            0.011704,          0.00094329,                   0,                   0,          0.00048893,          0.00048893,          0.00048893
                 165,            0.038685,            0.021594,          0.00080624,                   0,             0.59704,             0.91106,             0.67489,             0.76249,             0.42759,            0.026226,             0.01172,          0.00094066,                   0,                   0,          0.00048426,          0.00048426,          0.00048426
                 166,            0.041106,            0.026083,          0.00076421,                   0,             0.59895,             0.91803,             0.67416,             0.76236,             0.42632,            0.026239,            0.011743,          0.00093115,                   0,                   0,           0.0004796,           0.0004796,           0.0004796
                 167,            0.036328,            0.023814,          0.00066711,                   0,             0.60053,             0.92053,             0.67558,             0.76197,             0.44173,            0.026393,            0.011774,          0.00092427,                   0,                   0,          0.00047495,          0.00047495,          0.00047495
                 168,            0.036348,            0.022483,          0.00027146,                   0,              0.5875,             0.90827,             0.67558,             0.75337,             0.42118,             0.02617,            0.011743,          0.00092339,                   0,                   0,          0.00047031,          0.00047031,          0.00047031
                 169,              0.0421,            0.022077,           0.0020079,                   0,             0.60912,             0.92086,             0.67874,             0.75508,             0.43304,            0.025953,            0.011671,          0.00091528,                   0,                   0,          0.00046568,          0.00046568,          0.00046568
                 170,            0.052819,            0.024519,           0.0055177,                   0,             0.59979,             0.91919,             0.67568,              0.7553,             0.42589,            0.026072,            0.011643,          0.00091478,                   0,                   0,          0.00046105,          0.00046105,          0.00046105
                 171,            0.037619,            0.011612,          0.00032436,                   0,             0.59368,             0.92238,             0.67618,              0.7591,             0.44179,            0.025992,            0.011667,          0.00092156,                   0,                   0,          0.00045644,          0.00045644,          0.00045644
                 172,            0.041339,            0.023808,          0.00048669,                   0,             0.59151,             0.91538,             0.68012,             0.75739,             0.44415,            0.025902,              0.0116,          0.00091897,                   0,                   0,          0.00045184,          0.00045184,          0.00045184
                 173,            0.047249,            0.024477,          0.00063155,                   0,             0.59725,             0.92118,             0.68183,             0.76272,             0.44207,            0.025985,            0.011551,          0.00090659,                   0,                   0,          0.00044724,          0.00044724,          0.00044724
                 174,            0.072379,            0.020442,           0.0011477,                   0,             0.58446,             0.91894,             0.68208,             0.76534,             0.43372,            0.025966,            0.011473,          0.00089066,                   0,                   0,          0.00044266,          0.00044266,          0.00044266
                 175,            0.041616,            0.023678,          0.00055597,                   0,             0.60715,             0.90072,             0.68208,             0.75848,             0.42069,            0.025927,            0.011433,          0.00088722,                   0,                   0,          0.00043809,          0.00043809,          0.00043809
                 176,            0.035642,            0.019553,          0.00032061,                   0,             0.58112,             0.91031,             0.68208,             0.76483,             0.43399,            0.026055,            0.011443,          0.00088331,                   0,                   0,          0.00043353,          0.00043353,          0.00043353
                 177,            0.045811,            0.031755,           0.0011249,                   0,             0.61478,             0.92119,             0.68208,             0.76511,             0.43063,            0.025701,            0.011409,          0.00088111,                   0,                   0,          0.00042899,          0.00042899,          0.00042899
                 178,            0.045291,             0.03583,          0.00093629,                   0,             0.60641,             0.92515,             0.68208,             0.76667,             0.42652,            0.025792,            0.011358,          0.00088022,                   0,                   0,          0.00042445,          0.00042445,          0.00042445
                 179,             0.04132,            0.030638,          0.00093585,                   0,             0.58849,             0.92051,             0.68221,             0.76619,             0.44737,            0.025608,            0.011341,          0.00087864,                   0,                   0,          0.00041994,          0.00041994,          0.00041994
                 180,            0.038947,            0.015072,          0.00063413,                   0,             0.58566,             0.93315,             0.67649,             0.76781,             0.44784,            0.025636,            0.011322,          0.00088587,                   0,                   0,          0.00041543,          0.00041543,          0.00041543
                 181,            0.042009,            0.022677,           0.0011003,                   0,             0.59812,             0.92037,             0.68519,             0.76667,             0.43293,            0.025877,            0.011333,          0.00089071,                   0,                   0,          0.00041094,          0.00041094,          0.00041094
                 182,            0.041914,            0.027742,          0.00055079,                   0,             0.59858,             0.92559,             0.68176,             0.76951,             0.45588,            0.025643,            0.011283,          0.00087492,                   0,                   0,          0.00040647,          0.00040647,          0.00040647
                 183,            0.039305,            0.023263,          0.00073451,                   0,             0.58701,             0.91597,             0.68155,             0.76656,             0.44648,            0.025547,            0.011353,          0.00087605,                   0,                   0,          0.00040201,          0.00040201,          0.00040201
                 184,            0.036451,            0.018593,          0.00083213,                   0,             0.59018,             0.94127,             0.67595,              0.7707,             0.44839,            0.025835,            0.011347,          0.00086931,                   0,                   0,          0.00039757,          0.00039757,          0.00039757
                 185,            0.044643,            0.021208,          0.00071552,                   0,               0.594,              0.9261,             0.68065,              0.7722,             0.45409,            0.025986,             0.01138,          0.00086616,                   0,                   0,          0.00039314,          0.00039314,          0.00039314
                 186,            0.040263,            0.020568,          0.00046421,                   0,             0.58969,              0.9497,             0.68059,             0.77312,             0.45095,            0.025972,             0.01144,          0.00086344,                   0,                   0,          0.00038873,          0.00038873,          0.00038873
                 187,            0.038679,            0.018372,           0.0003505,                   0,             0.59402,             0.93404,             0.68021,             0.77121,              0.4517,            0.025795,            0.011445,          0.00085464,                   0,                   0,          0.00038434,          0.00038434,          0.00038434
                 188,            0.039996,            0.022577,          0.00074125,                   0,             0.58874,             0.93531,             0.67894,             0.77123,             0.45411,            0.025713,            0.011382,          0.00084816,                   0,                   0,          0.00037997,          0.00037997,          0.00037997
                 189,            0.035871,            0.021481,           0.0011047,                   0,             0.59074,             0.93285,             0.67934,             0.77402,             0.45861,            0.025636,            0.011423,          0.00083982,                   0,                   0,          0.00037562,          0.00037562,          0.00037562
                 190,            0.049554,            0.034435,           0.0010676,                   0,             0.61482,             0.93326,             0.67877,             0.77368,             0.44287,            0.025971,            0.011397,          0.00083964,                   0,                   0,          0.00037128,          0.00037128,          0.00037128
                 191,            0.048871,            0.026247,          0.00062523,                   0,              0.5828,             0.93761,             0.68092,             0.77236,             0.44829,            0.025823,            0.011423,           0.0008356,                   0,                   0,          0.00036697,          0.00036697,          0.00036697
                 192,             0.03555,            0.016547,          0.00030812,                   0,             0.58135,             0.93354,             0.68208,             0.77297,              0.4454,            0.025553,            0.011411,          0.00083622,                   0,                   0,          0.00036267,          0.00036267,          0.00036267
                 193,            0.040603,            0.021055,           0.0011967,                   0,             0.58776,             0.92628,             0.68351,             0.77409,             0.45344,            0.025723,            0.011391,          0.00083442,                   0,                   0,           0.0003584,           0.0003584,           0.0003584
                 194,             0.03589,             0.02417,          0.00068206,                   0,             0.58804,             0.93612,             0.68351,             0.77255,             0.45338,            0.025946,            0.011334,          0.00083652,                   0,                   0,          0.00035415,          0.00035415,          0.00035415
                 195,            0.050513,            0.018091,          0.00038576,                   0,             0.59409,             0.92953,             0.68434,             0.77276,             0.44731,            0.025749,            0.011253,          0.00083291,                   0,                   0,          0.00034991,          0.00034991,          0.00034991
                 196,            0.039581,            0.011888,          0.00065747,                   0,             0.57952,             0.94483,              0.6801,             0.77489,             0.44357,            0.026005,             0.01133,          0.00083035,                   0,                   0,           0.0003457,           0.0003457,           0.0003457
                 197,               0.043,            0.022583,           0.0007297,                   0,             0.59131,             0.94146,             0.68308,             0.77394,             0.43142,            0.025817,             0.01132,           0.0008292,                   0,                   0,          0.00034152,          0.00034152,          0.00034152
                 198,            0.044911,            0.016237,          0.00053698,                   0,             0.58955,             0.93986,              0.6819,             0.77624,             0.42073,            0.025928,            0.011291,          0.00082366,                   0,                   0,          0.00033735,          0.00033735,          0.00033735
                 199,            0.033039,            0.038989,          0.00036854,                   0,             0.60072,             0.95307,             0.68065,             0.77609,             0.43375,            0.025884,            0.011261,          0.00081508,                   0,                   0,          0.00033321,          0.00033321,          0.00033321
                 200,            0.038974,            0.021572,          0.00032391,                   0,             0.59319,             0.93288,             0.68065,             0.77475,             0.42077,            0.025666,            0.011237,          0.00081225,                   0,                   0,          0.00032909,          0.00032909,          0.00032909
                 201,            0.046181,            0.019429,          0.00034973,                   0,             0.59756,             0.93658,             0.68027,             0.77566,             0.42788,            0.025719,            0.011242,          0.00080488,                   0,                   0,            0.000325,            0.000325,            0.000325
                 202,            0.037272,            0.016138,          0.00084824,                   0,             0.58218,             0.93563,             0.67911,             0.77561,             0.43907,             0.02571,            0.011276,          0.00080245,                   0,                   0,          0.00032093,          0.00032093,          0.00032093
                 203,            0.032687,            0.016169,           0.0010615,                   0,              0.6026,             0.93579,             0.68208,             0.77777,             0.44524,            0.025757,            0.011321,          0.00080532,                   0,                   0,          0.00031689,          0.00031689,          0.00031689
                 204,            0.033652,            0.019342,          0.00028458,                   0,             0.58509,              0.9355,             0.68351,             0.77525,             0.44939,            0.025595,             0.01129,          0.00081077,                   0,                   0,          0.00031287,          0.00031287,          0.00031287
                 205,            0.037658,            0.028367,          0.00029072,                   0,             0.59849,             0.92972,             0.67985,             0.77476,              0.4458,            0.025779,            0.011292,          0.00080842,                   0,                   0,          0.00030888,          0.00030888,          0.00030888
                 206,            0.036766,            0.028066,           0.0002325,                   0,             0.59672,             0.93779,             0.68139,             0.77458,             0.44925,            0.025883,            0.011311,          0.00081323,                   0,                   0,          0.00030491,          0.00030491,          0.00030491
                 207,            0.040992,            0.025933,          0.00055756,                   0,             0.60134,             0.93746,             0.67908,             0.77146,             0.44023,            0.025614,            0.011314,          0.00081557,                   0,                   0,          0.00030097,          0.00030097,          0.00030097
                 208,            0.042343,            0.025985,           0.0022843,                   0,             0.61298,             0.95459,             0.68065,             0.77167,             0.42754,            0.025678,            0.011321,          0.00081155,                   0,                   0,          0.00029706,          0.00029706,          0.00029706
                 209,            0.042584,            0.025138,          0.00070196,                   0,              0.5954,             0.95205,             0.68065,             0.77268,             0.42512,            0.025763,            0.011285,          0.00081128,                   0,                   0,          0.00029318,          0.00029318,          0.00029318
                 210,            0.038699,            0.013699,          0.00057829,                   0,             0.57684,             0.94665,             0.68065,             0.77233,             0.42703,            0.025748,             0.01127,            0.000808,                   0,                   0,          0.00028932,          0.00028932,          0.00028932
                 211,            0.048238,            0.024214,            0.001212,                   0,             0.58734,             0.93205,             0.68065,             0.77413,             0.43116,            0.025716,            0.011257,          0.00080377,                   0,                   0,           0.0002855,           0.0002855,           0.0002855
                 212,            0.045302,            0.015602,          0.00039159,                   0,             0.58718,             0.93474,             0.68037,             0.77479,             0.43465,            0.026023,            0.011263,           0.0008131,                   0,                   0,           0.0002817,           0.0002817,           0.0002817
                 213,            0.043742,             0.02678,          0.00098369,                   0,             0.59062,             0.93478,             0.67922,             0.77295,             0.42989,            0.025877,            0.011269,           0.0008117,                   0,                   0,          0.00027793,          0.00027793,          0.00027793
                 214,            0.035219,            0.018036,           0.0004135,                   0,              0.5848,             0.94294,             0.68125,             0.77412,             0.42551,            0.025842,            0.011235,          0.00080793,                   0,                   0,          0.00027419,          0.00027419,          0.00027419
                 215,            0.046898,            0.025302,           0.0033529,                   0,             0.58803,             0.94156,             0.68094,             0.77531,             0.43216,            0.025946,            0.011279,          0.00080461,                   0,                   0,          0.00027048,          0.00027048,          0.00027048
                 216,            0.045669,            0.032146,           0.0025297,                   0,             0.61861,             0.95151,             0.68174,             0.77302,             0.43567,            0.025544,            0.011314,          0.00080727,                   0,                   0,          0.00026681,          0.00026681,          0.00026681
                 217,            0.035598,            0.015797,          0.00047533,                   0,             0.58454,             0.94012,             0.68033,             0.77226,             0.43871,            0.025573,            0.011289,          0.00080044,                   0,                   0,          0.00026316,          0.00026316,          0.00026316
                 218,            0.039163,            0.028035,          0.00064621,                   0,             0.60105,             0.94957,             0.68158,             0.77401,             0.43797,            0.025615,            0.011221,          0.00079034,                   0,                   0,          0.00025954,          0.00025954,          0.00025954
                 219,            0.038885,            0.035495,          0.00042038,                   0,             0.58883,             0.95237,             0.68208,             0.77622,             0.45081,            0.025671,            0.011243,          0.00079011,                   0,                   0,          0.00025596,          0.00025596,          0.00025596
                 220,            0.041231,            0.022324,           0.0010979,                   0,             0.59603,             0.95404,             0.68059,             0.77635,             0.44909,            0.025597,            0.011263,          0.00079515,                   0,                   0,          0.00025241,          0.00025241,          0.00025241
                 221,             0.03925,            0.014351,          0.00066778,                   0,             0.58719,             0.93758,             0.68065,              0.7764,             0.43821,            0.025857,            0.011309,          0.00079255,                   0,                   0,          0.00024889,          0.00024889,          0.00024889
                 222,            0.043049,            0.027191,          0.00078865,                   0,             0.60105,             0.93583,             0.68065,             0.77776,             0.43713,            0.025662,            0.011299,          0.00078677,                   0,                   0,          0.00024541,          0.00024541,          0.00024541
                 223,            0.033708,            0.019392,          0.00086452,                   0,             0.59462,             0.94721,              0.6812,             0.77967,             0.44382,            0.025829,             0.01128,          0.00078566,                   0,                   0,          0.00024195,          0.00024195,          0.00024195
                 224,            0.044952,            0.023385,          0.00059842,                   0,             0.59198,             0.93415,             0.68143,             0.78047,              0.4526,            0.025719,            0.011265,          0.00078315,                   0,                   0,          0.00023854,          0.00023854,          0.00023854
                 225,            0.036909,            0.021806,          0.00019336,                   0,             0.58518,              0.9483,             0.67953,             0.77904,               0.459,            0.025566,             0.01129,            0.000786,                   0,                   0,          0.00023515,          0.00023515,          0.00023515
                 226,            0.046322,            0.022723,          0.00045228,                   0,             0.58755,             0.93783,             0.68065,             0.77607,             0.44762,            0.025837,            0.011362,          0.00078572,                   0,                   0,           0.0002318,           0.0002318,           0.0002318
                 227,            0.038387,            0.032444,          0.00046989,                   0,             0.60693,             0.93266,             0.68065,             0.77784,             0.44464,            0.025711,             0.01135,          0.00077898,                   0,                   0,          0.00022849,          0.00022849,          0.00022849
                 228,            0.034946,            0.024909,          0.00037326,                   0,             0.60295,             0.93963,             0.68065,             0.77749,              0.4492,             0.02573,            0.011293,          0.00078113,                   0,                   0,          0.00022521,          0.00022521,          0.00022521
                 229,            0.042809,            0.023894,          0.00072629,                   0,             0.58927,             0.94221,             0.67922,             0.77592,             0.45027,            0.025933,            0.011322,          0.00078177,                   0,                   0,          0.00022196,          0.00022196,          0.00022196
                 230,            0.035835,            0.022826,          0.00037238,                   0,              0.6064,             0.93545,             0.67922,             0.77542,             0.45125,            0.025775,            0.011345,          0.00078068,                   0,                   0,          0.00021876,          0.00021876,          0.00021876
                 231,            0.045607,            0.022316,          0.00025935,                   0,             0.58145,             0.92944,             0.67628,             0.77416,             0.44087,            0.025871,            0.011311,          0.00077896,                   0,                   0,          0.00021558,          0.00021558,          0.00021558
                 232,            0.047234,            0.018482,          0.00048165,                   0,             0.58106,             0.93105,             0.67848,              0.7721,             0.43723,            0.025989,            0.011292,          0.00078467,                   0,                   0,          0.00021245,          0.00021245,          0.00021245
                 233,            0.043206,              0.0533,          0.00071162,                   0,             0.61868,             0.94311,             0.68065,             0.77413,              0.4354,            0.025729,            0.011292,          0.00078574,                   0,                   0,          0.00020935,          0.00020935,          0.00020935
                 234,            0.041036,            0.030854,           0.0005508,                   0,             0.59034,              0.9329,             0.67817,             0.77142,             0.43285,            0.025808,            0.011294,          0.00078647,                   0,                   0,          0.00020629,          0.00020629,          0.00020629
                 235,            0.038298,            0.017306,          0.00029547,                   0,              0.5935,              0.9491,             0.67636,             0.77303,             0.43405,            0.025781,            0.011246,          0.00078521,                   0,                   0,          0.00020327,          0.00020327,          0.00020327
                 236,            0.033414,            0.030254,          0.00061237,                   0,             0.59213,             0.95146,             0.67711,             0.77306,             0.44063,            0.025861,            0.011243,          0.00078797,                   0,                   0,          0.00020028,          0.00020028,          0.00020028
                 237,            0.042104,            0.021659,          0.00090423,                   0,             0.59338,             0.93147,             0.67935,             0.77128,             0.43349,            0.026107,            0.011229,          0.00078773,                   0,                   0,          0.00019734,          0.00019734,          0.00019734
                 238,            0.036539,             0.02508,          0.00049759,                   0,             0.59451,             0.93901,             0.68227,             0.77528,             0.42939,             0.02596,            0.011206,           0.0007813,                   0,                   0,          0.00019443,          0.00019443,          0.00019443
                 239,            0.037697,           0.0098309,          0.00089177,                   0,             0.58504,             0.94545,             0.68027,             0.77589,             0.43949,            0.025833,              0.0112,          0.00077695,                   0,                   0,          0.00019156,          0.00019156,          0.00019156
                 240,            0.038723,            0.022439,           0.0014518,                   0,             0.58925,             0.94256,             0.68208,             0.77578,             0.43898,            0.025876,            0.011235,          0.00077542,                   0,                   0,          0.00018873,          0.00018873,          0.00018873
                 241,            0.044065,            0.017347,           0.0015532,                   0,             0.59505,             0.94398,             0.68107,             0.77159,             0.42619,            0.025904,            0.011247,          0.00077749,                   0,                   0,          0.00018594,          0.00018594,          0.00018594
                 242,            0.032754,            0.016216,          0.00090639,                   0,             0.59068,             0.93352,             0.68275,             0.77253,             0.43398,            0.025945,            0.011211,          0.00077597,                   0,                   0,          0.00018319,          0.00018319,          0.00018319
                 243,            0.054766,            0.026126,           0.0006317,                   0,             0.59065,             0.94588,             0.68074,             0.77558,             0.46466,            0.025671,            0.011153,          0.00077215,                   0,                   0,          0.00018048,          0.00018048,          0.00018048
                 244,            0.039683,             0.02492,          0.00053702,                   0,             0.60144,             0.94555,             0.68065,             0.77628,              0.4698,            0.025626,            0.011196,           0.0007722,                   0,                   0,          0.00017781,          0.00017781,          0.00017781
                 245,            0.032134,            0.025989,          0.00053926,                   0,             0.60344,               0.929,             0.68089,             0.77687,             0.46484,            0.025768,            0.011191,          0.00076884,                   0,                   0,          0.00017519,          0.00017519,          0.00017519
                 246,            0.033657,            0.016885,          0.00075053,                   0,             0.57973,             0.95327,             0.67505,             0.77819,             0.44199,            0.025787,             0.01121,          0.00076629,                   0,                   0,           0.0001726,           0.0001726,           0.0001726
                 247,            0.048498,            0.022411,          0.00052892,                   0,              0.5869,             0.92768,             0.67891,             0.77591,             0.44212,             0.02579,            0.011212,          0.00076983,                   0,                   0,          0.00017005,          0.00017005,          0.00017005
                 248,            0.039253,            0.021083,          0.00045854,                   0,             0.59211,             0.94182,             0.67492,             0.77777,             0.43015,            0.025855,            0.011174,          0.00076534,                   0,                   0,          0.00016755,          0.00016755,          0.00016755
                 249,            0.041335,            0.019034,          0.00092657,                   0,             0.59169,             0.92918,             0.67567,             0.77299,             0.41524,            0.025805,            0.011185,          0.00076615,                   0,                   0,          0.00016509,          0.00016509,          0.00016509
                 250,            0.040281,            0.022701,          0.00024506,                   0,              0.6026,             0.94257,             0.67522,             0.77759,              0.4205,            0.025652,            0.011219,           0.0007655,                   0,                   0,          0.00016267,          0.00016267,          0.00016267
                 251,            0.041481,             0.02699,          0.00064774,                   0,             0.59099,             0.93058,             0.67797,             0.77306,             0.41539,            0.025813,            0.011216,          0.00076399,                   0,                   0,          0.00016029,          0.00016029,          0.00016029
                 252,            0.049271,            0.018286,          0.00030194,                   0,             0.58344,             0.93017,             0.67685,             0.77191,             0.44191,            0.025859,            0.011203,          0.00076535,                   0,                   0,          0.00015795,          0.00015795,          0.00015795
                 253,            0.049605,            0.025728,           0.0013227,                   0,             0.58303,             0.93519,              0.6813,             0.77479,             0.43419,            0.025821,            0.011202,          0.00076164,                   0,                   0,          0.00015566,          0.00015566,          0.00015566
                 254,            0.038592,            0.022151,           0.0004994,                   0,             0.58785,             0.92569,             0.67906,             0.77306,              0.4182,            0.025913,            0.011207,          0.00076233,                   0,                   0,          0.00015341,          0.00015341,          0.00015341
                 255,            0.039273,            0.020122,          0.00065624,                   0,             0.58253,             0.92451,             0.68007,             0.77505,             0.42849,            0.025934,             0.01119,          0.00075431,                   0,                   0,          0.00015121,          0.00015121,          0.00015121
                 256,            0.043251,            0.015081,          0.00040118,                   0,             0.58338,             0.92322,             0.68494,             0.77387,             0.43883,              0.0258,             0.01118,          0.00075958,                   0,                   0,          0.00014905,          0.00014905,          0.00014905
                 257,            0.031642,            0.016571,          0.00054082,                   0,              0.5811,             0.92715,             0.68351,             0.77295,             0.42577,            0.026147,            0.011196,          0.00075794,                   0,                   0,          0.00014693,          0.00014693,          0.00014693
                 258,            0.037925,            0.023812,          0.00025325,                   0,              0.5937,             0.92562,             0.68351,              0.7726,             0.43467,            0.025958,            0.011175,          0.00075844,                   0,                   0,          0.00014486,          0.00014486,          0.00014486
                 259,            0.036963,            0.015307,          0.00019479,                   0,             0.58484,             0.92039,             0.68636,             0.77659,             0.44174,             0.02567,            0.011152,            0.000755,                   0,                   0,          0.00014283,          0.00014283,          0.00014283
                 260,            0.037557,            0.025564,          0.00042106,                   0,             0.61206,             0.93029,             0.68208,             0.77592,             0.44282,            0.025564,            0.011171,          0.00075542,                   0,                   0,          0.00014084,          0.00014084,          0.00014084
                 261,            0.034692,            0.020648,          0.00028014,                   0,              0.5907,             0.95642,             0.67477,             0.77833,             0.43238,            0.025626,            0.011237,          0.00075683,                   0,                   0,           0.0001389,           0.0001389,           0.0001389
                 262,            0.035233,            0.018699,          0.00058133,                   0,             0.59269,             0.95248,             0.67479,             0.77592,             0.43326,            0.025674,            0.011233,          0.00075435,                   0,                   0,          0.00013701,          0.00013701,          0.00013701
                 263,            0.043811,            0.032078,           0.0013861,                   0,             0.60897,             0.96203,             0.67482,             0.77581,             0.41817,            0.025872,            0.011254,          0.00075673,                   0,                   0,          0.00013516,          0.00013516,          0.00013516
                 264,            0.052833,            0.033024,           0.0057807,                   0,             0.59134,             0.83977,             0.74569,             0.77934,             0.42412,            0.025754,            0.011179,          0.00075034,                   0,                   0,          0.00013336,          0.00013336,          0.00013336
                 265,            0.035123,            0.014925,          0.00016451,                   0,             0.59374,             0.84519,             0.74662,             0.78014,             0.42316,            0.025813,            0.011175,          0.00074817,                   0,                   0,           0.0001316,           0.0001316,           0.0001316
                 266,            0.037587,            0.032328,          0.00085622,                   0,             0.59348,             0.84424,             0.74479,             0.77786,             0.43806,             0.02572,            0.011182,          0.00074863,                   0,                   0,          0.00012989,          0.00012989,          0.00012989
                 267,            0.042244,            0.016191,          0.00042578,                   0,             0.58329,             0.95651,             0.67541,              0.7766,              0.4414,            0.025823,            0.011258,          0.00075262,                   0,                   0,          0.00012822,          0.00012822,          0.00012822
                 268,            0.034263,            0.017017,          0.00035066,                   0,             0.58571,             0.94609,             0.67492,             0.77494,             0.43461,            0.025998,            0.011266,          0.00075605,                   0,                   0,           0.0001266,           0.0001266,           0.0001266
                 269,            0.032595,            0.020642,          0.00031573,                   0,             0.58568,             0.94986,             0.67463,             0.77603,             0.42933,            0.026042,            0.011263,          0.00075402,                   0,                   0,          0.00012503,          0.00012503,          0.00012503
                 270,            0.032994,            0.021549,          0.00041921,                   0,             0.58153,             0.95088,             0.67438,             0.77694,             0.42846,            0.025932,            0.011277,          0.00074855,                   0,                   0,           0.0001235,           0.0001235,           0.0001235
                 271,            0.039353,            0.010515,           0.0010487,                   0,             0.58749,             0.84063,              0.7485,             0.77654,             0.44822,            0.025738,            0.011282,          0.00074455,                   0,                   0,          0.00012202,          0.00012202,          0.00012202
                 272,            0.042349,            0.036967,           0.0014006,                   0,             0.60627,             0.95043,             0.67595,             0.77578,             0.45289,            0.025967,            0.011315,           0.0007481,                   0,                   0,          0.00012059,          0.00012059,          0.00012059
                 273,            0.038215,            0.024081,          0.00054684,                   0,             0.58766,             0.92289,             0.67708,             0.77529,             0.45373,            0.025938,            0.011272,          0.00074111,                   0,                   0,          0.00011921,          0.00011921,          0.00011921
                 274,            0.038015,            0.022547,          0.00029215,                   0,             0.58514,             0.94397,             0.67424,             0.77374,             0.44578,            0.025844,            0.011283,           0.0007504,                   0,                   0,          0.00011787,          0.00011787,          0.00011787
                 275,            0.046421,            0.018335,          0.00039367,                   0,              0.5814,             0.94995,             0.67454,             0.77371,             0.44769,            0.025923,            0.011312,          0.00075642,                   0,                   0,          0.00011658,          0.00011658,          0.00011658
                 276,            0.043129,            0.017728,          0.00065886,                   0,             0.58964,             0.95154,             0.67602,             0.77524,             0.45076,            0.025845,             0.01132,          0.00075457,                   0,                   0,          0.00011533,          0.00011533,          0.00011533
                 277,            0.037461,            0.018687,          0.00042132,                   0,             0.58523,             0.95239,             0.67463,             0.77696,             0.44212,            0.025911,            0.011321,          0.00075023,                   0,                   0,          0.00011414,          0.00011414,          0.00011414
                 278,            0.032164,            0.017118,          0.00082479,                   0,             0.57999,             0.93493,             0.67775,              0.7775,             0.44666,            0.025854,            0.011283,          0.00074701,                   0,                   0,          0.00011299,          0.00011299,          0.00011299
                 279,            0.035465,            0.019516,          0.00025867,                   0,             0.59174,             0.94986,             0.67427,              0.7787,             0.45075,            0.025791,            0.011287,          0.00074711,                   0,                   0,          0.00011189,          0.00011189,          0.00011189
                 280,            0.047101,             0.02998,           0.0015329,                   0,             0.60009,             0.93668,             0.67466,             0.77767,             0.45055,            0.025789,            0.011266,          0.00074248,                   0,                   0,          0.00011084,          0.00011084,          0.00011084
                 281,            0.052493,            0.025311,           0.0091395,                   0,             0.58663,             0.95114,             0.67567,              0.7784,             0.45142,             0.02585,            0.011229,          0.00073909,                   0,                   0,          0.00010983,          0.00010983,          0.00010983
                 282,            0.034618,            0.013732,          0.00068514,                   0,              0.5764,             0.93325,             0.67464,             0.77907,             0.45315,            0.025824,              0.0112,          0.00073815,                   0,                   0,          0.00010888,          0.00010888,          0.00010888
                 283,            0.042872,            0.022413,          0.00027436,                   0,             0.59503,             0.83184,             0.75187,             0.77898,             0.45151,            0.025897,            0.011231,          0.00073677,                   0,                   0,          0.00010797,          0.00010797,          0.00010797
                 284,            0.049859,            0.031286,          0.00080489,                   0,             0.59071,             0.95208,             0.67625,             0.77636,             0.44656,            0.025761,            0.011248,          0.00073561,                   0,                   0,          0.00010711,          0.00010711,          0.00010711
                 285,            0.051942,            0.039426,          0.00093768,                   0,             0.59631,             0.94987,              0.6804,             0.77685,             0.44442,            0.025811,            0.011207,          0.00073403,                   0,                   0,           0.0001063,           0.0001063,           0.0001063
                 286,            0.040588,            0.016062,          0.00057912,                   0,               0.589,             0.94271,             0.68591,             0.78039,             0.44634,            0.025663,            0.011148,          0.00073335,                   0,                   0,          0.00010554,          0.00010554,          0.00010554
                 287,            0.034913,            0.027719,          0.00030006,                   0,             0.59756,             0.95629,             0.67435,             0.77964,             0.43977,            0.025724,            0.011189,          0.00073402,                   0,                   0,          0.00010483,          0.00010483,          0.00010483
                 288,            0.036732,            0.020409,          0.00060251,                   0,             0.59382,             0.95284,             0.67462,             0.77761,             0.44455,            0.025667,            0.011195,          0.00073451,                   0,                   0,          0.00010416,          0.00010416,          0.00010416
                 289,             0.02871,            0.022743,           0.0005911,                   0,             0.59455,             0.95444,             0.67454,             0.77873,             0.44061,            0.025712,            0.011189,          0.00073361,                   0,                   0,          0.00010355,          0.00010355,          0.00010355
                 290,            0.051087,            0.015315,           0.0040259,                   0,             0.57823,             0.96325,             0.67509,             0.77399,             0.44241,            0.025606,            0.011189,          0.00073154,                   0,                   0,          0.00010298,          0.00010298,          0.00010298
                 291,            0.035861,            0.018609,          0.00038237,                   0,             0.58738,             0.96735,             0.67709,             0.77643,             0.43516,            0.025662,            0.011185,          0.00073113,                   0,                   0,          0.00010247,          0.00010247,          0.00010247
                 292,            0.033561,            0.021688,          0.00031217,                   0,             0.58525,             0.95243,             0.67887,             0.77689,             0.43239,            0.025751,            0.011185,           0.0007337,                   0,                   0,            0.000102,            0.000102,            0.000102
                 293,            0.050492,            0.020431,          0.00069225,                   0,             0.58521,             0.95668,             0.67671,             0.77695,             0.43949,            0.025728,            0.011178,          0.00072942,                   0,                   0,          0.00010158,          0.00010158,          0.00010158
                 294,            0.036753,            0.033876,          0.00073179,                   0,             0.60031,              0.9649,             0.67759,              0.7795,             0.45369,            0.025614,            0.011193,          0.00073175,                   0,                   0,          0.00010121,          0.00010121,          0.00010121
                 295,             0.04064,            0.026411,          0.00034254,                   0,             0.59015,             0.94559,             0.67863,             0.77993,             0.46562,            0.025618,             0.01118,          0.00072978,                   0,                   0,          0.00010089,          0.00010089,          0.00010089
                 296,            0.044188,            0.028811,          0.00050865,                   0,             0.58399,             0.94617,             0.67835,             0.77866,             0.46176,            0.025573,            0.011181,          0.00073181,                   0,                   0,          0.00010062,          0.00010062,          0.00010062
                 297,            0.033009,            0.013486,          0.00072433,                   0,             0.58199,             0.95608,             0.67741,             0.77864,             0.44931,             0.02562,            0.011191,          0.00073458,                   0,                   0,          0.00010039,          0.00010039,          0.00010039
                 298,            0.036861,            0.021915,          0.00028325,                   0,             0.59701,             0.95729,             0.67778,              0.7797,             0.44635,            0.025585,            0.011157,          0.00073007,                   0,                   0,          0.00010022,          0.00010022,          0.00010022
                 299,            0.042275,            0.031412,          0.00046587,                   0,              0.5942,             0.95099,             0.67553,              0.7768,              0.4461,            0.025659,            0.011178,          0.00072653,                   0,                   0,           0.0001001,           0.0001001,           0.0001001
