               epoch,      train/box_loss,      train/obj_loss,      train/cls_loss,     train/lmmd_loss,       train/fg_loss,   metrics/precision,      metrics/recall,     metrics/mAP_0.5,metrics/mAP_0.5:0.95,        val/box_loss,        val/obj_loss,        val/cls_loss,       val/lmmd_loss,         val/fg_loss,               x/lr0,               x/lr1,               x/lr2
                   0,             0.11166,             0.02648,            0.017017,                   0,             0.64928,          0.00030906,            0.051887,          0.00018257,          2.5945e-05,              0.1193,            0.018086,            0.015298,                   0,                   0,            0.097723,             2.3e-05,             2.3e-05
                   1,             0.11185,            0.022357,            0.013975,                   0,             0.68181,           0.0002637,            0.051887,          0.00016032,          3.2119e-05,             0.11588,            0.016707,            0.014545,                   0,                   0,            0.095347,          4.6999e-05,          4.6999e-05
                   2,             0.11108,            0.027811,            0.015676,                   0,             0.70152,          0.00044605,             0.09434,          0.00034089,          6.0114e-05,             0.11294,            0.016075,            0.014088,                   0,                   0,            0.092971,          7.0993e-05,          7.0993e-05
                   3,            0.097081,            0.055111,            0.012275,                   0,              0.6244,          0.00065277,             0.11523,           0.0006695,          0.00013698,             0.11071,            0.015673,            0.013661,                   0,                   0,            0.090595,          9.4979e-05,          9.4979e-05
                   4,            0.085446,            0.017121,           0.0094658,                   0,             0.59933,           0.0008723,              0.1624,           0.0018757,          0.00037587,             0.10763,            0.015697,            0.013265,                   0,                   0,            0.088219,          0.00011895,          0.00011895
                   5,             0.10634,            0.050282,            0.014907,                   0,             0.66459,          0.00090075,             0.16712,           0.0034196,          0.00075811,             0.10627,            0.015692,            0.013037,                   0,                   0,            0.085843,          0.00014291,          0.00014291
                   6,            0.070069,           0.0093142,           0.0062235,                   0,             0.65243,          0.00081913,             0.18868,            0.013326,           0.0038655,             0.10266,            0.016012,            0.012701,                   0,                   0,            0.083467,          0.00016685,          0.00016685
                   7,             0.08767,            0.036544,            0.010101,                   0,             0.68999,           0.0010863,             0.20485,            0.043311,            0.009087,             0.10001,            0.016173,            0.012408,                   0,                   0,            0.081091,          0.00019077,          0.00019077
                   8,            0.092905,           0.0095587,            0.010155,                   0,             0.60758,          0.00090489,             0.21226,              0.1087,            0.026223,            0.097575,            0.016237,            0.012171,                   0,                   0,            0.078715,          0.00021466,          0.00021466
                   9,            0.079682,            0.035423,           0.0092541,                   0,             0.65358,           0.0012176,             0.22844,             0.15439,            0.041175,            0.096101,            0.016292,            0.012044,                   0,                   0,            0.076339,          0.00023852,          0.00023852
                  10,            0.066798,            0.036568,           0.0082114,                   0,             0.62869,           0.0010134,             0.24057,             0.17076,             0.05264,            0.093362,            0.016408,            0.011894,                   0,                   0,            0.073962,          0.00026235,          0.00026235
                  11,            0.066139,            0.030318,           0.0079452,                   0,             0.65412,           0.0010487,                0.25,             0.17857,            0.049954,            0.092999,            0.016479,             0.01177,                   0,                   0,            0.071586,          0.00028614,          0.00028614
                  12,             0.10113,            0.032468,            0.012309,                   0,             0.63739,           0.0010666,             0.25472,             0.14329,            0.046619,            0.092434,            0.016583,            0.011637,                   0,                   0,             0.06921,           0.0003099,           0.0003099
                  13,              0.1144,            0.013391,            0.017632,                   0,             0.62474,           0.0075506,             0.22642,              0.1855,            0.078605,            0.088422,            0.016893,            0.011402,                   0,                   0,            0.066834,          0.00033361,          0.00033361
                  14,            0.076109,             0.01479,           0.0074751,                   0,             0.58704,             0.59574,             0.20283,             0.19611,            0.086622,            0.086847,             0.01699,            0.011323,                   0,                   0,            0.064457,          0.00035727,          0.00035727
                  15,            0.093912,            0.014153,           0.0083548,                   0,              0.6647,             0.71008,             0.20283,             0.19839,            0.091442,             0.08483,            0.017133,            0.011276,                   0,                   0,            0.062081,          0.00038088,          0.00038088
                  16,            0.081368,            0.019219,            0.011425,                   0,             0.65124,             0.88503,             0.19811,             0.19694,            0.077751,             0.08579,            0.017111,            0.011259,                   0,                   0,            0.059704,          0.00040444,          0.00040444
                  17,            0.080241,            0.031021,           0.0099703,                   0,             0.67083,             0.94317,             0.18393,             0.19892,            0.091044,            0.084231,            0.017216,            0.011234,                   0,                   0,            0.057328,          0.00042793,          0.00042793
                  18,            0.070624,            0.051252,            0.009134,                   0,              0.6657,             0.91701,             0.17453,              0.2016,            0.079157,            0.084387,            0.017243,            0.011216,                   0,                   0,            0.054951,          0.00045137,          0.00045137
                  19,            0.070066,             0.01721,           0.0052604,                   0,             0.58976,             0.94624,             0.15664,             0.21373,            0.090663,            0.083491,            0.017257,            0.011172,                   0,                   0,            0.052575,          0.00047475,          0.00047475
                  20,            0.058376,             0.02877,           0.0068099,                   0,             0.63443,             0.99471,             0.14151,             0.22912,             0.11639,            0.080424,            0.017341,            0.011116,                   0,                   0,            0.050198,          0.00049805,          0.00049805
                  21,            0.076242,            0.033256,           0.0077655,                   0,              0.6746,             0.98589,             0.16249,             0.23416,            0.089741,            0.080928,            0.017127,            0.011041,                   0,                   0,            0.047821,          0.00052129,          0.00052129
                  22,            0.073351,            0.015164,           0.0042781,                   0,             0.65398,             0.88696,             0.18396,             0.20244,            0.084109,            0.080041,            0.016948,            0.010941,                   0,                   0,            0.045444,          0.00054445,          0.00054445
                  23,            0.078058,            0.057472,           0.0077369,                   0,             0.67788,             0.73336,             0.16509,             0.16869,            0.069438,             0.07915,            0.016701,            0.010836,                   0,                   0,            0.043068,          0.00056753,          0.00056753
                  24,            0.061846,            0.012507,           0.0044159,                   0,             0.63039,             0.72697,             0.17453,             0.14608,            0.067331,            0.077525,            0.016547,            0.010718,                   0,                   0,            0.040691,          0.00059053,          0.00059053
                  25,            0.058692,            0.011955,           0.0099123,                   0,             0.64468,             0.72862,             0.13679,             0.14381,            0.072779,            0.077981,            0.016443,            0.010749,                   0,                   0,            0.038313,          0.00061345,          0.00061345
                  26,            0.067387,            0.024026,            0.006555,                   0,             0.65418,             0.76323,             0.14623,             0.15192,            0.059394,            0.075449,            0.016289,            0.010672,                   0,                   0,            0.035936,          0.00063627,          0.00063627
                  27,             0.06435,            0.016654,           0.0063702,                   0,             0.63755,             0.78175,             0.15094,             0.16838,            0.073438,            0.073365,            0.016122,            0.010584,                   0,                   0,            0.033559,          0.00065901,          0.00065901
                  28,            0.070264,             0.01789,           0.0056295,                   0,             0.63263,             0.84902,             0.15094,              0.1827,            0.088567,            0.071868,            0.016021,            0.010536,                   0,                   0,            0.031182,          0.00068165,          0.00068165
                  29,            0.063017,            0.020126,            0.004913,                   0,             0.65297,             0.85453,             0.16509,             0.20282,             0.10417,            0.071311,            0.015748,            0.010477,                   0,                   0,            0.028804,          0.00070419,          0.00070419
                  30,            0.064861,            0.025556,           0.0078989,                   0,             0.65383,             0.88608,             0.16509,             0.20031,            0.091204,            0.072682,            0.015829,            0.010488,                   0,                   0,            0.026427,          0.00072664,          0.00072664
                  31,             0.09391,            0.055715,            0.013827,                   0,             0.70004,             0.83083,             0.20283,             0.21361,             0.10372,            0.071002,            0.015842,            0.010521,                   0,                   0,            0.024049,          0.00074897,          0.00074897
                  32,            0.079211,            0.030874,           0.0086156,                   0,             0.66909,             0.82219,             0.20515,             0.22049,             0.11088,            0.071463,            0.015803,            0.010478,                   0,                   0,            0.021671,           0.0007712,           0.0007712
                  33,            0.077655,            0.014357,            0.015613,                   0,              0.7146,             0.83847,             0.20283,             0.22551,             0.10686,            0.069631,            0.015836,            0.010566,                   0,                   0,            0.019293,          0.00079332,          0.00079332
                  34,            0.067446,            0.021563,           0.0071375,                   0,             0.61316,             0.83667,              0.2042,             0.22925,             0.12145,            0.070432,            0.015892,            0.010649,                   0,                   0,            0.016915,          0.00081532,          0.00081532
                  35,            0.070215,            0.029537,           0.0081524,                   0,             0.69068,             0.84431,             0.20755,             0.23213,             0.12483,            0.067855,             0.01613,            0.010705,                   0,                   0,            0.014537,          0.00083721,          0.00083721
                  36,            0.056271,            0.018466,           0.0069701,                   0,             0.61851,             0.86182,             0.20999,             0.23342,             0.12927,            0.065771,            0.016356,            0.010654,                   0,                   0,            0.012159,          0.00085897,          0.00085897
                  37,            0.050857,            0.020281,           0.0039336,                   0,             0.63824,             0.87479,              0.2217,             0.24203,             0.14111,             0.06464,            0.016298,            0.010595,                   0,                   0,           0.0097806,          0.00088061,          0.00088061
                  38,            0.059394,            0.023673,           0.0043404,                   0,             0.63106,             0.84218,             0.22642,             0.24227,             0.13761,            0.064053,            0.016344,            0.010634,                   0,                   0,           0.0074021,          0.00090212,          0.00090212
                  39,            0.071093,            0.048186,           0.0068697,                   0,             0.67557,             0.88018,             0.22642,             0.24789,             0.14733,            0.063131,             0.01624,            0.010703,                   0,                   0,           0.0050235,          0.00092351,          0.00092351
                  40,            0.058735,            0.011644,           0.0029848,                   0,             0.64586,             0.83189,             0.22844,              0.2525,             0.15112,            0.062903,            0.016245,            0.010704,                   0,                   0,           0.0026448,          0.00094476,          0.00094476
                  41,            0.042815,            0.023795,           0.0037307,                   0,             0.61944,             0.88721,              0.2217,             0.26108,             0.15285,             0.06185,            0.016433,            0.010665,                   0,                   0,          0.00095916,          0.00095916,          0.00095916
                  42,            0.061653,            0.026362,           0.0061075,                   0,             0.67784,             0.74422,             0.23316,             0.26921,             0.14851,            0.060911,            0.016332,            0.010564,                   0,                   0,          0.00095916,          0.00095916,          0.00095916
                  43,            0.089457,            0.012699,            0.015115,                   0,              0.6736,             0.67873,             0.22872,             0.27103,             0.15944,            0.061112,            0.016041,             0.01062,                   0,                   0,          0.00095717,          0.00095717,          0.00095717
                  44,            0.044581,            0.021286,           0.0065781,                   0,             0.62182,             0.68221,             0.25489,             0.28126,             0.16459,            0.057987,            0.016191,            0.010685,                   0,                   0,          0.00095514,          0.00095514,          0.00095514
                  45,            0.054845,            0.018123,           0.0046372,                   0,             0.64741,             0.75819,             0.23995,             0.28333,              0.1712,            0.057792,            0.015972,            0.010667,                   0,                   0,          0.00095307,          0.00095307,          0.00095307
                  46,            0.050379,            0.014369,           0.0042211,                   0,             0.58376,             0.65016,             0.26344,             0.28815,             0.16926,            0.055302,            0.015686,            0.010479,                   0,                   0,          0.00095095,          0.00095095,          0.00095095
                  47,            0.049001,             0.02056,           0.0067293,                   0,             0.62877,             0.80915,             0.24253,             0.29324,              0.1474,            0.054938,            0.015418,            0.010242,                   0,                   0,          0.00094879,          0.00094879,          0.00094879
                  48,            0.054252,            0.015636,           0.0043248,                   0,             0.65812,             0.62208,             0.28304,             0.30248,             0.18541,            0.054001,            0.015101,             0.01014,                   0,                   0,          0.00094659,          0.00094659,          0.00094659
                  49,            0.059838,            0.028841,           0.0072511,                   0,             0.64724,             0.57442,             0.27832,             0.30059,             0.15099,            0.053489,            0.014973,           0.0099195,                   0,                   0,          0.00094434,          0.00094434,          0.00094434
                  50,            0.060921,            0.020103,           0.0058707,                   0,             0.66445,             0.58846,              0.2736,             0.30854,             0.18014,            0.053467,            0.014934,           0.0096511,                   0,                   0,          0.00094205,          0.00094205,          0.00094205
                  51,            0.067481,            0.023289,           0.0065377,                   0,             0.68844,             0.53014,             0.29134,             0.31209,             0.18631,             0.05285,            0.014986,           0.0093872,                   0,                   0,          0.00093971,          0.00093971,          0.00093971
                  52,            0.053816,            0.016042,           0.0053155,                   0,             0.66009,             0.75636,             0.26889,             0.31203,              0.1606,            0.053261,            0.014762,           0.0091795,                   0,                   0,          0.00093733,          0.00093733,          0.00093733
                  53,            0.040083,            0.015624,           0.0099862,                   0,             0.63993,             0.77252,               0.279,             0.32351,             0.19331,            0.051311,            0.014662,           0.0089848,                   0,                   0,          0.00093491,          0.00093491,          0.00093491
                  54,            0.037769,            0.019492,           0.0030819,                   0,             0.61261,             0.68438,             0.28237,             0.33081,              0.1924,            0.051686,            0.014512,           0.0087885,                   0,                   0,          0.00093245,          0.00093245,          0.00093245
                  55,            0.035636,            0.024239,           0.0038144,                   0,             0.62203,             0.63413,             0.29316,             0.33527,             0.19936,            0.052489,            0.014433,           0.0087418,                   0,                   0,          0.00092995,          0.00092995,          0.00092995
                  56,            0.040979,             0.01634,           0.0028648,                   0,             0.63889,             0.62904,             0.29316,             0.33926,             0.18325,            0.051016,            0.014243,           0.0086048,                   0,                   0,           0.0009274,           0.0009274,           0.0009274
                  57,            0.058434,            0.019251,            0.005612,                   0,             0.59842,             0.55563,             0.34377,             0.34762,             0.19688,            0.050224,            0.013958,           0.0084161,                   0,                   0,          0.00092481,          0.00092481,          0.00092481
                  58,            0.044916,              0.0233,           0.0045132,                   0,             0.61595,             0.57453,             0.33999,             0.35217,             0.20689,            0.049831,            0.013663,           0.0082524,                   0,                   0,          0.00092219,          0.00092219,          0.00092219
                  59,            0.045286,            0.013767,           0.0058468,                   0,             0.63851,             0.59922,             0.34646,             0.35658,             0.21218,            0.048717,            0.013599,           0.0080215,                   0,                   0,          0.00091952,          0.00091952,          0.00091952
                  60,            0.045838,            0.036616,           0.0045559,                   0,             0.65228,             0.60947,             0.34646,             0.36129,             0.21508,            0.048635,            0.013522,           0.0078325,                   0,                   0,          0.00091681,          0.00091681,          0.00091681
                  61,            0.044181,           0.0090897,           0.0034337,                   0,             0.66293,             0.65923,             0.34687,             0.36385,             0.21859,              0.0487,            0.013343,            0.007458,                   0,                   0,          0.00091406,          0.00091406,          0.00091406
                  62,             0.04404,            0.037457,           0.0047877,                   0,             0.66122,             0.68554,             0.34642,             0.36937,               0.225,            0.048886,            0.013249,           0.0071801,                   0,                   0,          0.00091127,          0.00091127,          0.00091127
                  63,            0.039679,            0.015042,           0.0022409,                   0,             0.61056,              0.7379,             0.34444,             0.37483,             0.21907,            0.048635,            0.013021,           0.0069105,                   0,                   0,          0.00090844,          0.00090844,          0.00090844
                  64,            0.037385,            0.011846,           0.0045089,                   0,             0.65114,             0.73319,             0.34228,             0.37793,             0.22965,            0.050323,             0.01298,           0.0067241,                   0,                   0,          0.00090557,          0.00090557,          0.00090557
                  65,            0.048746,            0.011169,           0.0038907,                   0,             0.62516,             0.78154,             0.34503,             0.39031,             0.23806,            0.049082,            0.012861,           0.0065765,                   0,                   0,          0.00090266,          0.00090266,          0.00090266
                  66,            0.025928,            0.008496,           0.0019729,                   0,              0.6113,             0.72899,             0.35253,             0.38835,             0.22351,            0.048489,            0.012809,           0.0062477,                   0,                   0,          0.00089972,          0.00089972,          0.00089972
                  67,            0.040027,           0.0095542,           0.0025323,                   0,             0.60999,             0.72125,             0.35999,             0.39289,             0.23406,            0.048962,            0.012804,            0.006122,                   0,                   0,          0.00089673,          0.00089673,          0.00089673
                  68,             0.04188,           0.0086165,           0.0054166,                   0,             0.63578,             0.74699,              0.3667,             0.40107,             0.23639,             0.04817,            0.012775,           0.0059372,                   0,                   0,          0.00089371,          0.00089371,          0.00089371
                  69,            0.051996,            0.012198,            0.003452,                   0,             0.62629,             0.73936,             0.36968,             0.39663,              0.2254,             0.04684,            0.012845,           0.0058319,                   0,                   0,          0.00089065,          0.00089065,          0.00089065
                  70,            0.051923,            0.025794,            0.003295,                   0,             0.66837,              0.7524,             0.36662,             0.39722,             0.21946,            0.048038,            0.012831,           0.0057008,                   0,                   0,          0.00088755,          0.00088755,          0.00088755
                  71,            0.048646,            0.016313,            0.011806,                   0,             0.68409,             0.74348,             0.36199,             0.39863,             0.23821,            0.045596,             0.01288,           0.0056105,                   0,                   0,          0.00088442,          0.00088442,          0.00088442
                  72,            0.048048,            0.029526,           0.0048198,                   0,             0.68077,             0.76283,             0.35794,              0.3977,             0.23279,            0.046933,            0.012748,           0.0054511,                   0,                   0,          0.00088124,          0.00088124,          0.00088124
                  73,             0.05158,            0.014888,           0.0036037,                   0,             0.64733,             0.78555,              0.3586,              0.4027,             0.23684,             0.04545,            0.012546,           0.0053263,                   0,                   0,          0.00087804,          0.00087804,          0.00087804
                  74,            0.049649,            0.021713,           0.0033148,                   0,             0.64508,             0.74855,             0.37413,             0.40343,             0.24144,            0.046646,            0.012463,           0.0051398,                   0,                   0,          0.00087479,          0.00087479,          0.00087479
                  75,            0.058877,            0.011404,           0.0065226,                   0,             0.62057,             0.76674,             0.37704,             0.40374,             0.24003,            0.045948,            0.012371,           0.0050227,                   0,                   0,          0.00087151,          0.00087151,          0.00087151
                  76,            0.036809,            0.013088,            0.009032,                   0,             0.63712,             0.78768,             0.37806,             0.40923,             0.24401,            0.045699,            0.012367,           0.0049294,                   0,                   0,           0.0008682,           0.0008682,           0.0008682
                  77,             0.05057,           0.0093108,            0.005114,                   0,             0.60592,             0.86422,             0.37413,             0.41601,             0.24599,            0.044768,            0.012284,            0.004868,                   0,                   0,          0.00086485,          0.00086485,          0.00086485
                  78,            0.080748,            0.023873,           0.0067662,                   0,             0.69607,             0.87039,             0.37169,             0.41594,             0.24711,            0.044998,            0.012329,           0.0047695,                   0,                   0,          0.00086146,          0.00086146,          0.00086146
                  79,             0.04938,            0.029004,           0.0047524,                   0,             0.67949,             0.86047,             0.37818,             0.42064,             0.24469,            0.045092,            0.012387,           0.0045835,                   0,                   0,          0.00085805,          0.00085805,          0.00085805
                  80,            0.043872,             0.01645,           0.0060384,                   0,              0.6372,             0.81636,             0.37489,              0.4143,             0.23681,            0.045216,            0.012419,           0.0045634,                   0,                   0,          0.00085459,          0.00085459,          0.00085459
                  81,            0.045489,            0.013332,           0.0018641,                   0,             0.62624,             0.76279,             0.39282,             0.41324,             0.24651,            0.043827,            0.012336,           0.0043438,                   0,                   0,          0.00085111,          0.00085111,          0.00085111
                  82,            0.049731,            0.012078,           0.0032985,                   0,             0.60568,             0.82982,             0.38527,             0.42093,             0.25155,            0.043941,            0.012256,           0.0041511,                   0,                   0,          0.00084759,          0.00084759,          0.00084759
                  83,            0.044054,            0.013774,            0.002611,                   0,             0.62331,             0.72205,             0.40912,             0.42222,             0.24939,            0.045246,            0.012235,           0.0040063,                   0,                   0,          0.00084404,          0.00084404,          0.00084404
                  84,            0.048378,            0.027613,           0.0040445,                   0,             0.68444,             0.77928,             0.40587,             0.43641,              0.2572,            0.043173,            0.012162,           0.0039306,                   0,                   0,          0.00084046,          0.00084046,          0.00084046
                  85,            0.049366,            0.015997,           0.0021084,                   0,             0.58715,             0.78964,             0.40786,              0.4407,             0.25824,            0.043142,            0.012181,           0.0039005,                   0,                   0,          0.00083684,          0.00083684,          0.00083684
                  86,            0.047051,            0.018075,           0.0092576,                   0,             0.64442,             0.74179,             0.42217,             0.44644,             0.25808,             0.04263,              0.0122,             0.00383,                   0,                   0,          0.00083319,          0.00083319,          0.00083319
                  87,            0.057112,            0.018016,           0.0031016,                   0,             0.66276,             0.77603,             0.41393,             0.43747,             0.26016,            0.042232,            0.012135,            0.003747,                   0,                   0,          0.00082952,          0.00082952,          0.00082952
                  88,            0.077047,           0.0078855,           0.0072153,                   0,             0.63909,             0.77246,             0.42417,             0.43732,             0.26305,             0.04323,            0.012037,           0.0036789,                   0,                   0,          0.00082581,          0.00082581,          0.00082581
                  89,            0.039807,            0.028816,           0.0048922,                   0,             0.63884,             0.75149,              0.4281,             0.44346,             0.26261,             0.04244,            0.011961,           0.0035891,                   0,                   0,          0.00082207,          0.00082207,          0.00082207
                  90,            0.042402,            0.010998,           0.0054139,                   0,             0.65222,             0.76268,             0.42203,             0.44642,             0.26815,            0.041486,            0.011909,           0.0035395,                   0,                   0,           0.0008183,           0.0008183,           0.0008183
                  91,            0.038074,            0.013735,           0.0016385,                   0,             0.60991,             0.76548,             0.42206,             0.45265,             0.27089,            0.042009,            0.011861,           0.0034894,                   0,                   0,           0.0008145,           0.0008145,           0.0008145
                  92,            0.041175,            0.022793,           0.0030175,                   0,             0.68942,             0.75907,             0.42136,             0.44934,             0.27485,            0.042538,              0.0118,           0.0034125,                   0,                   0,          0.00081068,          0.00081068,          0.00081068
                  93,            0.040265,            0.017972,           0.0024528,                   0,             0.62273,              0.7527,              0.4281,             0.44844,             0.26236,            0.041847,            0.011822,           0.0034048,                   0,                   0,          0.00080682,          0.00080682,          0.00080682
                  94,            0.032697,           0.0064654,           0.0029859,                   0,             0.60458,             0.74093,             0.43319,             0.45546,             0.26785,            0.041964,             0.01184,           0.0033374,                   0,                   0,          0.00080294,          0.00080294,          0.00080294
                  95,            0.047329,            0.016909,           0.0059938,                   0,             0.66607,             0.74403,              0.4339,             0.44714,             0.26269,            0.041532,            0.011895,           0.0033389,                   0,                   0,          0.00079903,          0.00079903,          0.00079903
                  96,             0.04889,           0.0064542,           0.0045899,                   0,             0.64878,             0.82711,             0.40567,             0.44665,             0.26159,            0.043191,            0.011926,           0.0033682,                   0,                   0,          0.00079509,          0.00079509,          0.00079509
                  97,            0.040331,            0.017898,           0.0017789,                   0,             0.59574,             0.79676,             0.41595,             0.43999,             0.26002,             0.04217,            0.011966,           0.0033926,                   0,                   0,          0.00079112,          0.00079112,          0.00079112
                  98,            0.036929,            0.010997,           0.0017577,                   0,             0.62736,             0.84919,             0.41255,             0.45186,             0.26692,            0.042098,            0.012038,           0.0033578,                   0,                   0,          0.00078713,          0.00078713,          0.00078713
                  99,            0.038493,           0.0079528,           0.0067369,                   0,             0.63668,             0.88606,             0.40427,             0.45157,             0.27223,            0.041836,            0.011972,            0.003291,                   0,                   0,          0.00078311,          0.00078311,          0.00078311
                 100,            0.021409,           0.0027127,          0.00046757,                   0,             0.62529,             0.89468,             0.41003,             0.45982,             0.27944,            0.041592,            0.011949,           0.0032418,                   0,                   0,          0.00077907,          0.00077907,          0.00077907
                 101,            0.038052,            0.013963,           0.0022861,                   0,             0.60043,             0.89734,             0.41125,             0.46057,             0.27741,             0.04125,            0.011876,           0.0031573,                   0,                   0,            0.000775,            0.000775,            0.000775
                 102,            0.047526,            0.011895,           0.0014091,                   0,             0.64856,             0.88884,             0.41337,             0.45816,             0.27219,            0.042461,            0.011869,           0.0031032,                   0,                   0,          0.00077091,          0.00077091,          0.00077091
                 103,            0.067994,            0.025027,           0.0068848,                   0,             0.66071,             0.88986,             0.41376,             0.46314,             0.27546,            0.040843,             0.01186,           0.0030882,                   0,                   0,          0.00076679,          0.00076679,          0.00076679
                 104,            0.047859,            0.018341,           0.0069648,                   0,             0.68801,             0.83874,             0.41014,             0.45498,             0.27325,            0.041684,            0.012027,           0.0030364,                   0,                   0,          0.00076265,          0.00076265,          0.00076265
                 105,            0.066516,           0.0092633,           0.0055499,                   0,             0.63609,             0.85473,              0.4104,             0.45532,             0.27065,            0.041524,            0.012103,            0.003032,                   0,                   0,          0.00075848,          0.00075848,          0.00075848
                 106,            0.044803,            0.020067,           0.0017583,                   0,             0.60996,              0.8754,             0.41242,             0.45497,             0.27221,            0.040926,            0.012089,           0.0030059,                   0,                   0,           0.0007543,           0.0007543,           0.0007543
                 107,            0.041232,            0.019437,           0.0018436,                   0,             0.62427,             0.86565,             0.40699,             0.45217,              0.2722,            0.041033,            0.012141,            0.003012,                   0,                   0,          0.00075009,          0.00075009,          0.00075009
                 108,            0.045708,            0.011825,           0.0015257,                   0,             0.60688,             0.87342,             0.40452,             0.45551,             0.26567,            0.041656,            0.012083,           0.0030091,                   0,                   0,          0.00074585,          0.00074585,          0.00074585
                 109,            0.034641,            0.015925,           0.0030484,                   0,             0.64549,             0.84713,             0.41402,             0.45687,             0.26811,            0.041254,            0.012052,           0.0029685,                   0,                   0,           0.0007416,           0.0007416,           0.0007416
                 110,            0.039352,            0.011932,           0.0023763,                   0,             0.62845,             0.86711,             0.40782,             0.45408,             0.26671,            0.041257,            0.012085,            0.002926,                   0,                   0,          0.00073733,          0.00073733,          0.00073733
                 111,            0.032423,            0.010558,           0.0021692,                   0,             0.65688,              0.8576,             0.41798,             0.45846,             0.27273,            0.040591,            0.012127,            0.002987,                   0,                   0,          0.00073303,          0.00073303,          0.00073303
                 112,            0.027591,           0.0045601,           0.0014423,                   0,             0.67078,             0.87682,             0.41559,             0.45846,             0.27241,            0.040741,            0.012188,           0.0029901,                   0,                   0,          0.00072872,          0.00072872,          0.00072872
                 113,            0.043433,             0.01373,           0.0035529,                   0,              0.6283,             0.90646,             0.41048,              0.4596,              0.2674,            0.042135,            0.012269,           0.0030123,                   0,                   0,          0.00072438,          0.00072438,          0.00072438
                 114,            0.038053,            0.017289,           0.0052845,                   0,             0.63853,             0.90473,             0.41191,             0.45809,             0.27313,            0.041399,            0.012269,           0.0029546,                   0,                   0,          0.00072003,          0.00072003,          0.00072003
                 115,            0.034633,             0.01343,           0.0035981,                   0,             0.62262,              0.8901,             0.41118,              0.4592,             0.27375,            0.041513,            0.012229,           0.0029288,                   0,                   0,          0.00071566,          0.00071566,          0.00071566
                 116,            0.036339,            0.014725,           0.0024556,                   0,             0.63442,             0.89588,             0.40786,             0.45584,             0.27785,            0.041272,            0.012132,           0.0029064,                   0,                   0,          0.00071127,          0.00071127,          0.00071127
                 117,            0.038429,            0.020924,           0.0020101,                   0,             0.64776,             0.92109,             0.40988,             0.46316,             0.27372,            0.042168,            0.012048,           0.0028936,                   0,                   0,          0.00070686,          0.00070686,          0.00070686
                 118,            0.050561,            0.017555,           0.0032847,                   0,             0.66699,             0.90035,             0.40651,             0.46216,             0.27992,            0.040969,            0.012056,           0.0028876,                   0,                   0,          0.00070243,          0.00070243,          0.00070243
                 119,             0.03864,            0.020666,           0.0041581,                   0,             0.68856,              0.8968,             0.40724,              0.4612,             0.27997,            0.040717,            0.012088,            0.002875,                   0,                   0,          0.00069799,          0.00069799,          0.00069799
                 120,            0.058784,            0.026929,           0.0036015,                   0,              0.6803,             0.89615,             0.40633,             0.46181,             0.27942,            0.041511,            0.012082,           0.0028649,                   0,                   0,          0.00069353,          0.00069353,          0.00069353
                 121,            0.022034,           0.0072614,          0.00082633,                   0,             0.62686,              0.8843,             0.40314,             0.46254,             0.27366,            0.041134,            0.012124,           0.0027934,                   0,                   0,          0.00068906,          0.00068906,          0.00068906
                 122,              0.0347,             0.01085,           0.0018842,                   0,             0.61539,             0.85037,             0.41908,              0.4622,             0.27617,            0.041079,            0.012054,           0.0027913,                   0,                   0,          0.00068457,          0.00068457,          0.00068457
                 123,            0.063223,            0.012687,           0.0051774,                   0,             0.61263,             0.89622,             0.40988,             0.46269,             0.27962,            0.041586,             0.01212,           0.0027501,                   0,                   0,          0.00068006,          0.00068006,          0.00068006
                 124,            0.037854,            0.015486,           0.0014395,                   0,             0.61338,              0.8742,             0.41553,             0.46357,             0.27794,            0.040895,            0.012132,           0.0027141,                   0,                   0,          0.00067555,          0.00067555,          0.00067555
                 125,             0.02807,           0.0070225,           0.0054252,                   0,             0.63068,              0.8668,             0.41245,             0.46305,             0.27502,            0.041082,            0.012129,           0.0027449,                   0,                   0,          0.00067101,          0.00067101,          0.00067101
                 126,            0.050286,            0.010482,           0.0064864,                   0,             0.61542,             0.88716,             0.40719,             0.46341,             0.27141,            0.040613,            0.012093,            0.002817,                   0,                   0,          0.00066647,          0.00066647,          0.00066647
                 127,            0.033211,            0.025522,           0.0019406,                   0,             0.68229,             0.91133,             0.40988,             0.46914,             0.27912,            0.040348,            0.012092,           0.0027439,                   0,                   0,          0.00066191,          0.00066191,          0.00066191
                 128,            0.030537,            0.016864,           0.0017081,                   0,             0.63915,             0.91488,             0.40574,             0.46477,             0.28241,            0.039979,            0.012069,           0.0027273,                   0,                   0,          0.00065734,          0.00065734,          0.00065734
                 129,            0.052199,           0.0077223,           0.0035674,                   0,             0.65143,             0.88184,             0.40112,             0.46495,             0.28489,            0.040395,            0.012006,           0.0026697,                   0,                   0,          0.00065276,          0.00065276,          0.00065276
                 130,            0.060828,            0.033915,           0.0049257,                   0,              0.6094,             0.86014,             0.40719,             0.46652,             0.28536,            0.039936,            0.012009,           0.0026666,                   0,                   0,          0.00064816,          0.00064816,          0.00064816
                 131,            0.033304,            0.010291,           0.0021515,                   0,             0.62103,             0.85336,             0.40687,             0.46295,             0.28389,            0.040487,            0.012143,           0.0026288,                   0,                   0,          0.00064356,          0.00064356,          0.00064356
                 132,             0.03847,           0.0082898,           0.0039917,                   0,             0.62669,             0.88237,             0.40516,             0.46299,              0.2799,             0.04043,            0.012188,           0.0026215,                   0,                   0,          0.00063895,          0.00063895,          0.00063895
                 133,            0.037276,           0.0081121,           0.0018686,                   0,             0.58924,             0.87772,             0.40921,             0.46399,             0.27672,            0.040099,            0.012268,           0.0026385,                   0,                   0,          0.00063432,          0.00063432,          0.00063432
                 134,            0.036493,             0.02127,           0.0016901,                   0,             0.63672,             0.85681,              0.4124,             0.46629,             0.28877,            0.040145,            0.012276,           0.0026358,                   0,                   0,          0.00062969,          0.00062969,          0.00062969
                 135,            0.046309,            0.045821,           0.0029247,                   0,             0.66611,             0.87684,                0.41,             0.46732,             0.28508,            0.039638,            0.012194,           0.0026523,                   0,                   0,          0.00062505,          0.00062505,          0.00062505
                 136,            0.029434,           0.0062013,           0.0027697,                   0,              0.6139,             0.86795,             0.40951,             0.46537,             0.28779,            0.039827,            0.012289,           0.0026781,                   0,                   0,           0.0006204,           0.0006204,           0.0006204
                 137,             0.04806,            0.033344,           0.0035234,                   0,             0.65767,              0.8622,             0.40988,             0.46533,             0.28773,            0.039705,            0.012359,           0.0027057,                   0,                   0,          0.00061574,          0.00061574,          0.00061574
                 138,            0.033146,            0.016717,           0.0016401,                   0,             0.65283,              0.8627,             0.41551,              0.4726,             0.28926,            0.039484,            0.012232,           0.0026404,                   0,                   0,          0.00061107,          0.00061107,          0.00061107
                 139,            0.034056,           0.0081631,           0.0027031,                   0,             0.61548,             0.86996,             0.41476,             0.46879,             0.28586,            0.039875,            0.012308,           0.0026573,                   0,                   0,           0.0006064,           0.0006064,           0.0006064
                 140,            0.047163,            0.013087,            0.001796,                   0,             0.63214,             0.87514,             0.41292,             0.46905,             0.28251,            0.039208,            0.012383,           0.0026028,                   0,                   0,          0.00060172,          0.00060172,          0.00060172
                 141,            0.040133,            0.013736,           0.0033787,                   0,             0.60639,             0.87048,             0.42201,             0.47149,             0.28172,            0.039222,            0.012346,           0.0025657,                   0,                   0,          0.00059704,          0.00059704,          0.00059704
                 142,            0.039297,            0.014369,           0.0020989,                   0,             0.65074,             0.85173,             0.42073,             0.46722,             0.28945,             0.03951,             0.01213,           0.0026171,                   0,                   0,          0.00059235,          0.00059235,          0.00059235
                 143,            0.028637,            0.009372,           0.0013476,                   0,             0.63588,             0.83364,              0.4306,             0.47498,             0.28639,            0.039543,            0.011984,           0.0025701,                   0,                   0,          0.00058766,          0.00058766,          0.00058766
                 144,            0.046082,            0.013403,           0.0056466,                   0,             0.62315,             0.85183,             0.42807,             0.48107,             0.29218,            0.039294,            0.011896,           0.0025699,                   0,                   0,          0.00058296,          0.00058296,          0.00058296
                 145,            0.025571,            0.006885,          0.00064999,                   0,             0.64002,             0.85252,             0.43142,             0.47886,             0.29144,             0.03919,            0.011903,           0.0025023,                   0,                   0,          0.00057826,          0.00057826,          0.00057826
                 146,            0.043182,            0.020703,           0.0024797,                   0,             0.63106,             0.85718,             0.43079,             0.47531,             0.28689,            0.038952,            0.011975,           0.0024598,                   0,                   0,          0.00057355,          0.00057355,          0.00057355
                 147,            0.043547,            0.016697,           0.0017393,                   0,             0.62861,             0.87631,              0.4326,             0.47569,             0.28387,            0.039298,            0.012125,           0.0024456,                   0,                   0,          0.00056884,          0.00056884,          0.00056884
                 148,            0.058898,            0.040699,           0.0034048,                   0,             0.70186,             0.85032,             0.43102,             0.47282,             0.28469,            0.039101,            0.012032,           0.0025079,                   0,                   0,          0.00056413,          0.00056413,          0.00056413
                 149,            0.038584,            0.011222,           0.0026627,                   0,             0.60919,             0.83724,             0.42269,             0.47491,             0.28826,            0.038849,            0.011969,           0.0024764,                   0,                   0,          0.00055942,          0.00055942,          0.00055942
                 150,            0.055152,           0.0074478,           0.0024304,                   0,             0.61392,             0.83747,             0.42269,             0.47376,             0.28595,            0.038807,             0.01201,           0.0024704,                   0,                   0,          0.00055471,          0.00055471,          0.00055471
                 151,            0.061612,            0.012296,           0.0029356,                   0,             0.68182,              0.8635,             0.43244,              0.4774,              0.2888,            0.038827,            0.012105,           0.0024764,                   0,                   0,             0.00055,             0.00055,             0.00055
                 152,             0.03506,            0.019352,           0.0018236,                   0,             0.67322,              0.8866,             0.43348,             0.47922,             0.28424,            0.038973,            0.012216,           0.0024885,                   0,                   0,          0.00054529,          0.00054529,          0.00054529
                 153,             0.03064,            0.011322,           0.0019344,                   0,             0.62848,             0.88409,             0.42475,             0.48107,             0.28572,            0.039248,            0.012188,           0.0025189,                   0,                   0,          0.00054058,          0.00054058,          0.00054058
                 154,             0.05119,            0.027576,           0.0042302,                   0,             0.63924,             0.92652,             0.41144,              0.4791,             0.28548,            0.039207,            0.012157,           0.0025281,                   0,                   0,          0.00053587,          0.00053587,          0.00053587
                 155,            0.039465,            0.012366,           0.0028353,                   0,             0.63517,             0.94534,             0.41566,             0.48095,             0.28803,            0.039125,            0.012125,           0.0025089,                   0,                   0,          0.00053116,          0.00053116,          0.00053116
                 156,            0.051022,            0.025612,           0.0030503,                   0,             0.66353,             0.90846,             0.41559,             0.47969,              0.2835,            0.038848,            0.012188,           0.0024642,                   0,                   0,          0.00052645,          0.00052645,          0.00052645
                 157,            0.049205,            0.012626,           0.0021587,                   0,             0.65056,             0.93241,             0.41027,             0.48353,             0.29165,            0.038694,            0.011989,           0.0024297,                   0,                   0,          0.00052174,          0.00052174,          0.00052174
                 158,            0.022029,           0.0059887,           0.0018566,                   0,             0.61246,             0.91893,             0.40473,             0.47925,             0.28943,            0.038813,            0.012056,            0.002393,                   0,                   0,          0.00051704,          0.00051704,          0.00051704
                 159,            0.036645,            0.012431,           0.0023214,                   0,             0.71003,             0.85621,             0.41453,             0.47867,             0.29275,            0.038491,            0.012071,           0.0023347,                   0,                   0,          0.00051234,          0.00051234,          0.00051234
                 160,            0.042959,            0.018501,           0.0041489,                   0,             0.65267,             0.85311,             0.42366,             0.47964,             0.29527,            0.038623,            0.012039,           0.0023393,                   0,                   0,          0.00050765,          0.00050765,          0.00050765
                 161,            0.037573,            0.014019,           0.0017033,                   0,             0.64217,             0.84984,             0.43146,             0.47897,             0.28867,            0.038898,            0.012037,           0.0023547,                   0,                   0,          0.00050296,          0.00050296,          0.00050296
                 162,            0.031207,            0.010332,           0.0025662,                   0,              0.6344,             0.86102,             0.42741,             0.48171,             0.29209,            0.038465,            0.012075,           0.0023692,                   0,                   0,          0.00049828,          0.00049828,          0.00049828
                 163,            0.020301,            0.019873,           0.0011171,                   0,             0.65717,             0.85748,             0.42944,             0.48519,             0.29348,            0.038538,            0.012118,            0.002379,                   0,                   0,           0.0004936,           0.0004936,           0.0004936
                 164,            0.041973,            0.014521,           0.0045474,                   0,              0.6329,             0.86016,             0.41869,             0.47963,             0.29409,            0.038636,            0.012096,           0.0024043,                   0,                   0,          0.00048893,          0.00048893,          0.00048893
                 165,            0.029772,           0.0084121,            0.001353,                   0,             0.66125,             0.85989,             0.42288,             0.48087,              0.2923,            0.038504,            0.012134,           0.0023874,                   0,                   0,          0.00048426,          0.00048426,          0.00048426
                 166,            0.046216,              0.0159,           0.0023738,                   0,             0.58801,             0.86435,             0.42332,             0.48212,             0.29204,            0.038564,            0.012267,            0.002407,                   0,                   0,           0.0004796,           0.0004796,           0.0004796
                 167,            0.041625,            0.003246,            0.010595,                   0,              0.6108,             0.86443,             0.42273,             0.48363,             0.29663,            0.038557,            0.012333,           0.0023621,                   0,                   0,          0.00047495,          0.00047495,          0.00047495
                 168,             0.03468,           0.0056835,          0.00095587,                   0,             0.63385,             0.87102,             0.42539,             0.48621,              0.2917,            0.038447,            0.012344,           0.0023519,                   0,                   0,          0.00047031,          0.00047031,          0.00047031
                 169,            0.036678,            0.011193,          0.00075031,                   0,              0.5984,             0.87899,             0.42663,             0.48592,             0.29023,            0.038662,            0.012317,           0.0023882,                   0,                   0,          0.00046568,          0.00046568,          0.00046568
                 170,            0.061982,            0.016106,           0.0051654,                   0,             0.65138,             0.87242,             0.42435,             0.48342,             0.29337,            0.038626,            0.012455,           0.0023909,                   0,                   0,          0.00046105,          0.00046105,          0.00046105
                 171,            0.036133,            0.022566,           0.0034372,                   0,             0.67596,             0.87061,             0.42227,             0.47923,             0.29307,             0.03859,            0.012503,           0.0023688,                   0,                   0,          0.00045644,          0.00045644,          0.00045644
                 172,            0.021995,           0.0068367,           0.0012059,                   0,             0.61618,             0.88482,             0.41817,             0.48119,             0.28978,             0.03843,            0.012384,            0.002355,                   0,                   0,          0.00045184,          0.00045184,          0.00045184
                 173,            0.033151,           0.0029239,           0.0078846,                   0,             0.66253,             0.87753,             0.41191,             0.48376,             0.28761,            0.038524,            0.012208,           0.0023714,                   0,                   0,          0.00044724,          0.00044724,          0.00044724
                 174,             0.04249,           0.0090491,           0.0044435,                   0,             0.61238,             0.82838,             0.42734,             0.48442,               0.293,             0.03874,            0.012008,           0.0023682,                   0,                   0,          0.00044266,          0.00044266,          0.00044266
                 175,             0.05423,            0.050534,           0.0028007,                   0,             0.65864,             0.88668,             0.41393,             0.49141,               0.297,            0.038398,            0.011961,           0.0023615,                   0,                   0,          0.00043809,          0.00043809,          0.00043809
                 176,            0.048924,            0.010185,           0.0027334,                   0,             0.63897,             0.89981,             0.40882,             0.48909,             0.29811,            0.038482,            0.012109,           0.0023726,                   0,                   0,          0.00043353,          0.00043353,          0.00043353
                 177,            0.047426,            0.013222,           0.0013144,                   0,             0.62477,              0.8763,             0.42134,             0.49175,              0.2916,            0.038058,            0.012151,            0.002318,                   0,                   0,          0.00042899,          0.00042899,          0.00042899
                 178,            0.023804,           0.0090712,           0.0011319,                   0,             0.62922,             0.87489,             0.42134,             0.49241,             0.29403,            0.038072,            0.012159,           0.0022768,                   0,                   0,          0.00042445,          0.00042445,          0.00042445
                 179,            0.038138,            0.010436,           0.0046909,                   0,             0.63904,             0.82813,             0.43146,             0.49313,             0.29946,            0.038074,            0.011992,           0.0022227,                   0,                   0,          0.00041994,          0.00041994,          0.00041994
                 180,            0.045899,            0.019006,           0.0031769,                   0,             0.67934,             0.87153,             0.42138,             0.49043,              0.2947,            0.038408,            0.012008,            0.002231,                   0,                   0,          0.00041543,          0.00041543,          0.00041543
                 181,            0.042989,            0.012042,           0.0056805,                   0,             0.63853,             0.87886,             0.41632,             0.49183,             0.29899,            0.038307,            0.011968,           0.0022512,                   0,                   0,          0.00041094,          0.00041094,          0.00041094
                 182,            0.020604,           0.0057331,          0.00075564,                   0,             0.59657,             0.88385,             0.41798,             0.48938,             0.29865,            0.038245,            0.011969,           0.0022744,                   0,                   0,          0.00040647,          0.00040647,          0.00040647
                 183,            0.040226,           0.0064138,           0.0021788,                   0,             0.63792,             0.87664,             0.41644,              0.4905,             0.29398,            0.038356,            0.012005,           0.0023274,                   0,                   0,          0.00040201,          0.00040201,          0.00040201
                 184,            0.059549,            0.020208,           0.0049145,                   0,             0.68221,             0.87408,             0.41661,             0.48715,             0.29585,            0.038372,            0.012091,           0.0023061,                   0,                   0,          0.00039757,          0.00039757,          0.00039757
                 185,            0.032461,            0.013261,           0.0014419,                   0,             0.63277,             0.87308,             0.42592,               0.487,             0.29667,            0.037906,            0.012117,            0.002268,                   0,                   0,          0.00039314,          0.00039314,          0.00039314
                 186,            0.030066,            0.022538,            0.002015,                   0,              0.6058,             0.84389,             0.42944,             0.48963,             0.29721,            0.037794,             0.01209,           0.0022432,                   0,                   0,          0.00038873,          0.00038873,          0.00038873
                 187,            0.043108,           0.0037519,           0.0016659,                   0,             0.57784,             0.84095,             0.42804,             0.48248,             0.29121,            0.038102,            0.012164,           0.0022711,                   0,                   0,          0.00038434,          0.00038434,          0.00038434
                 188,            0.035177,            0.027868,           0.0023805,                   0,             0.60212,             0.85953,             0.42629,             0.48236,             0.29469,            0.038133,            0.012326,           0.0022138,                   0,                   0,          0.00037997,          0.00037997,          0.00037997
                 189,            0.021033,            0.010655,          0.00087599,                   0,              0.6236,             0.84592,             0.42355,              0.4849,             0.29926,            0.037851,            0.012216,            0.002169,                   0,                   0,          0.00037562,          0.00037562,          0.00037562
                 190,            0.032706,            0.014991,           0.0019677,                   0,             0.62838,             0.82832,             0.42944,             0.49024,             0.29993,            0.038106,            0.012122,           0.0021491,                   0,                   0,          0.00037128,          0.00037128,          0.00037128
                 191,            0.023983,           0.0095053,           0.0014324,                   0,             0.59261,             0.86008,             0.41798,             0.49341,             0.30578,            0.038205,            0.012031,           0.0021954,                   0,                   0,          0.00036697,          0.00036697,          0.00036697
                 192,            0.040309,           0.0087926,           0.0028442,                   0,             0.64725,             0.82584,             0.42976,              0.4944,             0.29922,            0.038306,             0.01206,           0.0021601,                   0,                   0,          0.00036267,          0.00036267,          0.00036267
                 193,            0.034546,            0.011998,           0.0030859,                   0,             0.66646,             0.85177,             0.42854,             0.49848,              0.3007,            0.038323,            0.012066,           0.0021294,                   0,                   0,           0.0003584,           0.0003584,           0.0003584
                 194,            0.066257,            0.035943,           0.0066305,                   0,             0.68564,             0.84975,             0.42849,             0.49491,             0.29942,            0.038025,            0.012105,            0.002186,                   0,                   0,          0.00035415,          0.00035415,          0.00035415
                 195,            0.048574,            0.019344,           0.0037728,                   0,             0.67043,             0.83107,             0.42906,             0.49319,             0.29825,            0.037848,            0.012168,           0.0022024,                   0,                   0,          0.00034991,          0.00034991,          0.00034991
                 196,            0.032109,           0.0063126,            0.003334,                   0,             0.57645,             0.83004,             0.43098,             0.49092,             0.29211,            0.038065,            0.012097,           0.0021972,                   0,                   0,           0.0003457,           0.0003457,           0.0003457
                 197,            0.043223,            0.016313,           0.0019417,                   0,             0.64755,             0.79397,              0.4463,             0.48743,             0.29221,            0.038025,            0.012316,           0.0021963,                   0,                   0,          0.00034152,          0.00034152,          0.00034152
                 198,            0.026508,           0.0077619,           0.0019115,                   0,             0.61572,             0.79569,             0.44038,             0.48802,             0.29002,            0.038629,            0.012365,           0.0022254,                   0,                   0,          0.00033735,          0.00033735,          0.00033735
                 199,            0.024815,           0.0057875,          0.00047602,                   0,             0.63045,             0.80658,             0.44564,              0.4908,             0.29442,            0.038825,            0.012354,           0.0022114,                   0,                   0,          0.00033321,          0.00033321,          0.00033321
                 200,            0.040715,           0.0084412,           0.0036448,                   0,             0.65082,             0.83004,             0.43561,             0.48863,             0.29806,            0.038148,            0.012239,           0.0022039,                   0,                   0,          0.00032909,          0.00032909,          0.00032909
                 201,            0.033719,            0.010648,           0.0021191,                   0,             0.58282,              0.8344,             0.43803,             0.49307,             0.30244,            0.037909,            0.012232,           0.0021628,                   0,                   0,            0.000325,            0.000325,            0.000325
                 202,            0.037479,            0.013113,           0.0017651,                   0,             0.61367,             0.83727,             0.44112,             0.49005,             0.29751,            0.038182,            0.012264,           0.0021569,                   0,                   0,          0.00032093,          0.00032093,          0.00032093
                 203,            0.038137,            0.012948,           0.0037609,                   0,             0.66381,             0.84507,             0.43956,              0.4937,             0.30237,            0.037946,            0.012232,           0.0021585,                   0,                   0,          0.00031689,          0.00031689,          0.00031689
                 204,            0.037148,            0.018971,           0.0011409,                   0,             0.61106,             0.83103,             0.43551,             0.49283,             0.30225,            0.038146,            0.012163,           0.0021928,                   0,                   0,          0.00031287,          0.00031287,          0.00031287
                 205,            0.055993,           0.0079173,           0.0048085,                   0,             0.63409,             0.87724,             0.42546,             0.49673,             0.30486,            0.037868,            0.012092,           0.0022066,                   0,                   0,          0.00030888,          0.00030888,          0.00030888
                 206,            0.047842,           0.0096391,           0.0015088,                   0,              0.5774,             0.84046,             0.43532,             0.49875,             0.30922,            0.037846,              0.0122,           0.0022434,                   0,                   0,          0.00030491,          0.00030491,          0.00030491
                 207,            0.031138,            0.015211,           0.0012922,                   0,             0.58665,             0.84064,             0.43955,             0.49684,             0.30823,            0.037675,            0.012167,           0.0022527,                   0,                   0,          0.00030097,          0.00030097,          0.00030097
                 208,            0.040251,            0.013362,           0.0030213,                   0,             0.61739,              0.8465,             0.44225,             0.50745,             0.30689,             0.03743,            0.012121,            0.002215,                   0,                   0,          0.00029706,          0.00029706,          0.00029706
                 209,            0.032898,           0.0077611,          0.00091744,                   0,             0.63302,             0.84258,             0.44369,             0.50281,             0.30613,            0.037549,            0.012147,           0.0022028,                   0,                   0,          0.00029318,          0.00029318,          0.00029318
                 210,            0.034677,            0.011043,           0.0026888,                   0,             0.63557,             0.83908,             0.43801,             0.50038,             0.30931,            0.037862,            0.012112,           0.0022073,                   0,                   0,          0.00028932,          0.00028932,          0.00028932
                 211,            0.042361,           0.0099424,            0.001576,                   0,             0.64596,             0.83961,             0.44195,             0.50371,             0.30586,            0.037843,            0.012083,           0.0021893,                   0,                   0,           0.0002855,           0.0002855,           0.0002855
                 212,            0.028675,            0.014102,           0.0021329,                   0,             0.71016,             0.82639,             0.44268,             0.49986,             0.30765,            0.037536,            0.012106,           0.0022159,                   0,                   0,           0.0002817,           0.0002817,           0.0002817
                 213,            0.037012,            0.018356,            0.002942,                   0,             0.62547,              0.8383,              0.4407,             0.49756,             0.30602,            0.037787,            0.012058,           0.0022576,                   0,                   0,          0.00027793,          0.00027793,          0.00027793
                 214,            0.032022,            0.020951,           0.0017057,                   0,             0.63851,             0.84396,             0.43517,             0.50853,             0.31215,            0.037892,            0.012087,             0.00229,                   0,                   0,          0.00027419,          0.00027419,          0.00027419
                 215,            0.030357,           0.0094116,           0.0014422,                   0,             0.61125,             0.83725,             0.44423,             0.49778,              0.3034,            0.038068,             0.01215,           0.0022691,                   0,                   0,          0.00027048,          0.00027048,          0.00027048
                 216,             0.02649,            0.007418,           0.0010493,                   0,             0.59627,             0.88993,             0.42472,             0.50524,             0.30628,             0.03752,            0.012208,           0.0022563,                   0,                   0,          0.00026681,          0.00026681,          0.00026681
                 217,            0.047612,            0.027535,           0.0012323,                   0,              0.6488,             0.83951,             0.43551,              0.5063,             0.30582,            0.037577,            0.012328,           0.0022068,                   0,                   0,          0.00026316,          0.00026316,          0.00026316
                 218,            0.037774,            0.007978,           0.0042139,                   0,             0.70933,             0.86251,             0.43801,             0.51331,             0.30848,            0.037519,            0.012301,           0.0021717,                   0,                   0,          0.00025954,          0.00025954,          0.00025954
                 219,            0.035113,            0.013362,            0.002326,                   0,             0.68027,             0.85631,              0.4334,             0.50829,             0.30446,            0.037629,            0.012202,           0.0021757,                   0,                   0,          0.00025596,          0.00025596,          0.00025596
                 220,            0.031244,            0.011331,           0.0027689,                   0,             0.66255,             0.87079,             0.43146,             0.50677,             0.31244,            0.037621,            0.012216,           0.0021836,                   0,                   0,          0.00025241,          0.00025241,          0.00025241
                 221,            0.031378,            0.015392,            0.001305,                   0,             0.64264,              0.8497,             0.43496,             0.50672,             0.31101,            0.037418,            0.012138,           0.0021637,                   0,                   0,          0.00024889,          0.00024889,          0.00024889
                 222,            0.033541,            0.018616,           0.0013873,                   0,             0.62217,             0.84583,             0.43348,             0.50752,             0.31028,            0.037535,            0.012111,           0.0021822,                   0,                   0,          0.00024541,          0.00024541,          0.00024541
                 223,            0.032278,            0.023087,           0.0044844,                   0,             0.63339,             0.82848,             0.43794,             0.50422,             0.30837,            0.037603,            0.012007,             0.00224,                   0,                   0,          0.00024195,          0.00024195,          0.00024195
                 224,             0.02887,            0.010805,          0.00079977,                   0,             0.66461,             0.83445,             0.43355,             0.50765,             0.31458,            0.037856,            0.011976,            0.002254,                   0,                   0,          0.00023854,          0.00023854,          0.00023854
                 225,            0.031842,            0.023136,           0.0012258,                   0,             0.63614,             0.84052,             0.43599,             0.50853,             0.31368,            0.037849,            0.011997,           0.0022319,                   0,                   0,          0.00023515,          0.00023515,          0.00023515
                 226,            0.045702,           0.0076681,           0.0017311,                   0,             0.59848,             0.86873,             0.43079,             0.51257,             0.31164,            0.038248,             0.01207,           0.0022128,                   0,                   0,           0.0002318,           0.0002318,           0.0002318
                 227,            0.047117,            0.017175,           0.0061637,                   0,             0.65158,             0.83494,             0.43391,             0.51277,             0.30914,            0.038238,             0.01215,            0.002222,                   0,                   0,          0.00022849,          0.00022849,          0.00022849
                 228,            0.032873,            0.014378,           0.0026368,                   0,              0.6442,             0.87251,             0.42877,             0.51343,             0.30833,            0.037801,            0.012114,           0.0022224,                   0,                   0,          0.00022521,          0.00022521,          0.00022521
                 229,            0.034501,            0.011686,           0.0030894,                   0,              0.6514,              0.8763,             0.42666,             0.51792,             0.30705,            0.038209,            0.012104,           0.0022566,                   0,                   0,          0.00022196,          0.00022196,          0.00022196
                 230,            0.020495,           0.0050909,           0.0011107,                   0,             0.66281,             0.88218,             0.43079,             0.50848,             0.30751,            0.037994,            0.012133,           0.0022548,                   0,                   0,          0.00021876,          0.00021876,          0.00021876
                 231,            0.026414,           0.0073261,           0.0013216,                   0,             0.60433,             0.87506,             0.42877,             0.51348,             0.30764,            0.037927,            0.012116,           0.0022349,                   0,                   0,          0.00021558,          0.00021558,          0.00021558
                 232,            0.034583,            0.015866,           0.0010045,                   0,             0.59215,             0.88561,              0.4329,             0.50652,             0.30833,            0.037649,            0.012115,           0.0021764,                   0,                   0,          0.00021245,          0.00021245,          0.00021245
                 233,            0.037557,             0.01382,            0.001473,                   0,             0.63288,             0.87984,             0.43079,             0.51272,              0.3128,            0.037235,            0.012187,           0.0021516,                   0,                   0,          0.00020935,          0.00020935,          0.00020935
                 234,            0.027174,           0.0036448,           0.0020407,                   0,             0.61361,             0.85103,             0.43785,             0.51734,             0.31154,            0.037483,            0.012204,           0.0021892,                   0,                   0,          0.00020629,          0.00020629,          0.00020629
                 235,            0.026464,           0.0048035,           0.0013104,                   0,             0.60599,             0.87555,             0.43608,             0.51503,             0.31121,            0.037225,            0.012214,            0.002174,                   0,                   0,          0.00020327,          0.00020327,          0.00020327
                 236,            0.025043,           0.0055813,           0.0010216,                   0,             0.60576,              0.8549,             0.43889,             0.51365,              0.3129,            0.037268,            0.012208,           0.0021725,                   0,                   0,          0.00020028,          0.00020028,          0.00020028
                 237,            0.035388,            0.015906,           0.0014249,                   0,             0.62646,             0.84821,             0.43595,             0.51893,             0.31425,            0.037588,            0.012168,           0.0021869,                   0,                   0,          0.00019734,          0.00019734,          0.00019734
                 238,            0.026698,            0.011014,           0.0030286,                   0,             0.67732,             0.89375,             0.42749,             0.51713,              0.3105,            0.037716,            0.012133,           0.0022218,                   0,                   0,          0.00019443,          0.00019443,          0.00019443
                 239,            0.031513,           0.0094409,           0.0010892,                   0,             0.64319,             0.89704,             0.42877,             0.51894,             0.31097,            0.037683,            0.012087,           0.0022198,                   0,                   0,          0.00019156,          0.00019156,          0.00019156
                 240,            0.030743,            0.024007,           0.0018884,                   0,             0.67849,             0.89467,             0.43079,             0.51966,             0.31402,            0.037549,            0.012076,           0.0022007,                   0,                   0,          0.00018873,          0.00018873,          0.00018873
                 241,            0.040977,            0.019485,           0.0038463,                   0,              0.6474,             0.88915,             0.43282,               0.518,             0.31685,            0.037778,               0.012,            0.002199,                   0,                   0,          0.00018594,          0.00018594,          0.00018594
                 242,            0.015452,           0.0028556,          0.00045526,                   0,             0.60452,             0.88331,             0.43079,             0.52078,             0.31211,            0.037854,            0.012017,           0.0022058,                   0,                   0,          0.00018319,          0.00018319,          0.00018319
                 243,            0.038535,           0.0099022,           0.0014498,                   0,             0.65479,              0.8826,             0.43079,             0.51854,             0.30868,            0.037582,            0.012003,           0.0021791,                   0,                   0,          0.00018048,          0.00018048,          0.00018048
                 244,            0.038729,            0.022522,           0.0016436,                   0,             0.64022,             0.87748,             0.43079,             0.51933,             0.30925,            0.037462,             0.01198,           0.0021356,                   0,                   0,          0.00017781,          0.00017781,          0.00017781
                 245,            0.032638,            0.011508,            0.002256,                   0,             0.67651,             0.88216,             0.43282,             0.51698,             0.31073,            0.037614,            0.012026,           0.0021562,                   0,                   0,          0.00017519,          0.00017519,          0.00017519
                 246,            0.026697,            0.015383,           0.0020777,                   0,             0.66679,             0.84561,             0.43213,             0.51062,             0.31283,            0.037811,            0.012073,           0.0021706,                   0,                   0,           0.0001726,           0.0001726,           0.0001726
                 247,            0.020164,           0.0046733,          0.00046493,                   0,             0.62432,             0.85031,             0.43444,             0.51314,              0.3108,             0.03823,            0.012108,           0.0021842,                   0,                   0,          0.00017005,          0.00017005,          0.00017005
                 248,             0.04472,            0.014314,           0.0034368,                   0,             0.60892,             0.84384,             0.43132,             0.51102,             0.31202,             0.03807,            0.012145,           0.0021565,                   0,                   0,          0.00016755,          0.00016755,          0.00016755
                 249,            0.033171,            0.014374,          0.00084674,                   0,             0.58477,             0.84627,             0.43549,              0.5133,               0.315,            0.037977,            0.012143,           0.0021637,                   0,                   0,          0.00016509,          0.00016509,          0.00016509
                 250,            0.028518,            0.013135,           0.0016271,                   0,              0.6243,             0.87753,             0.42733,             0.51214,             0.31447,            0.037977,            0.012076,           0.0021667,                   0,                   0,          0.00016267,          0.00016267,          0.00016267
                 251,            0.033992,            0.016911,           0.0013065,                   0,             0.59487,             0.83669,             0.43317,             0.51598,             0.31572,            0.038005,            0.012073,           0.0021857,                   0,                   0,          0.00016029,          0.00016029,          0.00016029
                 252,            0.033639,            0.011968,           0.0047984,                   0,             0.67648,             0.87558,             0.43079,             0.51601,             0.31297,            0.038114,            0.012108,           0.0021995,                   0,                   0,          0.00015795,          0.00015795,          0.00015795
                 253,            0.042646,           0.0086149,           0.0016474,                   0,             0.59532,             0.88325,             0.43513,             0.51441,             0.31102,            0.038177,            0.012138,           0.0021788,                   0,                   0,          0.00015566,          0.00015566,          0.00015566
                 254,            0.038374,            0.015118,           0.0034837,                   0,             0.63291,             0.88223,             0.43079,             0.52046,               0.313,             0.03781,            0.012183,           0.0021759,                   0,                   0,          0.00015341,          0.00015341,          0.00015341
                 255,            0.040435,            0.042292,           0.0027885,                   0,             0.62195,             0.88296,             0.43079,             0.51186,             0.31527,            0.037519,            0.012109,           0.0021723,                   0,                   0,          0.00015121,          0.00015121,          0.00015121
                 256,            0.030783,             0.01088,           0.0012245,                   0,              0.5987,             0.88183,             0.43079,              0.5167,             0.31304,            0.037799,            0.012064,           0.0021631,                   0,                   0,          0.00014905,          0.00014905,          0.00014905
                 257,            0.030623,            0.013394,           0.0028884,                   0,             0.63277,              0.8644,             0.43495,             0.51734,             0.31531,            0.037785,            0.012151,           0.0021691,                   0,                   0,          0.00014693,          0.00014693,          0.00014693
                 258,            0.037215,           0.0075574,           0.0052497,                   0,             0.65865,             0.87317,             0.43079,             0.51466,             0.31598,            0.037716,            0.012114,           0.0021584,                   0,                   0,          0.00014486,          0.00014486,          0.00014486
                 259,            0.029184,           0.0093099,           0.0015091,                   0,             0.64583,             0.87795,             0.43079,             0.51778,             0.31368,            0.037704,            0.012103,           0.0021467,                   0,                   0,          0.00014283,          0.00014283,          0.00014283
                 260,            0.034788,            0.014742,           0.0018039,                   0,             0.66923,             0.87969,             0.43239,             0.51938,             0.31314,            0.037706,            0.012101,           0.0021274,                   0,                   0,          0.00014084,          0.00014084,          0.00014084
                 261,            0.044986,            0.014762,           0.0050271,                   0,             0.69155,             0.88386,             0.43484,             0.52683,             0.31575,             0.03762,             0.01211,           0.0021461,                   0,                   0,           0.0001389,           0.0001389,           0.0001389
                 262,            0.027538,           0.0096439,           0.0018448,                   0,             0.65011,              0.8567,             0.43753,             0.52045,             0.31861,            0.037683,            0.012127,           0.0022072,                   0,                   0,          0.00013701,          0.00013701,          0.00013701
                 263,            0.030184,             0.01198,           0.0015313,                   0,             0.61573,             0.86189,             0.44335,             0.52047,             0.31661,            0.037825,            0.012148,           0.0021966,                   0,                   0,          0.00013516,          0.00013516,          0.00013516
                 264,             0.02516,           0.0098448,            0.001346,                   0,             0.64215,             0.87245,             0.43079,             0.52104,             0.31816,            0.037785,            0.012092,           0.0021916,                   0,                   0,          0.00013336,          0.00013336,          0.00013336
                 265,            0.040296,            0.010291,           0.0023926,                   0,             0.63222,             0.87895,             0.43079,             0.51939,             0.31358,            0.037813,            0.012079,           0.0022209,                   0,                   0,           0.0001316,           0.0001316,           0.0001316
                 266,            0.037359,            0.011259,           0.0035918,                   0,             0.61684,             0.87698,             0.43112,             0.51872,             0.31762,            0.037597,            0.012072,            0.002233,                   0,                   0,          0.00012989,          0.00012989,          0.00012989
                 267,            0.034566,             0.03411,           0.0020672,                   0,             0.65909,             0.88332,             0.43282,             0.52079,             0.31476,            0.037729,            0.012033,           0.0022185,                   0,                   0,          0.00012822,          0.00012822,          0.00012822
                 268,            0.043921,            0.022702,           0.0030191,                   0,             0.64474,             0.88216,             0.42962,             0.52468,             0.31423,            0.037786,             0.01204,           0.0022531,                   0,                   0,           0.0001266,           0.0001266,           0.0001266
                 269,            0.050809,            0.033128,           0.0036439,                   0,             0.68758,             0.89093,              0.4267,             0.52261,             0.31581,            0.037633,             0.01208,           0.0022684,                   0,                   0,          0.00012503,          0.00012503,          0.00012503
                 270,            0.041943,           0.0099261,           0.0015537,                   0,             0.61724,             0.89122,             0.42877,              0.5229,             0.31542,            0.037419,            0.012114,           0.0022392,                   0,                   0,           0.0001235,           0.0001235,           0.0001235
                 271,            0.038681,            0.018522,           0.0025519,                   0,             0.62222,             0.88928,             0.43164,             0.51735,             0.31692,             0.03738,             0.01213,           0.0022117,                   0,                   0,          0.00012202,          0.00012202,          0.00012202
                 272,            0.026569,            0.006168,           0.0029181,                   0,             0.59284,             0.89095,             0.43258,             0.51782,             0.31564,            0.037269,             0.01215,           0.0022049,                   0,                   0,          0.00012059,          0.00012059,          0.00012059
                 273,            0.019307,            0.009849,          0.00037456,                   0,             0.62434,             0.84859,             0.43649,             0.51639,             0.31374,            0.037355,            0.012089,           0.0022132,                   0,                   0,          0.00011921,          0.00011921,          0.00011921
                 274,            0.037568,           0.0064472,            0.004276,                   0,             0.58173,             0.86944,             0.43647,             0.51615,             0.31551,            0.037447,            0.012175,           0.0022023,                   0,                   0,          0.00011787,          0.00011787,          0.00011787
                 275,            0.023189,            0.014781,           0.0012697,                   0,             0.61428,             0.88515,             0.43746,             0.51948,             0.31644,            0.037235,            0.012187,           0.0021688,                   0,                   0,          0.00011658,          0.00011658,          0.00011658
                 276,            0.032804,            0.016021,           0.0008548,                   0,             0.67406,             0.87662,             0.42987,             0.52204,             0.31561,            0.037071,            0.012121,           0.0021705,                   0,                   0,          0.00011533,          0.00011533,          0.00011533
                 277,            0.064568,            0.011266,           0.0079419,                   0,             0.65976,             0.86637,             0.43282,             0.52238,             0.31537,            0.037288,            0.012097,           0.0022029,                   0,                   0,          0.00011414,          0.00011414,          0.00011414
                 278,            0.028361,            0.011701,          0.00067198,                   0,              0.6323,             0.89477,             0.43858,             0.53099,             0.31812,            0.037034,            0.012093,           0.0021794,                   0,                   0,          0.00011299,          0.00011299,          0.00011299
                 279,            0.024093,           0.0090945,          0.00058009,                   0,             0.64075,             0.88662,             0.43431,             0.52032,             0.32073,            0.037163,            0.012099,           0.0021986,                   0,                   0,          0.00011189,          0.00011189,          0.00011189
                 280,            0.032443,            0.015389,           0.0028851,                   0,             0.66477,             0.88264,             0.43244,             0.51777,              0.3205,            0.037322,            0.012023,           0.0022112,                   0,                   0,          0.00011084,          0.00011084,          0.00011084
                 281,            0.032861,            0.014569,            0.001622,                   0,             0.64524,             0.87876,             0.43172,              0.5148,             0.32104,            0.037338,            0.011952,           0.0021996,                   0,                   0,          0.00010983,          0.00010983,          0.00010983
                 282,            0.039375,            0.018468,           0.0012913,                   0,             0.63593,             0.88557,             0.43282,             0.51572,             0.32008,            0.037343,            0.011972,           0.0021873,                   0,                   0,          0.00010888,          0.00010888,          0.00010888
                 283,            0.087318,            0.030784,           0.0084292,                   0,             0.68065,             0.87919,             0.43869,             0.52518,             0.31629,            0.037575,            0.011973,           0.0021909,                   0,                   0,          0.00010797,          0.00010797,          0.00010797
                 284,            0.028201,            0.013902,           0.0028811,                   0,             0.65017,              0.8808,             0.43484,             0.51686,             0.31476,            0.037597,            0.012042,            0.002161,                   0,                   0,          0.00010711,          0.00010711,          0.00010711
                 285,            0.030721,            0.015742,           0.0012832,                   0,             0.63088,             0.87089,             0.43687,             0.51594,             0.31565,            0.037652,            0.012057,            0.002175,                   0,                   0,           0.0001063,           0.0001063,           0.0001063
                 286,            0.027732,           0.0064246,           0.0024044,                   0,             0.62122,             0.86845,             0.43543,             0.51754,             0.31322,            0.037592,            0.012037,           0.0021539,                   0,                   0,          0.00010554,          0.00010554,          0.00010554
                 287,            0.033338,            0.014515,           0.0019436,                   0,             0.64955,             0.86882,             0.43079,             0.52256,             0.31692,            0.037137,             0.01207,           0.0021375,                   0,                   0,          0.00010483,          0.00010483,          0.00010483
                 288,            0.024341,             0.01112,          0.00091652,                   0,             0.66564,             0.87987,             0.43282,             0.52216,              0.3168,            0.037109,            0.012132,           0.0021189,                   0,                   0,          0.00010416,          0.00010416,          0.00010416
                 289,            0.032077,             0.02553,           0.0020417,                   0,             0.63959,             0.88115,             0.43282,             0.52391,             0.31565,            0.037358,            0.012121,           0.0021373,                   0,                   0,          0.00010355,          0.00010355,          0.00010355
                 290,             0.03533,            0.011307,           0.0015122,                   0,             0.64309,             0.85429,             0.43484,             0.52097,             0.31418,            0.037419,            0.012141,           0.0021403,                   0,                   0,          0.00010298,          0.00010298,          0.00010298
                 291,            0.030586,            0.011105,           0.0015686,                   0,              0.6062,             0.87436,             0.43335,             0.51986,             0.31507,            0.037374,            0.012151,           0.0021614,                   0,                   0,          0.00010247,          0.00010247,          0.00010247
                 292,            0.043359,           0.0085404,           0.0030421,                   0,             0.61282,             0.87929,             0.43558,             0.52502,             0.31574,            0.037227,            0.012076,           0.0021071,                   0,                   0,            0.000102,            0.000102,            0.000102
                 293,            0.031751,            0.005147,           0.0010902,                   0,             0.60654,                0.89,             0.43565,             0.52435,             0.31454,            0.037365,            0.012118,           0.0021402,                   0,                   0,          0.00010158,          0.00010158,          0.00010158
                 294,            0.032127,            0.018439,           0.0015386,                   0,             0.62062,             0.87843,             0.43134,             0.51869,             0.31321,            0.037464,            0.012137,           0.0021492,                   0,                   0,          0.00010121,          0.00010121,          0.00010121
                 295,            0.036292,            0.011013,           0.0035283,                   0,             0.61679,             0.87875,              0.4306,             0.52027,             0.31576,            0.037371,            0.012117,           0.0021419,                   0,                   0,          0.00010089,          0.00010089,          0.00010089
                 296,            0.039118,            0.012793,            0.001264,                   0,             0.62565,             0.87761,             0.43079,             0.52555,              0.3157,            0.037452,            0.012128,           0.0021572,                   0,                   0,          0.00010062,          0.00010062,          0.00010062
                 297,            0.063011,            0.018159,           0.0046515,                   0,              0.6432,             0.88314,             0.43079,             0.51895,             0.31924,            0.037431,            0.012146,           0.0021847,                   0,                   0,          0.00010039,          0.00010039,          0.00010039
                 298,            0.032164,            0.010001,           0.0031954,                   0,             0.63693,             0.87963,             0.43079,              0.5161,             0.32066,            0.037216,            0.012146,           0.0021504,                   0,                   0,          0.00010022,          0.00010022,          0.00010022
                 299,            0.032016,            0.012229,           0.0038245,                   0,             0.63358,             0.67421,             0.49701,             0.52336,             0.31824,            0.037293,            0.012089,           0.0021245,                   0,                   0,           0.0001001,           0.0001001,           0.0001001
