               epoch,      train/box_loss,      train/obj_loss,      train/cls_loss,     train/lmmd_loss,       train/fg_loss,   metrics/precision,      metrics/recall,     metrics/mAP_0.5,metrics/mAP_0.5:0.95,        val/box_loss,        val/obj_loss,        val/cls_loss,       val/lmmd_loss,         val/fg_loss,               x/lr0,               x/lr1,               x/lr2
                   0,            0.085897,            0.016495,            0.011743,                   0,             0.66338,                   0,                   0,                   0,                   0,            0.085387,             0.02584,            0.012051,                   0,                   0,            0.097426,             2.6e-05,             2.6e-05
                   1,            0.083487,            0.015229,            0.011024,                   0,             0.62832,                   0,                   0,                   0,                   0,            0.083372,            0.025609,             0.01142,                   0,                   0,            0.094753,          5.2999e-05,          5.2999e-05
                   2,               0.128,            0.015081,            0.017152,                   0,             0.63103,                   0,                   0,                   0,                   0,            0.081078,            0.026395,            0.010842,                   0,                   0,             0.09208,          7.9992e-05,          7.9992e-05
                   3,            0.083917,            0.016591,           0.0099753,                   0,             0.63095,                   0,                   0,                   0,                   0,            0.078843,            0.027756,            0.010269,                   0,                   0,            0.089407,          0.00010698,          0.00010698
                   4,            0.084715,           0.0086943,            0.011614,                   0,             0.61608,                   0,                   0,                   0,                   0,            0.077551,            0.028883,             0.00996,                   0,                   0,            0.086734,          0.00013395,          0.00013395
                   5,            0.074225,            0.026125,           0.0095203,                   0,              0.6235,                   0,                   0,                   0,                   0,            0.076036,            0.029867,           0.0096075,                   0,                   0,            0.084061,           0.0001609,           0.0001609
                   6,            0.078589,            0.011111,           0.0095829,                   0,             0.62821,                   0,                   0,                   0,                   0,            0.074311,            0.030891,           0.0092963,                   0,                   0,            0.081388,          0.00018783,          0.00018783
                   7,            0.096289,            0.020158,            0.013207,                   0,             0.62684,                   0,                   0,                   0,                   0,            0.072448,            0.032126,           0.0089671,                   0,                   0,            0.078715,          0.00021474,          0.00021474
                   8,            0.076816,           0.0079177,            0.010831,                   0,             0.61551,          0.00013332,           0.0046189,          6.7328e-05,           1.008e-05,            0.071038,            0.033061,           0.0086659,                   0,                   0,            0.076042,          0.00024162,          0.00024162
                   9,              0.0912,            0.017228,            0.014836,                   0,             0.63331,          0.00022803,           0.0080831,          0.00011591,          2.1418e-05,             0.06929,            0.034257,           0.0083469,                   0,                   0,            0.073368,          0.00026846,          0.00026846
                  10,            0.067947,            0.013178,           0.0086112,                   0,             0.62374,           0.0007544,            0.026559,          0.00039914,          0.00011239,            0.067635,            0.035348,           0.0079765,                   0,                   0,            0.070695,          0.00029527,          0.00029527
                  11,            0.091327,             0.01054,            0.011492,                   0,             0.62052,            0.002809,            0.098152,            0.001683,          0.00047155,            0.065885,            0.036432,           0.0076849,                   0,                   0,            0.068022,          0.00032204,          0.00032204
                  12,            0.093779,            0.017332,            0.011419,                   0,             0.62647,           0.0042659,             0.14896,           0.0027812,          0.00092941,            0.065243,            0.037198,           0.0074107,                   0,                   0,            0.065349,          0.00034876,          0.00034876
                  13,            0.076787,            0.018969,           0.0094221,                   0,             0.61621,           0.0067374,             0.23903,           0.0052326,            0.001925,            0.063903,            0.038151,           0.0071919,                   0,                   0,            0.062675,          0.00037543,          0.00037543
                  14,            0.083955,            0.016089,            0.012307,                   0,             0.62006,           0.0080682,             0.28868,            0.010849,           0.0036091,            0.062847,            0.038906,           0.0070367,                   0,                   0,            0.060002,          0.00040205,          0.00040205
                  15,            0.061174,            0.011996,           0.0069112,                   0,             0.60728,           0.0087034,              0.3164,            0.022479,           0.0074909,            0.061902,            0.039784,           0.0068523,                   0,                   0,            0.057329,          0.00042861,          0.00042861
                  16,            0.088535,           0.0081253,            0.011797,                   0,             0.62394,           0.0093788,             0.34065,            0.054073,            0.017721,            0.061216,            0.040527,           0.0066856,                   0,                   0,            0.054655,          0.00045511,          0.00045511
                  17,            0.049979,            0.010297,           0.0064922,                   0,             0.62676,           0.0095208,             0.34873,            0.073511,            0.023945,            0.060659,            0.041154,             0.00659,                   0,                   0,            0.051982,          0.00048155,          0.00048155
                  18,            0.097976,             0.01393,            0.010277,                   0,             0.59466,           0.0096074,             0.34873,              0.1401,            0.045279,            0.059759,              0.0419,           0.0063785,                   0,                   0,            0.049308,          0.00050792,          0.00050792
                  19,            0.082691,           0.0066221,           0.0099351,                   0,              0.6056,           0.0096729,              0.3545,             0.19085,            0.065899,            0.058466,            0.043201,           0.0062187,                   0,                   0,            0.046634,          0.00053421,          0.00053421
                  20,            0.070905,            0.010344,            0.010848,                   0,             0.60882,           0.0081562,             0.30485,             0.16679,            0.047077,            0.059254,             0.04381,           0.0061111,                   0,                   0,             0.04396,          0.00056043,          0.00056043
                  21,            0.069076,            0.027795,            0.012322,                   0,             0.62164,           0.0093572,             0.35335,             0.22231,            0.076273,            0.056938,            0.045115,           0.0059839,                   0,                   0,            0.041287,          0.00058657,          0.00058657
                  22,             0.06682,            0.011844,            0.012831,                   0,             0.63559,            0.009426,             0.36258,             0.23196,            0.085276,            0.056705,            0.045403,            0.005888,                   0,                   0,            0.038613,          0.00061263,          0.00061263
                  23,            0.066109,            0.028154,            0.014663,                   0,             0.61485,           0.0097413,             0.37644,             0.24865,            0.089664,            0.055237,            0.046741,           0.0058113,                   0,                   0,            0.035939,           0.0006386,           0.0006386
                  24,            0.048334,            0.021363,           0.0062804,                   0,             0.64086,            0.009455,             0.36835,             0.23208,             0.09266,            0.054948,            0.046704,           0.0056566,                   0,                   0,            0.033264,          0.00066447,          0.00066447
                  25,            0.076977,            0.034327,           0.0097745,                   0,              0.6137,            0.010176,             0.39143,             0.24467,            0.080445,            0.054508,              0.0471,           0.0055904,                   0,                   0,             0.03059,          0.00069025,          0.00069025
                  26,            0.064512,            0.015037,           0.0045547,                   0,             0.62249,            0.010203,             0.40646,             0.23965,            0.087074,            0.053413,            0.048067,           0.0054652,                   0,                   0,            0.027916,          0.00071593,          0.00071593
                  27,            0.055313,            0.013517,            0.004834,                   0,             0.60396,            0.010457,             0.41682,             0.21903,             0.06458,            0.053843,             0.04803,            0.005343,                   0,                   0,            0.025242,          0.00074151,          0.00074151
                  28,            0.037587,           0.0057078,            0.015099,                   0,             0.60535,            0.010881,             0.42949,             0.20904,            0.063525,            0.053229,            0.048357,           0.0052419,                   0,                   0,            0.022567,          0.00076698,          0.00076698
                  29,            0.053138,            0.016007,            0.014974,                   0,             0.60719,             0.01222,             0.47332,             0.27193,            0.083482,            0.051565,            0.048542,           0.0052313,                   0,                   0,            0.019892,          0.00079234,          0.00079234
                  30,              0.0597,            0.039454,            0.011857,                   0,             0.62128,            0.012392,             0.48025,             0.26911,            0.092977,            0.050713,            0.048015,           0.0051752,                   0,                   0,            0.017218,          0.00081759,          0.00081759
                  31,            0.048285,            0.018594,           0.0080825,                   0,             0.62078,            0.013152,             0.49523,             0.26538,            0.082605,            0.050568,            0.047526,           0.0051562,                   0,                   0,            0.014543,          0.00084272,          0.00084272
                  32,            0.033262,            0.010251,           0.0089019,                   0,             0.60087,            0.017473,             0.59087,             0.27636,             0.08722,            0.050063,            0.046738,           0.0052261,                   0,                   0,            0.011868,          0.00086772,          0.00086772
                  33,            0.088384,            0.008901,            0.013484,                   0,             0.61553,            0.018792,             0.62429,              0.2817,            0.094725,            0.049881,             0.04521,           0.0052654,                   0,                   0,           0.0091926,           0.0008926,           0.0008926
                  34,            0.054062,            0.024057,            0.010033,                   0,             0.62924,            0.060037,              0.4987,             0.28683,            0.089686,            0.050014,            0.043706,            0.005256,                   0,                   0,           0.0065174,          0.00091736,          0.00091736
                  35,            0.036138,            0.015699,           0.0045975,                   0,             0.60581,             0.11553,             0.40415,             0.29767,            0.093262,            0.049247,            0.042775,           0.0051965,                   0,                   0,            0.003842,          0.00094198,          0.00094198
                  36,            0.039647,            0.013954,           0.0055227,                   0,             0.61011,             0.68115,             0.30716,             0.28244,            0.094582,            0.050192,             0.04008,           0.0050787,                   0,                   0,           0.0011665,          0.00096646,          0.00096646
                  37,            0.042728,            0.021612,           0.0065513,                   0,             0.60918,             0.81351,             0.26982,             0.32561,             0.12469,            0.048901,              0.0373,           0.0049578,                   0,                   0,          0.00096664,          0.00096664,          0.00096664
                  38,            0.043005,           0.0075452,           0.0044426,                   0,             0.58612,             0.82278,             0.27021,             0.33918,             0.13618,            0.048738,            0.034298,           0.0048683,                   0,                   0,          0.00096664,          0.00096664,          0.00096664
                  39,             0.03929,            0.025221,           0.0078593,                   0,             0.62251,             0.84283,             0.27455,             0.35371,             0.14336,            0.047744,            0.031371,            0.004755,                   0,                   0,          0.00096484,          0.00096484,          0.00096484
                  40,            0.039825,            0.012218,           0.0037581,                   0,             0.63127,             0.86837,              0.2806,             0.37784,             0.15678,             0.04784,            0.028932,           0.0046603,                   0,                   0,          0.00096299,          0.00096299,          0.00096299
                  41,            0.027737,           0.0051911,           0.0037983,                   0,             0.60447,             0.85616,             0.30831,               0.383,             0.15226,            0.047628,            0.027127,           0.0045474,                   0,                   0,           0.0009611,           0.0009611,           0.0009611
                  42,            0.040516,            0.012369,           0.0050747,                   0,             0.63014,             0.88855,             0.32794,             0.40705,             0.17612,            0.047654,            0.025375,           0.0044096,                   0,                   0,          0.00095916,          0.00095916,          0.00095916
                  43,            0.038604,            0.011295,           0.0044067,                   0,             0.60536,             0.89814,             0.32047,             0.40811,             0.15974,            0.048787,            0.024381,           0.0042957,                   0,                   0,          0.00095717,          0.00095717,          0.00095717
                  44,            0.059768,           0.0073258,            0.003724,                   0,             0.59558,             0.88735,             0.31755,             0.41082,             0.15542,            0.047489,            0.023806,           0.0042041,                   0,                   0,          0.00095514,          0.00095514,          0.00095514
                  45,            0.018737,           0.0045597,           0.0028347,                   0,             0.61008,             0.90208,             0.33667,              0.4329,              0.1777,            0.047691,            0.023165,           0.0041358,                   0,                   0,          0.00095307,          0.00095307,          0.00095307
                  46,            0.034978,            0.004304,           0.0032945,                   0,             0.57886,             0.89107,             0.33834,              0.4478,             0.19156,            0.047779,            0.022327,           0.0040343,                   0,                   0,          0.00095095,          0.00095095,          0.00095095
                  47,            0.041102,            0.007697,            0.004642,                   0,             0.62359,              0.8613,             0.33088,             0.45277,             0.17503,             0.04754,            0.021762,           0.0039345,                   0,                   0,          0.00094879,          0.00094879,          0.00094879
                  48,            0.056335,            0.013216,            0.010837,                   0,             0.59249,             0.86359,             0.36143,             0.48597,             0.20855,            0.048063,            0.020924,           0.0038438,                   0,                   0,          0.00094659,          0.00094659,          0.00094659
                  49,            0.039741,            0.009656,           0.0074896,                   0,             0.59352,              0.5053,             0.52634,             0.54084,             0.22853,             0.04677,            0.020612,            0.003745,                   0,                   0,          0.00094434,          0.00094434,          0.00094434
                  50,            0.046575,           0.0088867,           0.0089477,                   0,             0.59937,             0.49108,             0.56781,             0.54953,             0.24131,            0.046674,            0.020325,           0.0036301,                   0,                   0,          0.00094205,          0.00094205,          0.00094205
                  51,            0.040209,            0.011101,           0.0047221,                   0,              0.5983,             0.52452,             0.62047,             0.58337,             0.25648,            0.045548,            0.020262,           0.0035421,                   0,                   0,          0.00093971,          0.00093971,          0.00093971
                  52,            0.047652,              0.0115,           0.0064246,                   0,             0.60349,             0.50802,             0.63349,             0.60046,             0.26098,            0.045589,            0.019902,           0.0034871,                   0,                   0,          0.00093733,          0.00093733,          0.00093733
                  53,            0.042733,            0.013346,            0.003204,                   0,             0.62823,             0.50408,             0.64016,              0.6128,             0.27495,            0.046931,            0.019695,           0.0034693,                   0,                   0,          0.00093491,          0.00093491,          0.00093491
                  54,            0.034604,            0.010806,            0.002908,                   0,             0.60623,             0.57001,             0.61966,             0.62863,             0.28485,            0.044961,            0.019469,           0.0034648,                   0,                   0,          0.00093245,          0.00093245,          0.00093245
                  55,            0.053206,           0.0067375,            0.002468,                   0,             0.62297,             0.58945,             0.60508,             0.60631,             0.24547,            0.045924,             0.01901,           0.0034395,                   0,                   0,          0.00092995,          0.00092995,          0.00092995
                  56,             0.04353,             0.01108,           0.0041471,                   0,             0.61625,             0.59335,             0.60581,             0.60774,              0.2386,            0.046511,             0.01864,           0.0034575,                   0,                   0,           0.0009274,           0.0009274,           0.0009274
                  57,             0.04569,           0.0096541,           0.0039984,                   0,             0.59832,             0.60306,             0.59773,             0.60302,             0.26613,             0.04663,            0.018402,           0.0034581,                   0,                   0,          0.00092481,          0.00092481,          0.00092481
                  58,            0.046807,           0.0055647,           0.0048813,                   0,             0.58934,             0.64958,             0.60696,             0.62844,             0.26476,            0.047328,            0.018268,           0.0034115,                   0,                   0,          0.00092219,          0.00092219,          0.00092219
                  59,              0.0509,            0.014842,           0.0050911,                   0,             0.60084,             0.67569,             0.58966,             0.62388,             0.25073,            0.045936,            0.018179,           0.0033434,                   0,                   0,          0.00091952,          0.00091952,          0.00091952
                  60,             0.04644,            0.011439,           0.0033789,                   0,             0.61373,             0.69622,             0.58128,             0.63075,             0.25035,            0.046333,            0.018021,           0.0033152,                   0,                   0,          0.00091681,          0.00091681,          0.00091681
                  61,              0.0416,            0.016885,           0.0057704,                   0,             0.61434,             0.73876,              0.5908,             0.64492,              0.2805,            0.045835,            0.017848,           0.0032376,                   0,                   0,          0.00091406,          0.00091406,          0.00091406
                  62,            0.039356,           0.0063734,           0.0048043,                   0,             0.59768,             0.77128,             0.57347,             0.64565,             0.27781,            0.045758,            0.017875,           0.0031147,                   0,                   0,          0.00091127,          0.00091127,          0.00091127
                  63,            0.035454,           0.0051655,            0.002546,                   0,             0.58581,             0.67991,             0.61081,             0.64819,             0.28728,            0.045281,            0.017764,           0.0030807,                   0,                   0,          0.00090844,          0.00090844,          0.00090844
                  64,            0.039165,           0.0085456,           0.0024146,                   0,             0.59149,             0.76516,             0.56196,             0.64818,             0.28377,            0.045716,            0.017685,           0.0030128,                   0,                   0,          0.00090557,          0.00090557,          0.00090557
                  65,            0.019501,           0.0023663,          0.00050625,                   0,             0.61333,             0.74571,              0.5695,              0.6435,             0.27991,            0.045721,            0.017745,           0.0029736,                   0,                   0,          0.00090266,          0.00090266,          0.00090266
                  66,            0.032684,           0.0083974,           0.0032076,                   0,             0.60334,             0.74719,             0.58909,             0.65425,             0.30283,            0.044362,            0.017621,           0.0029375,                   0,                   0,          0.00089972,          0.00089972,          0.00089972
                  67,            0.046455,            0.010482,           0.0030002,                   0,             0.59788,             0.76113,             0.57809,             0.65584,             0.29394,            0.044519,            0.017451,           0.0029577,                   0,                   0,          0.00089673,          0.00089673,          0.00089673
                  68,            0.030294,           0.0084848,           0.0038795,                   0,             0.58974,             0.73318,             0.58903,             0.66016,               0.316,            0.045219,            0.017338,           0.0029892,                   0,                   0,          0.00089371,          0.00089371,          0.00089371
                  69,            0.018614,           0.0031276,           0.0015334,                   0,             0.61521,             0.68506,             0.60487,             0.64808,             0.29056,            0.044519,            0.017328,           0.0029775,                   0,                   0,          0.00089065,          0.00089065,          0.00089065
                  70,            0.028394,           0.0070068,           0.0027548,                   0,             0.59156,             0.72855,             0.59076,             0.64846,             0.26442,            0.045234,            0.017399,           0.0029758,                   0,                   0,          0.00088755,          0.00088755,          0.00088755
                  71,            0.052428,           0.0060482,           0.0034855,                   0,             0.59319,             0.73897,             0.59375,             0.65241,             0.29265,            0.044169,            0.017384,           0.0029807,                   0,                   0,          0.00088442,          0.00088442,          0.00088442
                  72,            0.028183,           0.0053075,           0.0011531,                   0,             0.60805,             0.72337,             0.62188,             0.66435,             0.27348,            0.045062,            0.017409,           0.0029873,                   0,                   0,          0.00088124,          0.00088124,          0.00088124
                  73,            0.048017,            0.015893,           0.0060113,                   0,             0.61376,             0.72194,             0.63688,             0.67146,             0.30613,            0.044002,            0.017309,           0.0029641,                   0,                   0,          0.00087804,          0.00087804,          0.00087804
                  74,            0.025235,           0.0071198,           0.0021753,                   0,             0.62912,             0.70755,             0.62763,             0.66204,             0.30237,            0.044411,            0.017316,           0.0029097,                   0,                   0,          0.00087479,          0.00087479,          0.00087479
                  75,            0.037734,           0.0085251,           0.0033289,                   0,             0.58841,             0.68071,             0.63617,             0.65119,              0.3104,            0.044207,            0.017403,           0.0028934,                   0,                   0,          0.00087151,          0.00087151,          0.00087151
                  76,              0.0423,           0.0059218,           0.0033425,                   0,             0.60084,             0.69225,             0.62866,             0.65347,               0.303,            0.044527,            0.017499,           0.0028788,                   0,                   0,           0.0008682,           0.0008682,           0.0008682
                  77,            0.056326,           0.0072162,           0.0024182,                   0,             0.59933,              0.6703,             0.62421,               0.652,              0.2911,            0.044647,            0.017296,           0.0028529,                   0,                   0,          0.00086485,          0.00086485,          0.00086485
                  78,            0.049918,           0.0078473,            0.002182,                   0,             0.59324,             0.68487,             0.61593,             0.64926,             0.27481,             0.04397,            0.017281,           0.0027957,                   0,                   0,          0.00086146,          0.00086146,          0.00086146
                  79,            0.041493,            0.013481,           0.0032574,                   0,             0.59317,             0.69309,             0.60193,             0.64693,             0.30722,            0.043912,            0.017316,           0.0027616,                   0,                   0,          0.00085805,          0.00085805,          0.00085805
                  80,            0.039584,           0.0075393,           0.0019086,                   0,             0.59936,             0.72893,             0.58958,             0.65211,             0.29457,            0.044353,            0.017412,           0.0027399,                   0,                   0,          0.00085459,          0.00085459,          0.00085459
                  81,            0.041832,            0.012697,           0.0037382,                   0,             0.60815,             0.73497,             0.61954,             0.66593,             0.32265,            0.043878,            0.017357,           0.0027076,                   0,                   0,          0.00085111,          0.00085111,          0.00085111
                  82,            0.037495,            0.011302,            0.001797,                   0,             0.60419,             0.73887,             0.58726,             0.64308,              0.2641,            0.044099,            0.017469,           0.0026701,                   0,                   0,          0.00084759,          0.00084759,          0.00084759
                  83,            0.031795,            0.011304,           0.0021545,                   0,             0.60003,             0.75262,             0.59127,             0.65225,              0.2982,            0.044908,            0.017428,           0.0026958,                   0,                   0,          0.00084404,          0.00084404,          0.00084404
                  84,            0.033968,           0.0058379,          0.00090498,                   0,             0.59512,             0.76799,             0.60111,             0.67104,             0.31575,            0.044106,             0.01734,            0.002733,                   0,                   0,          0.00084046,          0.00084046,          0.00084046
                  85,            0.044588,           0.0071944,           0.0017606,                   0,             0.62201,             0.71619,             0.61609,             0.66506,             0.31402,            0.044323,            0.017341,           0.0027147,                   0,                   0,          0.00083684,          0.00083684,          0.00083684
                  86,            0.037355,           0.0040689,            0.001362,                   0,             0.59551,             0.76145,             0.57756,             0.65454,             0.29417,            0.044232,            0.017341,           0.0027406,                   0,                   0,          0.00083319,          0.00083319,          0.00083319
                  87,            0.045976,           0.0079576,           0.0034451,                   0,             0.61966,             0.77037,             0.58149,              0.6521,             0.30868,            0.044015,            0.017297,            0.002768,                   0,                   0,          0.00082952,          0.00082952,          0.00082952
                  88,            0.031994,           0.0064884,           0.0027848,                   0,             0.59834,             0.78061,             0.56189,             0.64921,             0.30219,            0.044302,             0.01733,            0.002748,                   0,                   0,          0.00082581,          0.00082581,          0.00082581
                  89,            0.045978,           0.0071086,          0.00069933,                   0,             0.60797,             0.78705,             0.59188,             0.66503,             0.31868,            0.043657,             0.01716,           0.0026898,                   0,                   0,          0.00082207,          0.00082207,          0.00082207
                  90,            0.023421,           0.0070866,           0.0010204,                   0,             0.59446,             0.78386,             0.59419,             0.66653,              0.3293,            0.043501,            0.017092,           0.0026434,                   0,                   0,           0.0008183,           0.0008183,           0.0008183
                  91,            0.029099,           0.0029337,          0.00075476,                   0,             0.60755,             0.71136,             0.64249,             0.67901,             0.32793,            0.042947,            0.017077,           0.0025955,                   0,                   0,           0.0008145,           0.0008145,           0.0008145
                  92,            0.027105,           0.0028299,          0.00082371,                   0,             0.60135,             0.78569,              0.5988,             0.68109,             0.33585,            0.043219,            0.016957,           0.0025468,                   0,                   0,          0.00081068,          0.00081068,          0.00081068
                  93,            0.034703,           0.0068735,           0.0024996,                   0,             0.61254,             0.78761,             0.59996,             0.68483,             0.34241,            0.042449,            0.016899,           0.0025049,                   0,                   0,          0.00080682,          0.00080682,          0.00080682
                  94,             0.03633,            0.011024,           0.0017574,                   0,             0.61104,             0.79005,             0.60111,             0.69071,             0.34229,            0.042913,            0.016931,           0.0025136,                   0,                   0,          0.00080294,          0.00080294,          0.00080294
                  95,            0.028654,           0.0047284,           0.0010812,                   0,             0.58179,             0.73603,             0.63696,             0.68937,             0.34201,            0.042852,            0.016944,           0.0025341,                   0,                   0,          0.00079903,          0.00079903,          0.00079903
                  96,            0.043924,           0.0028352,          0.00099138,                   0,             0.58901,             0.83826,             0.59073,             0.68882,             0.34208,            0.042824,            0.016969,            0.002517,                   0,                   0,          0.00079509,          0.00079509,          0.00079509
                  97,            0.035057,            0.011677,           0.0018305,                   0,              0.6062,             0.77776,              0.6357,             0.70477,             0.34144,            0.042651,            0.017007,           0.0025362,                   0,                   0,          0.00079112,          0.00079112,          0.00079112
                  98,            0.031086,           0.0040014,           0.0012005,                   0,             0.60631,             0.74377,             0.65991,             0.69852,             0.34523,            0.042833,            0.016944,           0.0025919,                   0,                   0,          0.00078713,          0.00078713,          0.00078713
                  99,            0.031046,            0.006098,           0.0014823,                   0,             0.60276,               0.802,             0.61701,             0.69332,             0.33033,            0.043412,            0.016931,           0.0026188,                   0,                   0,          0.00078311,          0.00078311,          0.00078311
                 100,            0.038201,            0.012221,           0.0011594,                   0,             0.61501,               0.767,             0.61678,             0.69271,             0.31432,            0.043307,            0.016975,           0.0026209,                   0,                   0,          0.00077907,          0.00077907,          0.00077907
                 101,            0.017948,           0.0027201,           0.0009943,                   0,             0.59415,              0.7713,             0.62639,               0.694,             0.34535,            0.042881,            0.016911,           0.0026368,                   0,                   0,            0.000775,            0.000775,            0.000775
                 102,            0.042591,           0.0067066,           0.0036305,                   0,             0.59911,             0.73578,             0.64492,             0.68974,             0.33684,             0.04301,            0.017031,           0.0025748,                   0,                   0,          0.00077091,          0.00077091,          0.00077091
                 103,            0.030732,           0.0084626,           0.0025129,                   0,             0.60752,             0.77622,             0.62878,             0.68793,             0.32943,            0.042759,            0.017155,           0.0025663,                   0,                   0,          0.00076679,          0.00076679,          0.00076679
                 104,            0.055722,           0.0093312,           0.0022834,                   0,             0.59907,             0.75494,             0.63685,             0.68737,             0.33492,            0.042879,            0.017254,           0.0025432,                   0,                   0,          0.00076265,          0.00076265,          0.00076265
                 105,            0.040719,           0.0062019,           0.0013959,                   0,             0.59748,             0.74457,             0.63569,             0.68447,             0.33096,            0.042849,            0.017257,           0.0024844,                   0,                   0,          0.00075848,          0.00075848,          0.00075848
                 106,            0.044812,            0.010947,           0.0012567,                   0,             0.61199,             0.76134,             0.62761,             0.68599,             0.33963,            0.042804,              0.0172,           0.0024679,                   0,                   0,           0.0007543,           0.0007543,           0.0007543
                 107,            0.045614,           0.0039479,           0.0021004,                   0,             0.60124,             0.73504,             0.62644,              0.6791,             0.30993,            0.043018,            0.017116,           0.0024665,                   0,                   0,          0.00075009,          0.00075009,          0.00075009
                 108,            0.037619,           0.0068235,           0.0026345,                   0,             0.59894,               0.803,             0.59993,             0.68685,              0.3308,            0.042729,            0.017018,            0.002451,                   0,                   0,          0.00074585,          0.00074585,          0.00074585
                 109,            0.037598,           0.0078569,            0.001622,                   0,             0.60502,              0.8062,             0.61033,             0.69173,             0.34093,            0.042738,            0.016962,           0.0024422,                   0,                   0,           0.0007416,           0.0007416,           0.0007416
                 110,            0.043465,           0.0037274,           0.0015879,                   0,             0.57954,             0.79398,             0.62117,             0.69834,             0.35154,            0.042317,             0.01697,           0.0024209,                   0,                   0,          0.00073733,          0.00073733,          0.00073733
                 111,            0.027019,           0.0063366,           0.0015335,                   0,             0.59672,             0.78368,              0.6295,             0.70798,             0.34548,            0.042813,            0.017002,           0.0023979,                   0,                   0,          0.00073303,          0.00073303,          0.00073303
                 112,            0.037287,           0.0061124,           0.0035861,                   0,             0.63691,             0.79527,             0.62756,             0.70464,             0.35546,            0.042378,            0.016939,           0.0023644,                   0,                   0,          0.00072872,          0.00072872,          0.00072872
                 113,            0.037391,           0.0074983,           0.0014526,                   0,             0.61263,             0.81485,               0.608,             0.69446,              0.3488,            0.042713,             0.01702,           0.0023615,                   0,                   0,          0.00072438,          0.00072438,          0.00072438
                 114,            0.033296,           0.0075801,           0.0013175,                   0,             0.60232,             0.80367,             0.60338,             0.68456,             0.33682,            0.042773,            0.017128,           0.0023819,                   0,                   0,          0.00072003,          0.00072003,          0.00072003
                 115,            0.025702,            0.005452,           0.0014449,                   0,             0.59529,             0.77557,             0.63313,             0.70052,             0.33934,            0.043305,            0.017182,           0.0024125,                   0,                   0,          0.00071566,          0.00071566,          0.00071566
                 116,            0.026485,           0.0015788,           0.0041875,                   0,             0.60743,              0.7958,               0.608,             0.69457,             0.34681,            0.043183,            0.017174,           0.0024336,                   0,                   0,          0.00071127,          0.00071127,          0.00071127
                 117,            0.027624,           0.0059937,           0.0013553,                   0,             0.60422,             0.75955,             0.62503,             0.69609,              0.3456,            0.043139,            0.017119,           0.0024671,                   0,                   0,          0.00070686,          0.00070686,          0.00070686
                 118,            0.042827,            0.015224,           0.0026295,                   0,              0.6044,             0.73299,             0.66437,              0.7034,              0.3484,            0.042753,            0.017182,           0.0024839,                   0,                   0,          0.00070243,          0.00070243,          0.00070243
                 119,            0.035979,           0.0057872,           0.0015498,                   0,             0.61298,             0.79085,             0.60569,             0.68619,             0.33744,            0.042916,            0.017258,           0.0025051,                   0,                   0,          0.00069799,          0.00069799,          0.00069799
                 120,            0.025184,           0.0019928,          0.00043762,                   0,             0.58506,             0.78275,              0.6207,             0.69401,             0.33932,            0.042672,            0.017347,           0.0025315,                   0,                   0,          0.00069353,          0.00069353,          0.00069353
                 121,            0.031637,           0.0076675,           0.0019618,                   0,             0.60957,             0.72064,             0.65798,             0.69499,              0.3374,            0.043104,            0.017343,           0.0025109,                   0,                   0,          0.00068906,          0.00068906,          0.00068906
                 122,            0.028308,           0.0055385,          0.00042637,                   0,             0.60474,             0.78507,             0.61723,             0.68881,             0.32616,            0.043105,            0.017223,           0.0024284,                   0,                   0,          0.00068457,          0.00068457,          0.00068457
                 123,             0.05473,           0.0052408,           0.0028073,                   0,              0.5879,             0.82824,             0.58863,             0.68574,             0.31501,            0.043048,            0.017208,           0.0023822,                   0,                   0,          0.00068006,          0.00068006,          0.00068006
                 124,            0.019269,           0.0037633,          0.00068767,                   0,             0.58679,             0.79446,             0.60455,             0.68856,             0.32959,             0.04286,            0.017078,           0.0023684,                   0,                   0,          0.00067555,          0.00067555,          0.00067555
                 125,            0.043129,           0.0055605,           0.0027308,                   0,             0.58232,             0.77727,             0.62415,             0.69974,             0.33555,            0.042707,            0.016996,           0.0023799,                   0,                   0,          0.00067101,          0.00067101,          0.00067101
                 126,            0.047991,            0.010188,           0.0041779,                   0,             0.59266,             0.74131,             0.66046,             0.70535,             0.34102,            0.042596,            0.016993,           0.0023957,                   0,                   0,          0.00066647,          0.00066647,          0.00066647
                 127,            0.038516,           0.0065164,           0.0016684,                   0,             0.61053,             0.74944,             0.66565,             0.70958,             0.34815,            0.042454,            0.016918,           0.0024285,                   0,                   0,          0.00066191,          0.00066191,          0.00066191
                 128,             0.03737,           0.0073321,           0.0014399,                   0,             0.62212,             0.76315,             0.65496,             0.71115,             0.34988,            0.042717,            0.016986,           0.0024297,                   0,                   0,          0.00065734,          0.00065734,          0.00065734
                 129,            0.036715,           0.0025094,           0.0022912,                   0,             0.58353,             0.75654,             0.65258,              0.7061,              0.3451,            0.042579,            0.017042,           0.0024377,                   0,                   0,          0.00065276,          0.00065276,          0.00065276
                 130,            0.045435,           0.0073613,           0.0022461,                   0,             0.59116,             0.75652,             0.65254,             0.69934,             0.34344,            0.042502,            0.017011,           0.0024016,                   0,                   0,          0.00064816,          0.00064816,          0.00064816
                 131,            0.034006,           0.0035765,           0.0007552,                   0,             0.59398,             0.77394,             0.63989,             0.70091,             0.33986,            0.042631,            0.016985,           0.0023343,                   0,                   0,          0.00064356,          0.00064356,          0.00064356
                 132,            0.042283,            0.010779,           0.0020292,                   0,               0.623,             0.77401,             0.63163,             0.69723,             0.33803,            0.042832,            0.017037,           0.0022755,                   0,                   0,          0.00063895,          0.00063895,          0.00063895
                 133,            0.075037,            0.011285,           0.0070422,                   0,             0.61237,             0.78136,             0.63797,             0.69459,             0.34599,            0.042325,            0.017027,           0.0022745,                   0,                   0,          0.00063432,          0.00063432,          0.00063432
                 134,            0.037372,            0.004747,           0.0015575,                   0,             0.59623,             0.77405,             0.63331,             0.69795,              0.3466,            0.042744,            0.017073,           0.0022973,                   0,                   0,          0.00062969,          0.00062969,          0.00062969
                 135,            0.038976,           0.0088866,           0.0012089,                   0,             0.60781,             0.76066,             0.65988,             0.70771,             0.34396,            0.042207,            0.016994,           0.0022541,                   0,                   0,          0.00062505,          0.00062505,          0.00062505
                 136,            0.057062,            0.024969,           0.0030835,                   0,             0.60256,             0.77543,             0.64489,             0.71027,             0.36342,            0.041941,            0.016946,           0.0022256,                   0,                   0,           0.0006204,           0.0006204,           0.0006204
                 137,             0.03997,            0.013559,          0.00094461,                   0,             0.62415,             0.79735,             0.64397,             0.71407,             0.35773,            0.041927,            0.016958,           0.0021713,                   0,                   0,          0.00061574,          0.00061574,          0.00061574
                 138,             0.03247,           0.0037679,          0.00060878,                   0,             0.59933,             0.77353,             0.66335,             0.71976,             0.35526,            0.041899,            0.016923,           0.0021378,                   0,                   0,          0.00061107,          0.00061107,          0.00061107
                 139,            0.033343,           0.0063364,           0.0023282,                   0,              0.6391,             0.79588,             0.65289,             0.71343,             0.35105,            0.041913,            0.016894,           0.0021224,                   0,                   0,           0.0006064,           0.0006064,           0.0006064
                 140,            0.026332,           0.0060544,           0.0011562,                   0,             0.60975,             0.79376,             0.64374,             0.70842,             0.35261,             0.04197,            0.016863,           0.0021316,                   0,                   0,          0.00060172,          0.00060172,          0.00060172
                 141,            0.042758,           0.0073322,            0.003392,                   0,              0.5984,             0.79304,             0.63661,             0.70451,             0.34251,             0.04183,            0.016947,            0.002169,                   0,                   0,          0.00059704,          0.00059704,          0.00059704
                 142,            0.030943,           0.0054407,           0.0016848,                   0,             0.59825,             0.77807,             0.64374,             0.70594,             0.36115,            0.041919,            0.017146,            0.002225,                   0,                   0,          0.00059235,          0.00059235,          0.00059235
                 143,            0.045351,            0.010668,           0.0061338,                   0,             0.58808,             0.79058,             0.64277,             0.70282,             0.35548,            0.042153,            0.017334,           0.0022673,                   0,                   0,          0.00058766,          0.00058766,          0.00058766
                 144,             0.02489,           0.0033342,           0.0019341,                   0,             0.60674,             0.75848,             0.64836,             0.70058,             0.35769,            0.042146,              0.0174,           0.0023086,                   0,                   0,          0.00058296,          0.00058296,          0.00058296
                 145,            0.019876,           0.0051263,          0.00053872,                   0,             0.62219,             0.75304,             0.64715,             0.70165,             0.35943,            0.042175,            0.017346,           0.0022847,                   0,                   0,          0.00057826,          0.00057826,          0.00057826
                 146,            0.036787,            0.003643,           0.0008088,                   0,             0.60914,              0.7311,             0.65652,             0.70381,             0.36365,            0.042393,            0.017266,           0.0022408,                   0,                   0,          0.00057355,          0.00057355,          0.00057355
                 147,            0.033512,             0.01109,           0.0021119,                   0,             0.60792,             0.77956,             0.63337,             0.70317,             0.35913,            0.042054,            0.017284,           0.0021857,                   0,                   0,          0.00056884,          0.00056884,          0.00056884
                 148,            0.023389,           0.0043446,            0.001137,                   0,              0.6004,             0.75891,             0.64373,             0.70022,             0.36113,            0.041624,            0.017336,           0.0021487,                   0,                   0,          0.00056413,          0.00056413,          0.00056413
                 149,            0.047666,           0.0074278,           0.0029237,                   0,             0.62524,             0.75523,             0.64025,             0.69673,             0.33029,            0.042218,              0.0175,            0.002129,                   0,                   0,          0.00055942,          0.00055942,          0.00055942
                 150,            0.023216,           0.0072896,          0.00037419,                   0,             0.59917,             0.76026,             0.63084,             0.69406,             0.34706,            0.042209,            0.017437,            0.002126,                   0,                   0,          0.00055471,          0.00055471,          0.00055471
                 151,            0.026607,           0.0079214,          0.00042831,                   0,              0.5997,             0.75963,             0.63794,             0.69748,             0.34827,            0.041898,            0.017464,           0.0021193,                   0,                   0,             0.00055,             0.00055,             0.00055
                 152,            0.034367,           0.0031214,          0.00037556,                   0,             0.58856,             0.78837,             0.64142,             0.70564,             0.33552,            0.042221,            0.017427,           0.0021243,                   0,                   0,          0.00054529,          0.00054529,          0.00054529
                 153,            0.036479,           0.0064168,           0.0012819,                   0,             0.59649,             0.77678,              0.6431,             0.70648,             0.35115,            0.041952,            0.017293,            0.002141,                   0,                   0,          0.00054058,          0.00054058,          0.00054058
                 154,            0.026566,           0.0056307,           0.0022548,                   0,             0.59639,              0.7971,             0.64005,             0.71613,             0.33871,            0.042229,            0.017359,           0.0021351,                   0,                   0,          0.00053587,          0.00053587,          0.00053587
                 155,            0.031524,           0.0055636,           0.0003811,                   0,               0.591,             0.80478,             0.64142,              0.7147,             0.36032,            0.041829,            0.017315,           0.0021159,                   0,                   0,          0.00053116,          0.00053116,          0.00053116
                 156,            0.031997,           0.0049601,          0.00082455,                   0,             0.59478,             0.81255,             0.63148,             0.71435,             0.35121,            0.041782,            0.017364,           0.0021051,                   0,                   0,          0.00052645,          0.00052645,          0.00052645
                 157,            0.036355,           0.0038563,           0.0019112,                   0,             0.60299,             0.80033,              0.6345,             0.71537,             0.35972,             0.04162,            0.017333,           0.0020938,                   0,                   0,          0.00052174,          0.00052174,          0.00052174
                 158,            0.028987,           0.0089453,          0.00090708,                   0,             0.59364,             0.79326,             0.64496,             0.71199,             0.35065,            0.041724,            0.017364,           0.0020946,                   0,                   0,          0.00051704,          0.00051704,          0.00051704
                 159,            0.041689,            0.015621,           0.0026186,                   0,               0.627,             0.78572,             0.64605,             0.70918,             0.35992,            0.041531,            0.017304,           0.0021295,                   0,                   0,          0.00051234,          0.00051234,          0.00051234
                 160,            0.030212,           0.0039892,          0.00063216,                   0,             0.61119,             0.76561,             0.64401,             0.70593,             0.36131,             0.04181,            0.017363,           0.0021589,                   0,                   0,          0.00050765,          0.00050765,          0.00050765
                 161,            0.037012,           0.0051402,           0.0023474,                   0,             0.60156,             0.77105,             0.64487,             0.70269,             0.35253,            0.041924,            0.017383,           0.0021876,                   0,                   0,          0.00050296,          0.00050296,          0.00050296
                 162,            0.018334,           0.0081955,          0.00072009,                   0,             0.60281,             0.77492,             0.65179,             0.71021,             0.35768,            0.041943,            0.017449,           0.0021937,                   0,                   0,          0.00049828,          0.00049828,          0.00049828
                 163,             0.03205,           0.0063691,           0.0011463,                   0,             0.64058,             0.77798,             0.64126,             0.70493,             0.35533,            0.042045,            0.017507,           0.0021939,                   0,                   0,           0.0004936,           0.0004936,           0.0004936
                 164,            0.027838,            0.010345,           0.0018205,                   0,             0.60241,             0.78494,             0.63776,             0.70435,             0.35017,            0.042226,             0.01759,           0.0022049,                   0,                   0,          0.00048893,          0.00048893,          0.00048893
                 165,            0.026007,           0.0062608,          0.00062752,                   0,             0.59853,              0.7928,             0.63681,             0.71297,             0.35014,             0.04191,            0.017502,           0.0022299,                   0,                   0,          0.00048426,          0.00048426,          0.00048426
                 166,             0.03304,           0.0050503,          0.00085496,                   0,             0.61272,             0.79375,             0.63797,             0.70986,             0.35084,            0.042002,            0.017408,           0.0022521,                   0,                   0,           0.0004796,           0.0004796,           0.0004796
                 167,            0.032273,           0.0075268,           0.0022849,                   0,             0.59628,             0.77901,             0.64259,             0.71313,             0.36408,            0.041565,            0.017179,           0.0022528,                   0,                   0,          0.00047495,          0.00047495,          0.00047495
                 168,            0.027618,           0.0060896,          0.00072047,                   0,             0.59299,             0.75543,              0.6613,             0.71455,             0.36131,            0.041525,             0.01709,           0.0022588,                   0,                   0,          0.00047031,          0.00047031,          0.00047031
                 169,            0.035494,           0.0060305,           0.0036283,                   0,             0.59404,             0.79909,             0.63337,             0.71578,             0.36331,            0.042083,            0.017162,           0.0022617,                   0,                   0,          0.00046568,          0.00046568,          0.00046568
                 170,            0.040031,            0.014653,           0.0023129,                   0,             0.60333,             0.75756,             0.66335,             0.71179,               0.356,            0.041902,             0.01728,           0.0021899,                   0,                   0,          0.00046105,          0.00046105,          0.00046105
                 171,            0.036928,            0.013103,           0.0039284,                   0,             0.60298,             0.77808,             0.65606,             0.71372,             0.35902,            0.041658,            0.017408,           0.0021383,                   0,                   0,          0.00045644,          0.00045644,          0.00045644
                 172,            0.019533,           0.0086624,           0.0013291,                   0,             0.60283,             0.77099,             0.64862,             0.70996,             0.35402,            0.041772,            0.017605,           0.0021224,                   0,                   0,          0.00045184,          0.00045184,          0.00045184
                 173,            0.011932,           0.0024901,            0.000149,                   0,             0.59851,              0.7715,             0.64014,              0.7068,             0.34606,            0.042056,            0.017721,           0.0021255,                   0,                   0,          0.00044724,          0.00044724,          0.00044724
                 174,            0.029654,           0.0069592,           0.0026729,                   0,             0.60095,             0.76597,             0.64264,              0.7083,             0.35235,            0.041593,            0.017483,            0.002139,                   0,                   0,          0.00044266,          0.00044266,          0.00044266
                 175,             0.01841,           0.0034909,           0.0006962,                   0,             0.61168,             0.78602,             0.65333,             0.71428,             0.35791,            0.041659,            0.017319,           0.0021511,                   0,                   0,          0.00043809,          0.00043809,          0.00043809
                 176,            0.031022,           0.0045263,          0.00036716,                   0,             0.59995,             0.77803,             0.65064,             0.71043,             0.34972,            0.041658,            0.017189,           0.0021904,                   0,                   0,          0.00043353,          0.00043353,          0.00043353
                 177,            0.030633,           0.0028462,          0.00064941,                   0,             0.59471,              0.7717,             0.65888,             0.71525,              0.3618,            0.041458,            0.017069,           0.0022238,                   0,                   0,          0.00042899,          0.00042899,          0.00042899
                 178,            0.031466,           0.0080153,           0.0016169,                   0,             0.59012,             0.74769,             0.65295,             0.70565,             0.35093,            0.041788,            0.017242,           0.0022406,                   0,                   0,          0.00042445,          0.00042445,          0.00042445
                 179,            0.042058,           0.0084634,           0.0026147,                   0,             0.59297,             0.77771,             0.62593,              0.7073,             0.35928,            0.041745,            0.017406,           0.0022747,                   0,                   0,          0.00041994,          0.00041994,          0.00041994
                 180,            0.049628,           0.0021563,           0.0073184,                   0,             0.60328,             0.78596,             0.63458,             0.71397,             0.35945,            0.041627,            0.017569,           0.0022843,                   0,                   0,          0.00041543,          0.00041543,          0.00041543
                 181,            0.025346,           0.0046805,           0.0034412,                   0,             0.59814,             0.81215,             0.61611,             0.71211,             0.35817,            0.041712,             0.01766,            0.002285,                   0,                   0,          0.00041094,          0.00041094,          0.00041094
                 182,            0.028614,            0.011904,           0.0020797,                   0,             0.60356,             0.78247,             0.63103,             0.70258,             0.35353,             0.04176,            0.017677,           0.0022689,                   0,                   0,          0.00040647,          0.00040647,          0.00040647
                 183,            0.039082,            0.023215,           0.0015299,                   0,             0.63689,              0.7967,             0.63524,             0.70453,             0.35863,            0.041425,            0.017586,           0.0022437,                   0,                   0,          0.00040201,          0.00040201,          0.00040201
                 184,            0.024651,           0.0057734,           0.0010899,                   0,             0.61213,             0.77115,             0.63854,             0.70321,             0.35388,            0.041679,            0.017611,           0.0022439,                   0,                   0,          0.00039757,          0.00039757,          0.00039757
                 185,            0.019288,            0.002591,          0.00045897,                   0,             0.61548,              0.7698,             0.65132,              0.7069,             0.36194,            0.041663,            0.017582,             0.00226,                   0,                   0,          0.00039314,          0.00039314,          0.00039314
                 186,            0.041387,           0.0039017,           0.0012996,                   0,             0.59948,             0.77489,             0.65236,             0.71268,             0.35379,            0.041734,            0.017579,           0.0022903,                   0,                   0,          0.00038873,          0.00038873,          0.00038873
                 187,            0.040281,             0.00675,          0.00085425,                   0,             0.58302,             0.76209,             0.65305,             0.70934,             0.35814,             0.04169,            0.017464,           0.0022715,                   0,                   0,          0.00038434,          0.00038434,          0.00038434
                 188,            0.035952,           0.0071132,           0.0010663,                   0,             0.58772,             0.77785,             0.65222,             0.71409,             0.34276,            0.041808,            0.017438,           0.0022246,                   0,                   0,          0.00037997,          0.00037997,          0.00037997
                 189,            0.028986,           0.0061189,          0.00067972,                   0,             0.59201,             0.75104,             0.66221,             0.71162,             0.35839,            0.041729,             0.01737,           0.0021677,                   0,                   0,          0.00037562,          0.00037562,          0.00037562
                 190,            0.031289,           0.0096824,            0.001174,                   0,             0.59902,             0.75781,             0.65898,             0.70839,             0.35954,            0.041947,            0.017411,           0.0021271,                   0,                   0,          0.00037128,          0.00037128,          0.00037128
                 191,            0.028396,           0.0041594,           0.0040514,                   0,             0.60764,              0.7592,             0.66509,             0.70773,             0.34208,            0.042082,            0.017563,           0.0021088,                   0,                   0,          0.00036697,          0.00036697,          0.00036697
                 192,            0.027759,           0.0083628,            0.001206,                   0,              0.6095,             0.77308,              0.6567,              0.7083,             0.35391,             0.04166,            0.017602,           0.0021049,                   0,                   0,          0.00036267,          0.00036267,          0.00036267
                 193,            0.040521,           0.0039321,           0.0012369,                   0,             0.58727,             0.77237,             0.65472,             0.70904,             0.35319,            0.041716,            0.017621,           0.0021149,                   0,                   0,           0.0003584,           0.0003584,           0.0003584
                 194,            0.036062,            0.014524,           0.0012102,                   0,             0.59613,              0.7764,             0.65834,             0.70758,             0.34451,            0.041841,            0.017743,           0.0021192,                   0,                   0,          0.00035415,          0.00035415,          0.00035415
                 195,            0.024605,           0.0086292,           0.0015788,                   0,             0.62375,             0.80714,              0.6668,             0.71772,             0.35311,            0.041852,            0.017799,           0.0021188,                   0,                   0,          0.00034991,          0.00034991,          0.00034991
                 196,            0.036924,            0.014904,           0.0027759,                   0,             0.65161,             0.77702,             0.65787,             0.70478,              0.3538,            0.041854,            0.017744,           0.0021257,                   0,                   0,           0.0003457,           0.0003457,           0.0003457
                 197,            0.025378,           0.0041928,          0.00052296,                   0,             0.59591,             0.78267,             0.66858,             0.71927,             0.35542,            0.041986,            0.017655,           0.0021265,                   0,                   0,          0.00034152,          0.00034152,          0.00034152
                 198,            0.027648,           0.0039128,          0.00041585,                   0,              0.5944,             0.77726,             0.66707,             0.71884,             0.36662,            0.041558,            0.017547,           0.0021299,                   0,                   0,          0.00033735,          0.00033735,          0.00033735
                 199,              0.0208,           0.0058953,           0.0013434,                   0,             0.60146,             0.78192,              0.6449,             0.71297,             0.36174,            0.041552,            0.017507,            0.002168,                   0,                   0,          0.00033321,          0.00033321,          0.00033321
                 200,            0.031244,           0.0060525,           0.0020345,                   0,             0.59666,             0.72907,             0.67025,             0.70498,             0.33705,            0.042387,            0.017789,           0.0022762,                   0,                   0,          0.00032909,          0.00032909,          0.00032909
                 201,            0.021584,           0.0073693,           0.0040047,                   0,             0.60561,              0.7258,             0.63561,             0.68771,             0.35402,            0.042068,            0.017858,           0.0024052,                   0,                   0,            0.000325,            0.000325,            0.000325
                 202,            0.045947,           0.0093587,            0.001405,                   0,              0.5873,             0.75366,              0.6322,             0.68649,             0.35835,            0.042068,            0.017889,           0.0024356,                   0,                   0,          0.00032093,          0.00032093,          0.00032093
                 203,            0.027365,           0.0056054,          0.00088208,                   0,             0.59313,             0.75293,             0.63957,             0.68959,             0.36119,            0.041953,            0.017907,           0.0023882,                   0,                   0,          0.00031689,          0.00031689,          0.00031689
                 204,             0.03468,           0.0093543,           0.0024536,                   0,             0.61122,             0.74038,             0.63638,             0.69032,             0.35769,            0.041904,            0.017785,           0.0023163,                   0,                   0,          0.00031287,          0.00031287,          0.00031287
                 205,            0.025295,              0.0123,           0.0005752,                   0,             0.60721,             0.75534,             0.64457,             0.70224,             0.35988,            0.041608,            0.017615,            0.002261,                   0,                   0,          0.00030888,          0.00030888,          0.00030888
                 206,            0.027881,           0.0069885,          0.00033569,                   0,             0.61126,              0.7636,             0.65025,             0.70977,             0.36437,            0.041576,            0.017633,           0.0021993,                   0,                   0,          0.00030491,          0.00030491,          0.00030491
                 207,            0.032807,           0.0061373,           0.0028687,                   0,             0.60058,             0.75949,             0.64595,             0.70606,             0.36284,            0.041756,            0.017674,           0.0022103,                   0,                   0,          0.00030097,          0.00030097,          0.00030097
                 208,            0.012627,           0.0011388,          0.00042159,                   0,             0.60456,             0.76768,             0.63888,             0.70227,             0.36463,            0.041811,            0.017814,           0.0022481,                   0,                   0,          0.00029706,          0.00029706,          0.00029706
                 209,            0.032715,           0.0054361,           0.0018903,                   0,             0.58941,              0.7787,             0.64084,             0.70284,             0.36215,            0.041563,             0.01779,           0.0022763,                   0,                   0,          0.00029318,          0.00029318,          0.00029318
                 210,            0.015125,           0.0066857,          0.00034962,                   0,             0.60603,             0.75054,             0.65029,             0.69729,              0.3591,             0.04178,             0.01774,           0.0023024,                   0,                   0,          0.00028932,          0.00028932,          0.00028932
                 211,            0.026078,           0.0031852,           0.0004398,                   0,              0.5893,             0.76911,             0.64143,             0.70128,             0.35708,            0.041796,            0.017682,           0.0022616,                   0,                   0,           0.0002855,           0.0002855,           0.0002855
                 212,            0.034537,           0.0051508,           0.0013619,                   0,             0.60526,              0.7743,             0.65184,             0.70857,             0.35518,            0.041802,            0.017614,           0.0021895,                   0,                   0,           0.0002817,           0.0002817,           0.0002817
                 213,            0.025425,           0.0090952,          0.00099786,                   0,              0.6429,             0.78628,              0.6541,             0.71291,             0.35662,            0.041671,            0.017569,           0.0021636,                   0,                   0,          0.00027793,          0.00027793,          0.00027793
                 214,            0.017507,           0.0043336,          0.00048897,                   0,             0.59592,             0.78045,             0.65055,             0.71507,             0.36326,            0.041747,             0.01753,           0.0021346,                   0,                   0,          0.00027419,          0.00027419,          0.00027419
                 215,            0.043203,           0.0099394,           0.0018844,                   0,             0.59657,             0.78149,             0.66287,             0.72056,             0.37043,            0.041503,            0.017459,           0.0021177,                   0,                   0,          0.00027048,          0.00027048,          0.00027048
                 216,            0.020834,           0.0054803,           0.0006344,                   0,             0.59655,             0.79609,             0.66554,             0.71736,             0.36236,            0.041678,            0.017453,           0.0021087,                   0,                   0,          0.00026681,          0.00026681,          0.00026681
                 217,            0.016206,           0.0060677,           0.0011003,                   0,             0.58592,             0.78443,             0.65526,             0.71392,             0.36069,            0.041893,            0.017422,           0.0021112,                   0,                   0,          0.00026316,          0.00026316,          0.00026316
                 218,            0.028411,           0.0049811,          0.00030317,                   0,             0.59761,             0.71645,             0.68547,             0.70994,             0.36281,            0.041424,            0.017477,           0.0021079,                   0,                   0,          0.00025954,          0.00025954,          0.00025954
                 219,            0.026959,           0.0041955,           0.0024644,                   0,             0.61421,             0.72449,             0.68568,             0.70704,             0.35725,            0.041616,            0.017587,           0.0021178,                   0,                   0,          0.00025596,          0.00025596,          0.00025596
                 220,            0.037289,           0.0058427,          0.00072976,                   0,             0.59259,             0.72002,             0.69331,             0.71463,             0.36311,            0.041735,            0.017587,           0.0021121,                   0,                   0,          0.00025241,          0.00025241,          0.00025241
                 221,            0.040003,           0.0049613,           0.0015461,                   0,             0.58935,             0.75087,             0.65526,             0.70931,             0.36154,            0.041591,            0.017594,           0.0021017,                   0,                   0,          0.00024889,          0.00024889,          0.00024889
                 222,            0.022157,           0.0071695,          0.00068026,                   0,             0.59724,             0.75198,             0.65862,              0.7129,             0.36294,            0.041703,            0.017566,           0.0020981,                   0,                   0,          0.00024541,          0.00024541,          0.00024541
                 223,            0.039711,           0.0082081,           0.0019191,                   0,              0.5975,             0.75059,             0.65122,             0.70983,             0.36488,            0.041351,            0.017548,              0.0021,                   0,                   0,          0.00024195,          0.00024195,          0.00024195
                 224,            0.032196,            0.006991,           0.0019968,                   0,             0.59968,             0.75634,             0.67162,             0.71566,             0.36142,            0.041467,            0.017526,           0.0020908,                   0,                   0,          0.00023854,          0.00023854,          0.00023854
                 225,            0.027436,           0.0061894,            0.001924,                   0,             0.58693,             0.77474,             0.67476,             0.72096,             0.36864,            0.041286,            0.017435,           0.0020811,                   0,                   0,          0.00023515,          0.00023515,          0.00023515
                 226,            0.036856,            0.020263,           0.0015846,                   0,             0.62664,             0.75265,             0.68986,             0.72204,             0.36873,            0.041252,            0.017398,           0.0020838,                   0,                   0,           0.0002318,           0.0002318,           0.0002318
                 227,            0.020845,           0.0075975,            0.001055,                   0,             0.61031,             0.77147,             0.66119,             0.71755,             0.37638,            0.041177,            0.017419,           0.0020915,                   0,                   0,          0.00022849,          0.00022849,          0.00022849
                 228,             0.03262,            0.010697,           0.0023872,                   0,              0.6019,              0.7834,             0.66213,             0.71822,             0.37263,            0.041196,            0.017539,           0.0021173,                   0,                   0,          0.00022521,          0.00022521,          0.00022521
                 229,            0.019682,           0.0056924,          0.00048468,                   0,             0.59273,             0.78596,             0.65679,             0.71809,             0.37112,            0.041369,            0.017654,           0.0021539,                   0,                   0,          0.00022196,          0.00022196,          0.00022196
                 230,            0.021988,           0.0046163,          0.00035849,                   0,             0.61337,             0.78183,             0.65297,             0.71685,             0.37107,            0.041056,            0.017663,            0.002177,                   0,                   0,          0.00021876,          0.00021876,          0.00021876
                 231,            0.033331,            0.005558,           0.0013507,                   0,             0.62131,             0.78209,             0.65412,             0.71318,              0.3661,            0.041347,            0.017706,           0.0021843,                   0,                   0,          0.00021558,          0.00021558,          0.00021558
                 232,            0.033824,           0.0067454,           0.0044461,                   0,             0.59418,             0.77844,             0.65528,             0.71433,             0.37184,            0.041049,            0.017582,           0.0021628,                   0,                   0,          0.00021245,          0.00021245,          0.00021245
                 233,            0.026775,           0.0020313,           0.0018198,                   0,             0.59982,             0.76883,             0.65527,             0.71195,             0.36669,            0.041295,            0.017525,           0.0021501,                   0,                   0,          0.00020935,          0.00020935,          0.00020935
                 234,            0.029745,            0.011074,           0.0018628,                   0,             0.59765,             0.74131,              0.6841,             0.71009,             0.36896,            0.041148,            0.017466,           0.0021517,                   0,                   0,          0.00020629,          0.00020629,          0.00020629
                 235,              0.0233,           0.0054323,          0.00092913,                   0,             0.59925,             0.74758,             0.67358,              0.7117,             0.36494,            0.041188,            0.017471,           0.0021703,                   0,                   0,          0.00020327,          0.00020327,          0.00020327
                 236,            0.016253,           0.0026401,          0.00079701,                   0,              0.6042,              0.7423,             0.69542,             0.71729,             0.36656,            0.041156,            0.017456,           0.0021788,                   0,                   0,          0.00020028,          0.00020028,          0.00020028
                 237,            0.029848,           0.0063638,           0.0013528,                   0,             0.61281,             0.77795,             0.65903,             0.71861,             0.36647,            0.041101,            0.017456,           0.0021771,                   0,                   0,          0.00019734,          0.00019734,          0.00019734
                 238,            0.018246,           0.0046878,          0.00052735,                   0,             0.59354,             0.75742,             0.69722,             0.72664,             0.36964,            0.041305,            0.017438,           0.0021764,                   0,                   0,          0.00019443,          0.00019443,          0.00019443
                 239,             0.02272,            0.004684,          0.00072689,                   0,             0.58898,             0.75316,              0.6984,             0.72655,             0.36993,             0.04127,            0.017404,           0.0021637,                   0,                   0,          0.00019156,          0.00019156,          0.00019156
                 240,            0.036232,           0.0043518,          0.00034191,                   0,             0.59886,             0.75142,              0.6991,             0.72658,             0.36944,            0.041127,             0.01739,           0.0021474,                   0,                   0,          0.00018873,          0.00018873,          0.00018873
                 241,            0.031863,            0.010847,          0.00057089,                   0,             0.58952,             0.78652,             0.66582,             0.72309,             0.36753,            0.041009,            0.017402,           0.0021539,                   0,                   0,          0.00018594,          0.00018594,          0.00018594
                 242,            0.029206,           0.0084304,           0.0013273,                   0,             0.60313,             0.79075,             0.66653,              0.7256,              0.3701,            0.041185,            0.017405,           0.0021648,                   0,                   0,          0.00018319,          0.00018319,          0.00018319
                 243,            0.025414,           0.0079444,          0.00064977,                   0,             0.58984,             0.75497,             0.68525,             0.72021,             0.36728,            0.041099,            0.017556,           0.0021604,                   0,                   0,          0.00018048,          0.00018048,          0.00018048
                 244,            0.031343,             0.01019,           0.0016609,                   0,              0.6001,             0.76074,             0.69102,             0.72326,             0.37184,            0.041191,            0.017636,           0.0021806,                   0,                   0,          0.00017781,          0.00017781,          0.00017781
                 245,            0.031298,           0.0064841,          0.00037076,                   0,             0.61753,             0.76433,             0.67339,             0.71211,             0.37119,             0.04115,            0.017733,           0.0021715,                   0,                   0,          0.00017519,          0.00017519,          0.00017519
                 246,            0.015579,           0.0019947,          0.00019495,                   0,             0.59107,             0.74501,             0.69769,             0.71725,             0.37539,            0.041059,            0.017647,           0.0021629,                   0,                   0,           0.0001726,           0.0001726,           0.0001726
                 247,            0.050421,           0.0066501,           0.0051952,                   0,             0.60256,             0.75769,             0.67221,             0.70822,             0.35206,            0.041413,            0.017781,           0.0021571,                   0,                   0,          0.00017005,          0.00017005,          0.00017005
                 248,            0.033875,           0.0021555,          0.00048903,                   0,             0.59256,             0.77507,             0.65055,             0.71025,             0.36671,             0.04135,             0.01775,           0.0021299,                   0,                   0,          0.00016755,          0.00016755,          0.00016755
                 249,            0.033159,           0.0083892,          0.00089013,                   0,             0.59366,             0.78456,              0.6472,             0.70693,             0.37343,            0.041191,            0.017655,           0.0021199,                   0,                   0,          0.00016509,          0.00016509,          0.00016509
                 250,            0.027684,           0.0024882,          0.00035648,                   0,             0.58294,             0.77566,             0.64359,             0.70752,             0.36496,            0.041354,            0.017733,            0.002117,                   0,                   0,          0.00016267,          0.00016267,          0.00016267
                 251,            0.046523,            0.012165,           0.0027993,                   0,              0.6555,             0.71928,              0.6864,             0.70275,             0.36186,            0.041534,            0.017751,           0.0021272,                   0,                   0,          0.00016029,          0.00016029,          0.00016029
                 252,            0.020246,           0.0017536,          0.00015181,                   0,             0.58778,             0.74755,             0.67545,             0.71342,              0.3617,            0.041595,             0.01772,           0.0021259,                   0,                   0,          0.00015795,          0.00015795,          0.00015795
                 253,             0.02486,           0.0088792,           0.0017445,                   0,              0.6025,             0.75941,             0.67097,             0.71347,             0.36595,            0.041441,            0.017709,           0.0021142,                   0,                   0,          0.00015566,          0.00015566,          0.00015566
                 254,            0.047223,           0.0027676,           0.0059395,                   0,             0.58991,             0.76533,             0.66907,             0.71417,             0.36915,            0.041208,            0.017709,           0.0020972,                   0,                   0,          0.00015341,          0.00015341,          0.00015341
                 255,            0.026716,           0.0089635,          0.00036083,                   0,             0.60572,             0.75835,             0.68919,             0.72261,              0.3713,            0.041245,            0.017668,           0.0020843,                   0,                   0,          0.00015121,          0.00015121,          0.00015121
                 256,            0.021199,           0.0050582,           0.0015243,                   0,             0.59554,             0.75025,             0.67556,             0.71384,             0.37259,             0.04115,            0.017631,           0.0020913,                   0,                   0,          0.00014905,          0.00014905,          0.00014905
                 257,            0.036899,            0.003308,          0.00079839,                   0,             0.59025,             0.74733,             0.67488,             0.71698,              0.3782,            0.041167,            0.017657,           0.0021079,                   0,                   0,          0.00014693,          0.00014693,          0.00014693
                 258,            0.032978,            0.002831,          0.00072565,                   0,             0.59628,             0.77862,             0.66219,             0.72346,             0.37053,            0.041163,            0.017619,           0.0021157,                   0,                   0,          0.00014486,          0.00014486,          0.00014486
                 259,            0.014082,            0.002501,          0.00034493,                   0,             0.59069,             0.75298,             0.68642,              0.7236,             0.37417,            0.041152,            0.017584,           0.0021225,                   0,                   0,          0.00014283,          0.00014283,          0.00014283
                 260,             0.02975,           0.0020605,           0.0010203,                   0,             0.58407,             0.75191,             0.68706,              0.7226,             0.38176,            0.041049,            0.017538,           0.0021136,                   0,                   0,          0.00014084,          0.00014084,          0.00014084
                 261,            0.030707,           0.0030504,           0.0040085,                   0,             0.58896,             0.75522,             0.68689,             0.72723,             0.38025,            0.041106,            0.017518,           0.0021158,                   0,                   0,           0.0001389,           0.0001389,           0.0001389
                 262,            0.015606,           0.0031565,          0.00070012,                   0,             0.61588,             0.75324,             0.69334,             0.72604,             0.38089,            0.040976,            0.017494,           0.0021041,                   0,                   0,          0.00013701,          0.00013701,          0.00013701
                 263,            0.030847,           0.0061918,           0.0014829,                   0,              0.6014,             0.74836,             0.69608,             0.72681,             0.38389,            0.040778,            0.017462,           0.0020942,                   0,                   0,          0.00013516,          0.00013516,          0.00013516
                 264,            0.043903,           0.0015844,          0.00063387,                   0,             0.59413,             0.75103,              0.7013,             0.72664,             0.37303,            0.040947,            0.017529,           0.0020846,                   0,                   0,          0.00013336,          0.00013336,          0.00013336
                 265,             0.02214,           0.0040988,          0.00029816,                   0,             0.60206,             0.75067,             0.69334,             0.71755,             0.37412,            0.040887,            0.017589,           0.0020762,                   0,                   0,           0.0001316,           0.0001316,           0.0001316
                 266,            0.040532,           0.0074093,           0.0015423,                   0,             0.60145,             0.73881,             0.69498,             0.72042,              0.3761,            0.040914,            0.017614,           0.0020676,                   0,                   0,          0.00012989,          0.00012989,          0.00012989
                 267,            0.017512,           0.0043116,          0.00020348,                   0,             0.59111,             0.75062,             0.69787,             0.72471,             0.37817,            0.040966,            0.017544,            0.002086,                   0,                   0,          0.00012822,          0.00012822,          0.00012822
                 268,            0.018955,           0.0015752,          0.00026313,                   0,             0.58386,             0.73467,             0.70025,             0.72403,             0.37057,            0.041206,            0.017554,           0.0021128,                   0,                   0,           0.0001266,           0.0001266,           0.0001266
                 269,            0.028763,           0.0071996,            0.002808,                   0,              0.6012,             0.72623,             0.69932,             0.72062,             0.38148,             0.04097,            0.017502,           0.0021185,                   0,                   0,          0.00012503,          0.00012503,          0.00012503
                 270,            0.041133,           0.0047097,           0.0013462,                   0,             0.60063,             0.72559,             0.69334,             0.71883,             0.37598,            0.041083,            0.017549,           0.0021269,                   0,                   0,           0.0001235,           0.0001235,           0.0001235
                 271,            0.032974,           0.0048365,           0.0042027,                   0,             0.60275,             0.74131,              0.6818,             0.71458,             0.37236,            0.041311,            0.017594,           0.0021429,                   0,                   0,          0.00012202,          0.00012202,          0.00012202
                 272,            0.033842,           0.0094231,            0.002594,                   0,             0.60349,              0.7963,             0.65155,             0.71827,             0.36794,            0.041221,            0.017611,           0.0021645,                   0,                   0,          0.00012059,          0.00012059,          0.00012059
                 273,            0.015235,           0.0044718,          0.00017352,                   0,             0.60789,             0.77249,             0.66828,             0.71686,             0.36672,            0.041288,            0.017654,           0.0021852,                   0,                   0,          0.00011921,          0.00011921,          0.00011921
                 274,            0.027772,            0.010719,           0.0011094,                   0,             0.60197,             0.76173,             0.66947,             0.71483,             0.37062,            0.041245,             0.01773,           0.0022054,                   0,                   0,          0.00011787,          0.00011787,          0.00011787
                 275,            0.018595,           0.0031254,          0.00081846,                   0,             0.58298,             0.78137,             0.65067,             0.71063,             0.37349,            0.041293,             0.01779,           0.0022044,                   0,                   0,          0.00011658,          0.00011658,          0.00011658
                 276,            0.016581,           0.0063944,          0.00022407,                   0,             0.60507,             0.75124,             0.67262,             0.71235,              0.3682,            0.041287,            0.017819,            0.002204,                   0,                   0,          0.00011533,          0.00011533,          0.00011533
                 277,            0.028788,           0.0060056,           0.0010156,                   0,             0.58466,              0.7583,             0.66665,             0.70977,             0.36932,            0.041392,             0.01784,           0.0021986,                   0,                   0,          0.00011414,          0.00011414,          0.00011414
                 278,            0.026709,           0.0067689,          0.00088107,                   0,              0.5978,             0.75699,             0.67838,             0.71466,             0.37339,            0.041219,             0.01775,            0.002206,                   0,                   0,          0.00011299,          0.00011299,          0.00011299
                 279,            0.019665,           0.0027076,          0.00064193,                   0,             0.59964,              0.7689,             0.66567,              0.7136,             0.37821,            0.041099,            0.017718,           0.0021936,                   0,                   0,          0.00011189,          0.00011189,          0.00011189
                 280,            0.034238,           0.0073636,           0.0037819,                   0,             0.59484,             0.75194,             0.67966,             0.71315,             0.37456,            0.041189,             0.01778,           0.0021943,                   0,                   0,          0.00011084,          0.00011084,          0.00011084
                 281,            0.019437,           0.0034061,          0.00042817,                   0,             0.61196,              0.7404,             0.69025,             0.71961,             0.37486,            0.041018,            0.017721,           0.0021867,                   0,                   0,          0.00010983,          0.00010983,          0.00010983
                 282,            0.034391,           0.0079513,           0.0010963,                   0,             0.59686,             0.79904,             0.65067,             0.71997,             0.37203,            0.041036,            0.017716,           0.0021762,                   0,                   0,          0.00010888,          0.00010888,          0.00010888
                 283,            0.024059,           0.0048384,           0.0010916,                   0,             0.59142,             0.78115,             0.66628,             0.72084,             0.37666,             0.04091,            0.017687,           0.0021703,                   0,                   0,          0.00010797,          0.00010797,          0.00010797
                 284,            0.029121,           0.0071137,            0.001522,                   0,             0.60804,             0.76148,             0.68527,             0.72464,             0.37548,            0.040935,             0.01764,           0.0021617,                   0,                   0,          0.00010711,          0.00010711,          0.00010711
                 285,            0.029909,           0.0050894,           0.0002166,                   0,             0.58778,             0.74577,             0.69595,             0.72866,             0.37787,            0.041058,            0.017656,           0.0021496,                   0,                   0,           0.0001063,           0.0001063,           0.0001063
                 286,            0.036672,           0.0093953,           0.0022519,                   0,             0.60042,             0.75654,             0.69565,             0.72824,             0.38013,            0.040972,            0.017652,            0.002118,                   0,                   0,          0.00010554,          0.00010554,          0.00010554
                 287,            0.028027,           0.0026445,          0.00041146,                   0,             0.58728,             0.75932,             0.70371,             0.73476,             0.38151,            0.040991,            0.017671,           0.0020968,                   0,                   0,          0.00010483,          0.00010483,          0.00010483
                 288,            0.033851,            0.012437,           0.0026491,                   0,             0.61813,             0.75507,             0.70256,             0.73198,             0.37528,            0.040961,            0.017713,           0.0020804,                   0,                   0,          0.00010416,          0.00010416,          0.00010416
                 289,            0.040821,            0.010125,           0.0059894,                   0,             0.61091,             0.74963,             0.69679,             0.72015,             0.37612,            0.040889,            0.017708,            0.002068,                   0,                   0,          0.00010355,          0.00010355,          0.00010355
                 290,            0.028534,           0.0090141,            0.001209,                   0,             0.59603,             0.74922,             0.68296,             0.71965,             0.37106,            0.040987,            0.017744,           0.0020681,                   0,                   0,          0.00010298,          0.00010298,          0.00010298
                 291,            0.028915,           0.0034164,            0.001069,                   0,             0.58815,             0.75606,             0.68641,              0.7261,             0.37366,             0.04086,            0.017705,           0.0020648,                   0,                   0,          0.00010247,          0.00010247,          0.00010247
                 292,            0.025899,           0.0067487,            0.000842,                   0,             0.61459,             0.75513,             0.69103,             0.73149,             0.37111,            0.040865,            0.017664,           0.0020679,                   0,                   0,            0.000102,            0.000102,            0.000102
                 293,            0.030788,           0.0051321,          0.00033502,                   0,             0.60734,             0.76584,             0.68928,             0.73114,             0.37313,            0.040939,             0.01768,           0.0020708,                   0,                   0,          0.00010158,          0.00010158,          0.00010158
                 294,            0.039937,            0.010798,            0.001213,                   0,             0.59116,             0.75851,             0.69449,             0.72974,             0.37936,            0.040857,            0.017653,           0.0020928,                   0,                   0,          0.00010121,          0.00010121,          0.00010121
                 295,            0.020003,           0.0052347,           0.0014645,                   0,             0.59435,             0.76072,             0.69419,             0.72802,             0.38129,            0.040853,            0.017647,           0.0021004,                   0,                   0,          0.00010089,          0.00010089,          0.00010089
                 296,            0.024638,           0.0056033,           0.0036512,                   0,             0.61214,             0.75383,             0.69449,             0.72829,             0.37631,            0.040959,            0.017717,           0.0021136,                   0,                   0,          0.00010062,          0.00010062,          0.00010062
                 297,             0.01623,           0.0048554,          0.00050045,                   0,             0.60744,             0.76451,             0.67307,             0.72076,             0.37343,            0.041033,            0.017744,           0.0021283,                   0,                   0,          0.00010039,          0.00010039,          0.00010039
                 298,            0.046152,           0.0088572,           0.0019856,                   0,              0.6067,             0.77646,             0.67488,             0.72545,             0.37459,            0.040963,            0.017719,           0.0021382,                   0,                   0,          0.00010022,          0.00010022,          0.00010022
                 299,            0.031175,           0.0069881,           0.0020337,                   0,             0.58925,             0.77209,             0.67027,             0.71933,              0.3691,            0.040994,            0.017741,           0.0021491,                   0,                   0,           0.0001001,           0.0001001,           0.0001001
