               epoch,      train/box_loss,      train/obj_loss,      train/cls_loss,     train/lmmd_loss,       train/fg_loss,   metrics/precision,      metrics/recall,     metrics/mAP_0.5,metrics/mAP_0.5:0.95,        val/box_loss,        val/obj_loss,        val/cls_loss,       val/lmmd_loss,         val/fg_loss,               x/lr0,               x/lr1,               x/lr2
                   0,            0.090032,            0.015379,            0.012705,                   0,             0.65595,                   0,                   0,                   0,                   0,              0.0853,            0.026039,            0.011964,                   0,                   0,            0.097426,             2.6e-05,             2.6e-05
                   1,            0.081916,            0.011606,            0.010283,                   0,             0.62928,                   0,                   0,                   0,                   0,            0.083371,            0.025676,            0.011406,                   0,                   0,            0.094753,          5.2999e-05,          5.2999e-05
                   2,             0.11857,             0.01143,            0.019897,                   0,             0.64027,                   0,                   0,                   0,                   0,            0.081669,            0.026317,            0.010851,                   0,                   0,             0.09208,          7.9992e-05,          7.9992e-05
                   3,            0.091623,           0.0088392,            0.013391,                   0,             0.62896,                   0,                   0,                   0,                   0,            0.080317,            0.027054,            0.010476,                   0,                   0,            0.089407,          0.00010698,          0.00010698
                   4,            0.078267,            0.014907,             0.01007,                   0,             0.63067,                   0,                   0,                   0,                   0,            0.078594,            0.028351,            0.010115,                   0,                   0,            0.086734,          0.00013395,          0.00013395
                   5,             0.04601,           0.0082545,            0.004493,                   0,             0.60758,                   0,                   0,                   0,                   0,            0.077296,            0.029268,           0.0098776,                   0,                   0,            0.084061,           0.0001609,           0.0001609
                   6,            0.077728,            0.014702,             0.00882,                   0,              0.6234,                   0,                   0,                   0,                   0,            0.075354,            0.030567,           0.0095435,                   0,                   0,            0.081388,          0.00018783,          0.00018783
                   7,            0.066833,           0.0095552,            0.010091,                   0,             0.61851,                   0,                   0,                   0,                   0,            0.073653,            0.031873,           0.0092358,                   0,                   0,            0.078715,          0.00021474,          0.00021474
                   8,             0.10258,           0.0094044,            0.016504,                   0,             0.63577,                   0,                   0,                   0,                   0,            0.071928,            0.033012,           0.0089241,                   0,                   0,            0.076042,          0.00024162,          0.00024162
                   9,             0.10759,            0.016867,            0.018423,                   0,             0.63439,           3.299e-05,           0.0011442,            1.66e-05,            1.66e-06,            0.070509,            0.034059,           0.0086229,                   0,                   0,            0.073368,          0.00026846,          0.00026846
                  10,            0.072008,            0.014385,           0.0084375,                   0,             0.63393,           0.0012563,            0.043478,          0.00068407,           0.0001646,            0.068733,            0.035247,           0.0081834,                   0,                   0,            0.070695,          0.00029527,          0.00029527
                  11,             0.07011,            0.020819,           0.0089266,                   0,             0.64041,           0.0024977,            0.088101,           0.0014734,          0.00037879,            0.066632,            0.036778,           0.0078745,                   0,                   0,            0.068022,          0.00032204,          0.00032204
                  12,            0.072803,            0.012874,           0.0096399,                   0,             0.62497,           0.0032673,             0.11556,           0.0020123,          0.00061857,            0.066452,            0.037277,           0.0075975,                   0,                   0,            0.065349,          0.00034876,          0.00034876
                  13,            0.063207,            0.018849,           0.0080951,                   0,             0.62679,           0.0069481,             0.24142,           0.0053616,             0.00185,            0.064744,            0.038509,           0.0073659,                   0,                   0,            0.062675,          0.00037543,          0.00037543
                  14,            0.073315,            0.017243,            0.011739,                   0,             0.60714,           0.0084143,             0.29519,            0.010607,           0.0037061,            0.062809,            0.039837,           0.0071269,                   0,                   0,            0.060002,          0.00040205,          0.00040205
                  15,            0.088415,            0.017384,            0.015242,                   0,             0.62277,           0.0096789,             0.33524,            0.023819,           0.0078347,            0.061778,            0.041049,           0.0069113,                   0,                   0,            0.057329,          0.00042861,          0.00042861
                  16,            0.076182,            0.018611,            0.015104,                   0,             0.60945,            0.010232,             0.36156,            0.063047,            0.019259,            0.060626,            0.042195,           0.0067076,                   0,                   0,            0.054655,          0.00045511,          0.00045511
                  17,             0.04929,            0.009487,           0.0060717,                   0,              0.6091,             0.01022,             0.36384,             0.13121,            0.042494,            0.059539,             0.04334,           0.0065355,                   0,                   0,            0.051982,          0.00048155,          0.00048155
                  18,            0.074935,           0.0082595,            0.011839,                   0,             0.58415,            0.010322,             0.37414,             0.18161,            0.058288,             0.05864,            0.044164,           0.0063148,                   0,                   0,            0.049308,          0.00050792,          0.00050792
                  19,            0.074246,            0.011647,            0.017952,                   0,             0.62763,            0.010418,             0.37986,             0.18978,            0.056708,            0.058203,            0.045009,           0.0062018,                   0,                   0,            0.046634,          0.00053421,          0.00053421
                  20,            0.061915,            0.021993,           0.0064757,                   0,             0.62432,            0.010611,             0.38334,             0.22794,            0.073175,             0.05597,            0.046662,           0.0060903,                   0,                   0,             0.04396,          0.00056043,          0.00056043
                  21,             0.06227,            0.019141,            0.008618,                   0,             0.62427,             0.01032,             0.37876,             0.22745,            0.077648,             0.05579,            0.046965,           0.0059546,                   0,                   0,            0.041287,          0.00058657,          0.00058657
                  22,            0.056767,            0.015335,           0.0053549,                   0,             0.62622,            0.010608,             0.39249,             0.22893,            0.082502,            0.054583,             0.04811,           0.0059047,                   0,                   0,            0.038613,          0.00061263,          0.00061263
                  23,            0.043607,           0.0085283,           0.0037691,                   0,              0.6123,            0.010531,               0.396,             0.23656,            0.080271,             0.05389,            0.048753,           0.0058195,                   0,                   0,            0.035939,           0.0006386,           0.0006386
                  24,            0.052865,            0.027539,           0.0063921,                   0,             0.63773,            0.010238,             0.38141,             0.23619,              0.0769,            0.054445,            0.048835,           0.0057076,                   0,                   0,            0.033264,          0.00066447,          0.00066447
                  25,            0.058815,            0.016841,           0.0068912,                   0,             0.60816,            0.010864,             0.40573,             0.23092,              0.0732,            0.053606,            0.049133,           0.0056353,                   0,                   0,             0.03059,          0.00069025,          0.00069025
                  26,            0.032439,            0.005078,           0.0053344,                   0,             0.60372,            0.011786,              0.4461,             0.24888,             0.09248,             0.05199,            0.049731,           0.0055719,                   0,                   0,            0.027916,          0.00071593,          0.00071593
                  27,            0.065859,            0.030851,           0.0091045,                   0,             0.62834,            0.012394,             0.46722,             0.24991,             0.07963,            0.052714,            0.049217,           0.0054822,                   0,                   0,            0.025242,          0.00074151,          0.00074151
                  28,            0.054053,            0.034493,            0.010366,                   0,             0.61871,            0.012779,             0.48565,             0.24166,            0.088242,            0.050812,            0.049563,           0.0054037,                   0,                   0,            0.022567,          0.00076698,          0.00076698
                  29,            0.049534,            0.012075,           0.0080577,                   0,             0.60519,            0.014797,             0.53513,              0.2044,            0.059068,            0.051761,            0.048706,           0.0053453,                   0,                   0,            0.019892,          0.00079234,          0.00079234
                  30,            0.045637,            0.018322,           0.0062737,                   0,             0.60595,             0.01504,             0.54211,             0.23385,            0.064128,            0.052223,            0.048268,            0.005305,                   0,                   0,            0.017218,          0.00081759,          0.00081759
                  31,            0.051896,            0.016129,           0.0060768,                   0,             0.62593,             0.01829,             0.61798,             0.23886,            0.086406,            0.049979,            0.047652,           0.0052464,                   0,                   0,            0.014543,          0.00084272,          0.00084272
                  32,             0.04275,            0.018619,            0.005846,                   0,             0.60217,            0.019593,             0.64887,             0.26766,            0.093047,            0.049573,            0.046463,           0.0051892,                   0,                   0,            0.011868,          0.00086772,          0.00086772
                  33,            0.036836,            0.011554,           0.0066397,                   0,             0.60193,            0.020371,             0.67339,             0.27816,            0.098454,            0.048549,            0.045733,           0.0051716,                   0,                   0,           0.0091926,           0.0008926,           0.0008926
                  34,            0.038558,            0.016515,            0.006278,                   0,              0.6078,             0.11693,             0.42493,             0.29274,             0.11292,            0.048063,            0.043893,           0.0051068,                   0,                   0,           0.0065174,          0.00091736,          0.00091736
                  35,            0.040492,            0.017799,           0.0078457,                   0,             0.60245,             0.80677,             0.28032,             0.30461,             0.11102,            0.049356,            0.041845,           0.0050523,                   0,                   0,            0.003842,          0.00094198,          0.00094198
                  36,            0.049409,            0.023353,           0.0071903,                   0,             0.62389,             0.86381,             0.24828,             0.30339,             0.12278,            0.048088,            0.039443,           0.0049377,                   0,                   0,           0.0011665,          0.00096646,          0.00096646
                  37,            0.042042,            0.022307,           0.0068635,                   0,             0.59374,             0.86448,             0.26201,             0.33848,             0.13927,            0.048198,             0.03656,           0.0048383,                   0,                   0,          0.00096664,          0.00096664,          0.00096664
                  38,            0.028447,           0.0064818,           0.0042981,                   0,             0.60996,             0.86806,             0.28407,             0.36861,             0.15227,            0.047647,            0.033516,           0.0047298,                   0,                   0,          0.00096664,          0.00096664,          0.00096664
                  39,            0.039827,            0.014784,           0.0083706,                   0,              0.6098,             0.88046,              0.2849,             0.37279,             0.15594,            0.048002,            0.030323,           0.0045959,                   0,                   0,          0.00096484,          0.00096484,          0.00096484
                  40,            0.037713,            0.021872,           0.0038749,                   0,             0.60497,             0.85104,              0.2993,             0.37361,             0.15399,            0.047492,            0.028376,           0.0044877,                   0,                   0,          0.00096299,          0.00096299,          0.00096299
                  41,            0.031969,           0.0047786,            0.003521,                   0,             0.59189,             0.86506,             0.32151,             0.38078,             0.14326,            0.047842,            0.026986,           0.0043208,                   0,                   0,           0.0009611,           0.0009611,           0.0009611
                  42,            0.055177,            0.016507,           0.0050191,                   0,             0.60105,             0.88199,             0.32609,             0.39498,             0.16493,            0.048392,            0.025773,           0.0040981,                   0,                   0,          0.00095916,          0.00095916,          0.00095916
                  43,            0.030604,           0.0056195,           0.0028329,                   0,             0.59937,             0.90245,             0.33512,             0.40937,             0.17678,            0.046667,             0.02506,           0.0039059,                   0,                   0,          0.00095717,          0.00095717,          0.00095717
                  44,             0.04121,            0.012202,           0.0040372,                   0,             0.61107,             0.91433,             0.34897,             0.42691,             0.18426,            0.046297,            0.024141,           0.0037493,                   0,                   0,          0.00095514,          0.00095514,          0.00095514
                  45,            0.047775,            0.011399,           0.0098933,                   0,             0.61401,             0.93868,             0.36017,             0.44564,             0.19153,            0.046622,            0.023663,           0.0036222,                   0,                   0,          0.00095307,          0.00095307,          0.00095307
                  46,             0.04638,            0.011002,            0.003294,                   0,             0.60099,             0.93131,              0.3592,             0.45105,             0.18917,            0.045964,            0.023463,           0.0035106,                   0,                   0,          0.00095095,          0.00095095,          0.00095095
                  47,            0.052018,            0.015459,           0.0098601,                   0,             0.61035,             0.88997,             0.36613,             0.45452,             0.18464,            0.046562,            0.022784,           0.0034298,                   0,                   0,          0.00094879,          0.00094879,          0.00094879
                  48,            0.047455,            0.013346,           0.0051736,                   0,             0.60262,             0.90232,              0.3524,             0.46167,             0.18208,            0.046418,            0.022372,           0.0033965,                   0,                   0,          0.00094659,          0.00094659,          0.00094659
                  49,             0.02481,           0.0041036,           0.0029414,                   0,             0.59901,             0.91007,             0.35927,             0.49499,             0.19351,            0.048183,            0.021796,           0.0033685,                   0,                   0,          0.00094434,          0.00094434,          0.00094434
                  50,            0.056971,            0.008495,           0.0089828,                   0,             0.61162,             0.40972,             0.54884,             0.54455,             0.23207,            0.045442,            0.021818,           0.0033115,                   0,                   0,          0.00094205,          0.00094205,          0.00094205
                  51,            0.051324,            0.014801,           0.0070131,                   0,             0.61956,             0.47133,             0.59379,             0.56953,             0.24126,            0.045183,            0.021604,           0.0032636,                   0,                   0,          0.00093971,          0.00093971,          0.00093971
                  52,            0.030216,            0.013233,           0.0035835,                   0,              0.6004,             0.50396,             0.61214,             0.58942,             0.25727,            0.045297,            0.021267,           0.0032499,                   0,                   0,          0.00093733,          0.00093733,          0.00093733
                  53,            0.034165,           0.0086087,           0.0049651,                   0,             0.59765,             0.54077,             0.62436,             0.58699,              0.2313,            0.045798,             0.02101,           0.0031322,                   0,                   0,          0.00093491,          0.00093491,          0.00093491
                  54,            0.050033,           0.0063537,           0.0067302,                   0,             0.60817,             0.53595,             0.62143,             0.59654,             0.25086,            0.046456,            0.020687,           0.0029703,                   0,                   0,          0.00093245,          0.00093245,          0.00093245
                  55,            0.045029,           0.0091168,           0.0040269,                   0,             0.62432,              0.5571,             0.62423,             0.59792,             0.26728,             0.04461,            0.020544,           0.0028911,                   0,                   0,          0.00092995,          0.00092995,          0.00092995
                  56,            0.039137,           0.0094924,           0.0033746,                   0,             0.60182,             0.56624,             0.61839,             0.60824,             0.25491,            0.044712,            0.020433,           0.0028044,                   0,                   0,           0.0009274,           0.0009274,           0.0009274
                  57,            0.044738,           0.0084041,           0.0064157,                   0,               0.603,              0.6525,              0.5961,             0.62533,              0.2637,            0.045136,            0.019794,           0.0027456,                   0,                   0,          0.00092481,          0.00092481,          0.00092481
                  58,            0.030459,           0.0086807,           0.0027701,                   0,             0.61365,             0.70536,             0.58829,             0.64313,             0.27765,             0.04556,            0.019419,           0.0027792,                   0,                   0,          0.00092219,          0.00092219,          0.00092219
                  59,            0.044501,           0.0064962,           0.0035737,                   0,             0.59362,             0.78907,             0.56503,             0.64113,             0.29691,            0.045684,            0.018908,           0.0027391,                   0,                   0,          0.00091952,          0.00091952,          0.00091952
                  60,            0.060862,            0.011293,           0.0029495,                   0,             0.60802,              0.7862,             0.55044,             0.64073,             0.27936,             0.04427,            0.018743,           0.0027478,                   0,                   0,          0.00091681,          0.00091681,          0.00091681
                  61,            0.034389,            0.011583,           0.0019128,                   0,             0.62119,             0.81541,             0.56824,             0.66979,             0.29642,            0.043847,            0.018616,           0.0027114,                   0,                   0,          0.00091406,          0.00091406,          0.00091406
                  62,            0.035635,           0.0077319,           0.0025728,                   0,             0.61183,             0.77853,             0.56801,             0.66637,             0.29722,            0.043961,            0.018454,           0.0027172,                   0,                   0,          0.00091127,          0.00091127,          0.00091127
                  63,            0.032974,           0.0063631,           0.0047603,                   0,              0.6202,             0.71876,             0.61732,              0.6678,              0.3009,            0.044722,             0.01836,            0.002692,                   0,                   0,          0.00090844,          0.00090844,          0.00090844
                  64,            0.048698,            0.011409,           0.0095779,                   0,             0.59301,             0.80644,             0.55514,              0.6555,             0.25119,            0.045749,            0.018212,           0.0026388,                   0,                   0,          0.00090557,          0.00090557,          0.00090557
                  65,            0.039299,           0.0099952,            0.003244,                   0,              0.5975,             0.81208,             0.57818,             0.67823,             0.29631,            0.044013,            0.018033,           0.0025903,                   0,                   0,          0.00090266,          0.00090266,          0.00090266
                  66,            0.047597,           0.0061558,           0.0077043,                   0,             0.60897,             0.76515,             0.58735,             0.67134,             0.29068,            0.044663,            0.017851,           0.0025671,                   0,                   0,          0.00089972,          0.00089972,          0.00089972
                  67,            0.042931,            0.013893,           0.0058157,                   0,             0.60574,             0.70988,               0.623,             0.68415,             0.30442,            0.044121,            0.017759,           0.0025269,                   0,                   0,          0.00089673,          0.00089673,          0.00089673
                  68,            0.039499,            0.011387,           0.0039371,                   0,             0.62415,             0.73564,             0.62568,             0.68883,             0.29555,            0.043825,            0.017805,           0.0024875,                   0,                   0,          0.00089371,          0.00089371,          0.00089371
                  69,            0.033056,             0.01087,           0.0015874,                   0,             0.61858,             0.78036,             0.61021,             0.68754,             0.31574,            0.043745,             0.01761,           0.0024622,                   0,                   0,          0.00089065,          0.00089065,          0.00089065
                  70,            0.049554,            0.017677,           0.0050216,                   0,             0.62859,             0.78884,              0.6157,             0.70015,             0.31749,            0.043644,            0.017503,           0.0024348,                   0,                   0,          0.00088755,          0.00088755,          0.00088755
                  71,            0.033918,           0.0071894,           0.0049837,                   0,               0.597,             0.84471,              0.6116,             0.70301,             0.31415,            0.044165,            0.017403,           0.0024393,                   0,                   0,          0.00088442,          0.00088442,          0.00088442
                  72,            0.041936,           0.0076095,           0.0028665,                   0,              0.6087,             0.80089,             0.61382,             0.69372,             0.30151,            0.043499,             0.01754,           0.0024307,                   0,                   0,          0.00088124,          0.00088124,          0.00088124
                  73,            0.051229,           0.0058538,           0.0039623,                   0,             0.59885,             0.85299,             0.61058,              0.7049,             0.31657,            0.043176,             0.01745,           0.0024722,                   0,                   0,          0.00087804,          0.00087804,          0.00087804
                  74,            0.041701,              0.0111,           0.0035092,                   0,             0.60018,             0.81967,             0.60036,             0.70379,             0.32742,            0.043075,            0.017452,           0.0024306,                   0,                   0,          0.00087479,          0.00087479,          0.00087479
                  75,            0.041596,           0.0056816,           0.0027247,                   0,             0.59198,             0.80954,             0.60637,             0.70239,             0.32606,            0.043075,            0.017488,           0.0024042,                   0,                   0,          0.00087151,          0.00087151,          0.00087151
                  76,            0.053783,           0.0050818,           0.0026084,                   0,             0.61236,             0.81896,             0.61952,             0.71196,             0.33514,            0.042811,            0.017434,           0.0023533,                   0,                   0,           0.0008682,           0.0008682,           0.0008682
                  77,            0.042369,            0.010768,           0.0019034,                   0,              0.6165,             0.81323,             0.62026,             0.70872,              0.3515,            0.042399,            0.017395,           0.0022967,                   0,                   0,          0.00086485,          0.00086485,          0.00086485
                  78,            0.031398,           0.0099891,           0.0014184,                   0,              0.6007,             0.79293,              0.6253,              0.7063,             0.34662,             0.04267,            0.017435,           0.0022918,                   0,                   0,          0.00086146,          0.00086146,          0.00086146
                  79,            0.032832,           0.0079637,           0.0030169,                   0,             0.59795,             0.79642,             0.62357,              0.7028,             0.33535,            0.043326,            0.017488,           0.0022919,                   0,                   0,          0.00085805,          0.00085805,          0.00085805
                  80,            0.036465,            0.012491,           0.0023323,                   0,             0.59395,             0.81509,             0.62235,             0.70636,             0.34564,            0.042401,              0.0175,           0.0022866,                   0,                   0,          0.00085459,          0.00085459,          0.00085459
                  81,            0.054085,            0.024551,           0.0038642,                   0,             0.64507,             0.84415,             0.61395,             0.70716,             0.34621,            0.042262,            0.017638,           0.0023012,                   0,                   0,          0.00085111,          0.00085111,          0.00085111
                  82,            0.037995,           0.0070232,           0.0022532,                   0,             0.60334,             0.83059,             0.61912,             0.71709,             0.35966,            0.042541,            0.017575,           0.0022541,                   0,                   0,          0.00084759,          0.00084759,          0.00084759
                  83,            0.044028,            0.012176,           0.0015804,                   0,               0.605,             0.82059,             0.61117,             0.71385,             0.35624,            0.043229,            0.017347,           0.0022392,                   0,                   0,          0.00084404,          0.00084404,          0.00084404
                  84,            0.045855,           0.0089352,           0.0036892,                   0,             0.60505,             0.80199,             0.61356,             0.70475,             0.34243,            0.042909,            0.017214,           0.0022252,                   0,                   0,          0.00084046,          0.00084046,          0.00084046
                  85,            0.031786,            0.007896,          0.00070771,                   0,             0.60959,             0.83831,             0.60527,             0.70496,             0.33743,            0.043684,             0.01707,           0.0022567,                   0,                   0,          0.00083684,          0.00083684,          0.00083684
                  86,            0.064766,            0.016166,           0.0041525,                   0,             0.64507,             0.86658,             0.60726,             0.70727,             0.34095,            0.042881,            0.016961,           0.0023239,                   0,                   0,          0.00083319,          0.00083319,          0.00083319
                  87,             0.03784,           0.0072148,           0.0032795,                   0,              0.5978,             0.87394,             0.60866,             0.70858,             0.33983,            0.042799,            0.016934,           0.0023951,                   0,                   0,          0.00082952,          0.00082952,          0.00082952
                  88,            0.039333,           0.0065692,           0.0016727,                   0,             0.60023,             0.87798,             0.60528,             0.71373,             0.34357,            0.042787,            0.016935,           0.0023296,                   0,                   0,          0.00082581,          0.00082581,          0.00082581
                  89,            0.041722,           0.0076006,            0.003506,                   0,             0.57966,             0.87671,             0.60688,             0.72265,             0.34485,            0.042922,            0.016896,           0.0022935,                   0,                   0,          0.00082207,          0.00082207,          0.00082207
                  90,            0.036759,           0.0077336,           0.0015921,                   0,             0.59422,             0.87453,             0.60653,             0.71257,             0.33847,            0.042615,            0.016888,           0.0023158,                   0,                   0,           0.0008183,           0.0008183,           0.0008183
                  91,            0.015957,           0.0026485,           0.0005622,                   0,             0.59761,              0.8675,             0.60649,             0.72152,             0.35314,            0.041939,            0.016838,           0.0022421,                   0,                   0,           0.0008145,           0.0008145,           0.0008145
                  92,             0.03357,            0.010641,           0.0027746,                   0,             0.61294,             0.84418,             0.60782,             0.71161,             0.33453,            0.042111,            0.016822,           0.0021498,                   0,                   0,          0.00081068,          0.00081068,          0.00081068
                  93,            0.056294,            0.020941,            0.004408,                   0,              0.6218,             0.84038,             0.61357,             0.70816,             0.34852,            0.042277,            0.016851,           0.0021245,                   0,                   0,          0.00080682,          0.00080682,          0.00080682
                  94,            0.039956,           0.0082167,           0.0016129,                   0,             0.60485,             0.83804,             0.62532,             0.71805,             0.34869,            0.042181,             0.01692,           0.0021044,                   0,                   0,          0.00080294,          0.00080294,          0.00080294
                  95,            0.034582,           0.0029442,           0.0022521,                   0,             0.60179,             0.86497,             0.61483,              0.7074,             0.33508,            0.042622,            0.016912,           0.0021471,                   0,                   0,          0.00079903,          0.00079903,          0.00079903
                  96,            0.032732,           0.0045707,          0.00083997,                   0,              0.6042,             0.87153,             0.61127,             0.71167,             0.34735,            0.042488,            0.016912,           0.0021922,                   0,                   0,          0.00079509,          0.00079509,          0.00079509
                  97,            0.032021,           0.0041095,           0.0026612,                   0,             0.59606,             0.86462,             0.61156,             0.71373,             0.35313,            0.042329,            0.016905,           0.0022159,                   0,                   0,          0.00079112,          0.00079112,          0.00079112
                  98,            0.042595,           0.0047831,           0.0031901,                   0,             0.59636,             0.85291,              0.5989,             0.70689,             0.35178,            0.042554,            0.016907,           0.0022553,                   0,                   0,          0.00078713,          0.00078713,          0.00078713
                  99,            0.057565,           0.0066409,           0.0022355,                   0,             0.60636,             0.86585,              0.6079,              0.7166,              0.3511,            0.042611,            0.016934,           0.0023137,                   0,                   0,          0.00078311,          0.00078311,          0.00078311
                 100,            0.039851,           0.0083446,           0.0039084,                   0,             0.61068,              0.8545,             0.59998,             0.71486,             0.35829,            0.042102,            0.016903,           0.0022714,                   0,                   0,          0.00077907,          0.00077907,          0.00077907
                 101,            0.040727,           0.0094845,           0.0046643,                   0,             0.60689,             0.83945,             0.61238,             0.72177,             0.36863,               0.043,            0.017061,           0.0021728,                   0,                   0,            0.000775,            0.000775,            0.000775
                 102,            0.028655,           0.0053332,           0.0027741,                   0,             0.58843,             0.86322,             0.61395,             0.72387,             0.35666,             0.04186,            0.017273,           0.0021128,                   0,                   0,          0.00077091,          0.00077091,          0.00077091
                 103,             0.01717,           0.0032304,           0.0007051,                   0,             0.60051,             0.85727,             0.60347,             0.71832,             0.36943,            0.042484,            0.017267,           0.0021163,                   0,                   0,          0.00076679,          0.00076679,          0.00076679
                 104,            0.045023,           0.0054727,           0.0033144,                   0,             0.60147,              0.8137,             0.64307,             0.72606,             0.36932,            0.041594,            0.017153,           0.0021388,                   0,                   0,          0.00076265,          0.00076265,          0.00076265
                 105,            0.038668,            0.011226,           0.0011573,                   0,             0.61079,             0.83499,              0.6125,             0.70982,             0.33564,            0.042041,             0.01724,           0.0021491,                   0,                   0,          0.00075848,          0.00075848,          0.00075848
                 106,            0.029893,           0.0052938,           0.0019352,                   0,             0.60867,             0.84068,             0.61474,             0.71491,             0.36045,            0.041794,            0.017069,           0.0021669,                   0,                   0,           0.0007543,           0.0007543,           0.0007543
                 107,             0.01937,           0.0034223,          0.00045764,                   0,             0.59125,             0.85396,             0.62406,             0.72059,              0.3679,            0.041805,            0.017101,           0.0021596,                   0,                   0,          0.00075009,          0.00075009,          0.00075009
                 108,            0.047214,            0.011414,           0.0032113,                   0,             0.62044,             0.86384,             0.62623,             0.72982,             0.36296,            0.042095,            0.017089,           0.0021776,                   0,                   0,          0.00074585,          0.00074585,          0.00074585
                 109,            0.036113,           0.0068259,           0.0019884,                   0,             0.58807,             0.89188,             0.62631,             0.72891,             0.35747,            0.042141,            0.017135,            0.002177,                   0,                   0,           0.0007416,           0.0007416,           0.0007416
                 110,            0.030287,           0.0063391,           0.0011758,                   0,             0.59925,             0.89163,             0.61119,             0.72474,             0.35352,            0.042238,            0.016972,            0.002137,                   0,                   0,          0.00073733,          0.00073733,          0.00073733
                 111,            0.041095,           0.0090121,           0.0057039,                   0,             0.63368,             0.89317,             0.60686,             0.72822,             0.36146,            0.042316,            0.016971,           0.0021054,                   0,                   0,          0.00073303,          0.00073303,          0.00073303
                 112,            0.028893,           0.0051899,          0.00077866,                   0,             0.59714,             0.81272,             0.64626,             0.72554,             0.35495,            0.041811,            0.017136,           0.0020646,                   0,                   0,          0.00072872,          0.00072872,          0.00072872
                 113,            0.037032,           0.0086809,            0.001797,                   0,              0.6127,             0.82117,             0.64018,             0.72836,             0.36781,            0.042058,            0.017234,           0.0020945,                   0,                   0,          0.00072438,          0.00072438,          0.00072438
                 114,            0.034852,           0.0087601,           0.0032018,                   0,             0.60987,             0.79859,             0.67267,             0.73221,              0.3637,             0.04185,            0.017327,           0.0021751,                   0,                   0,          0.00072003,          0.00072003,          0.00072003
                 115,            0.044571,             0.01466,           0.0031508,                   0,             0.61509,             0.77283,              0.6891,             0.73159,             0.36927,            0.042032,            0.017251,           0.0022254,                   0,                   0,          0.00071566,          0.00071566,          0.00071566
                 116,            0.028529,           0.0079759,           0.0012355,                   0,             0.60817,             0.79019,             0.66901,             0.73485,             0.37079,            0.041984,            0.017271,            0.002204,                   0,                   0,          0.00071127,          0.00071127,          0.00071127
                 117,            0.010846,           0.0027423,          0.00047925,                   0,             0.59665,             0.76984,             0.68993,             0.73295,             0.37051,            0.042394,             0.01716,           0.0021621,                   0,                   0,          0.00070686,          0.00070686,          0.00070686
                 118,            0.038057,           0.0092928,             0.00122,                   0,             0.63162,             0.75779,             0.67125,             0.72529,             0.35416,            0.042517,            0.017199,            0.002119,                   0,                   0,          0.00070243,          0.00070243,          0.00070243
                 119,            0.034707,            0.007484,           0.0031437,                   0,             0.62642,             0.76941,             0.67111,             0.73128,              0.3693,            0.042323,            0.017098,           0.0021469,                   0,                   0,          0.00069799,          0.00069799,          0.00069799
                 120,            0.030258,            0.006192,           0.0024508,                   0,             0.59757,             0.75493,             0.66185,             0.72512,             0.35688,            0.042292,            0.017093,           0.0021782,                   0,                   0,          0.00069353,          0.00069353,          0.00069353
                 121,            0.027069,           0.0075907,          0.00098411,                   0,              0.6155,             0.85166,             0.61874,              0.7277,             0.35998,            0.042727,            0.017021,           0.0021816,                   0,                   0,          0.00068906,          0.00068906,          0.00068906
                 122,            0.033774,            0.008145,           0.0023259,                   0,             0.59934,             0.87892,             0.61857,             0.72737,              0.3762,            0.041808,            0.016999,           0.0021418,                   0,                   0,          0.00068457,          0.00068457,          0.00068457
                 123,            0.037514,            0.008051,           0.0018875,                   0,             0.62239,             0.87324,             0.61593,             0.72909,             0.36945,            0.041909,            0.017159,           0.0020968,                   0,                   0,          0.00068006,          0.00068006,          0.00068006
                 124,            0.044281,           0.0083988,           0.0029933,                   0,             0.58372,              0.7486,              0.7008,             0.73615,               0.377,             0.04173,            0.017108,           0.0020973,                   0,                   0,          0.00067555,          0.00067555,          0.00067555
                 125,            0.027613,           0.0068601,           0.0005183,                   0,             0.61964,             0.75842,             0.71273,             0.73509,             0.36716,            0.041945,            0.017105,           0.0021513,                   0,                   0,          0.00067101,          0.00067101,          0.00067101
                 126,            0.015527,           0.0033515,           0.0010583,                   0,             0.59706,             0.75553,             0.69509,             0.73271,             0.36149,            0.042214,            0.017129,           0.0021392,                   0,                   0,          0.00066647,          0.00066647,          0.00066647
                 127,            0.036486,           0.0086913,           0.0030819,                   0,             0.60286,             0.84467,             0.61524,             0.71916,             0.36225,            0.041906,            0.017148,           0.0020975,                   0,                   0,          0.00066191,          0.00066191,          0.00066191
                 128,            0.053865,            0.013245,            0.006556,                   0,             0.60224,             0.84412,             0.62766,             0.73026,             0.37801,            0.041481,            0.017065,           0.0021098,                   0,                   0,          0.00065734,          0.00065734,          0.00065734
                 129,            0.042215,           0.0042192,           0.0020765,                   0,             0.61283,             0.77929,              0.6595,             0.73647,             0.36733,            0.041935,            0.017164,            0.002159,                   0,                   0,          0.00065276,          0.00065276,          0.00065276
                 130,            0.059769,           0.0077676,           0.0030043,                   0,              0.6361,             0.82175,             0.64882,             0.74027,             0.37013,            0.041734,            0.017123,           0.0021791,                   0,                   0,          0.00064816,          0.00064816,          0.00064816
                 131,            0.032858,           0.0076575,           0.0029531,                   0,              0.5871,             0.82537,             0.65354,             0.74405,             0.36547,            0.041704,            0.017119,           0.0022072,                   0,                   0,          0.00064356,          0.00064356,          0.00064356
                 132,            0.040105,           0.0071855,           0.0025018,                   0,             0.62022,             0.82037,             0.65087,             0.74124,             0.37111,            0.041614,            0.017169,           0.0021844,                   0,                   0,          0.00063895,          0.00063895,          0.00063895
                 133,             0.06813,            0.012588,           0.0037525,                   0,             0.62004,              0.8122,             0.65474,             0.73896,             0.36151,            0.041804,            0.017186,           0.0021133,                   0,                   0,          0.00063432,          0.00063432,          0.00063432
                 134,            0.047224,            0.018398,           0.0028804,                   0,             0.61524,             0.80405,             0.65066,             0.74037,             0.37306,            0.041473,            0.017208,           0.0021393,                   0,                   0,          0.00062969,          0.00062969,          0.00062969
                 135,            0.030738,             0.00487,           0.0019332,                   0,             0.58878,             0.75579,              0.6947,             0.74634,             0.37577,            0.041739,            0.017308,           0.0021566,                   0,                   0,          0.00062505,          0.00062505,          0.00062505
                 136,            0.025627,            0.006966,           0.0020121,                   0,              0.5944,              0.7239,             0.69699,             0.74472,             0.38337,            0.041551,            0.017168,           0.0021312,                   0,                   0,           0.0006204,           0.0006204,           0.0006204
                 137,            0.029309,           0.0051114,          0.00052196,                   0,             0.60338,              0.7307,             0.71211,             0.74773,             0.38407,            0.041151,            0.017082,           0.0020447,                   0,                   0,          0.00061574,          0.00061574,          0.00061574
                 138,              0.0162,           0.0023354,          0.00024473,                   0,              0.5976,             0.72986,             0.70422,              0.7405,             0.36016,            0.041536,            0.017418,           0.0020088,                   0,                   0,          0.00061107,          0.00061107,          0.00061107
                 139,            0.040301,           0.0043793,           0.0014476,                   0,             0.59011,             0.86154,             0.64187,             0.74438,               0.384,            0.041378,            0.017396,           0.0020261,                   0,                   0,           0.0006064,           0.0006064,           0.0006064
                 140,            0.026983,           0.0048017,          0.00054974,                   0,             0.60256,             0.78836,             0.67269,             0.74413,             0.37162,            0.041416,            0.017433,            0.002051,                   0,                   0,          0.00060172,          0.00060172,          0.00060172
                 141,            0.033015,           0.0080473,            0.003079,                   0,             0.61254,             0.84276,             0.65314,             0.74484,             0.37856,            0.041244,            0.017361,           0.0021059,                   0,                   0,          0.00059704,          0.00059704,          0.00059704
                 142,            0.035385,           0.0081636,          0.00090396,                   0,             0.60097,             0.88558,              0.6431,             0.74182,              0.3669,            0.041857,            0.017239,           0.0022009,                   0,                   0,          0.00059235,          0.00059235,          0.00059235
                 143,            0.034431,           0.0074502,          0.00056654,                   0,              0.6053,             0.77805,             0.70745,             0.74479,             0.38274,            0.041387,            0.017175,           0.0021873,                   0,                   0,          0.00058766,          0.00058766,          0.00058766
                 144,            0.041519,           0.0046227,           0.0029233,                   0,             0.59702,             0.86165,              0.6435,             0.74116,              0.3779,            0.041429,            0.017285,           0.0021669,                   0,                   0,          0.00058296,          0.00058296,          0.00058296
                 145,            0.025556,             0.00786,          0.00079124,                   0,             0.60399,             0.77943,             0.69103,             0.74219,             0.37126,            0.041435,             0.01739,           0.0022025,                   0,                   0,          0.00057826,          0.00057826,          0.00057826
                 146,            0.028318,           0.0068316,          0.00084588,                   0,             0.59646,             0.78407,             0.67844,             0.74118,             0.38817,            0.041354,            0.017243,           0.0022145,                   0,                   0,          0.00057355,          0.00057355,          0.00057355
                 147,            0.032523,           0.0032974,            0.001852,                   0,             0.60154,             0.81885,             0.68106,             0.74665,             0.37949,            0.041308,            0.017171,           0.0022316,                   0,                   0,          0.00056884,          0.00056884,          0.00056884
                 148,            0.037251,           0.0068303,           0.0014763,                   0,             0.59753,             0.81208,             0.67925,             0.73836,             0.37693,            0.041181,            0.017111,            0.002243,                   0,                   0,          0.00056413,          0.00056413,          0.00056413
                 149,            0.059871,           0.0050986,           0.0066822,                   0,             0.60878,              0.8109,             0.69005,             0.74619,             0.37292,            0.041315,              0.0169,           0.0022743,                   0,                   0,          0.00055942,          0.00055942,          0.00055942
                 150,            0.042289,            0.007403,           0.0036366,                   0,             0.60049,             0.80488,             0.68618,             0.74093,             0.37516,            0.041266,            0.016885,           0.0022734,                   0,                   0,          0.00055471,          0.00055471,          0.00055471
                 151,            0.029647,           0.0063673,           0.0015492,                   0,             0.60466,             0.82181,             0.68751,              0.7493,             0.37577,            0.041165,             0.01696,           0.0022369,                   0,                   0,             0.00055,             0.00055,             0.00055
                 152,            0.029623,           0.0068519,           0.0013811,                   0,             0.58064,             0.86271,             0.65839,             0.74354,             0.36703,             0.04126,            0.016963,           0.0022107,                   0,                   0,          0.00054529,          0.00054529,          0.00054529
                 153,            0.033726,            0.009386,           0.0032744,                   0,             0.60543,             0.85033,             0.64963,             0.74064,             0.37321,            0.041124,            0.016978,            0.002187,                   0,                   0,          0.00054058,          0.00054058,          0.00054058
                 154,            0.022261,           0.0031339,           0.0010817,                   0,             0.59907,             0.86883,               0.653,             0.74539,             0.37918,              0.0411,            0.016987,           0.0021641,                   0,                   0,          0.00053587,          0.00053587,          0.00053587
                 155,            0.035023,           0.0049062,            0.002116,                   0,             0.59864,              0.7807,             0.72586,             0.75807,             0.38958,            0.041375,            0.016889,           0.0021717,                   0,                   0,          0.00053116,          0.00053116,          0.00053116
                 156,            0.015257,           0.0046032,           0.0011543,                   0,             0.62393,             0.81574,             0.68212,             0.75371,             0.39483,            0.040986,            0.016856,           0.0021695,                   0,                   0,          0.00052645,          0.00052645,          0.00052645
                 157,            0.029629,           0.0036317,          0.00094783,                   0,             0.59234,             0.80743,             0.71284,             0.75995,              0.3906,            0.041343,             0.01691,           0.0021667,                   0,                   0,          0.00052174,          0.00052174,          0.00052174
                 158,            0.038662,            0.004875,           0.0020918,                   0,              0.5984,             0.79168,             0.70326,             0.75387,             0.39248,            0.040997,            0.016963,           0.0021324,                   0,                   0,          0.00051704,          0.00051704,          0.00051704
                 159,            0.036827,            0.008316,           0.0050606,                   0,             0.60682,             0.78287,             0.70516,             0.75212,             0.38808,            0.041178,            0.017228,           0.0021406,                   0,                   0,          0.00051234,          0.00051234,          0.00051234
                 160,            0.027019,           0.0036882,          0.00069761,                   0,             0.59043,             0.78226,             0.71448,             0.75625,               0.392,            0.041412,            0.017108,           0.0021809,                   0,                   0,          0.00050765,          0.00050765,          0.00050765
                 161,            0.035776,           0.0093235,           0.0030746,                   0,             0.59704,             0.79096,             0.71673,              0.7555,             0.39147,            0.041244,            0.017112,           0.0022145,                   0,                   0,          0.00050296,          0.00050296,          0.00050296
                 162,            0.029635,             0.00321,           0.0039329,                   0,             0.59636,             0.79711,             0.69581,             0.75129,             0.37588,            0.041086,             0.01711,           0.0021918,                   0,                   0,          0.00049828,          0.00049828,          0.00049828
                 163,            0.021034,           0.0037749,          0.00079006,                   0,             0.60648,             0.80039,               0.705,              0.7526,             0.39093,            0.040933,            0.017099,           0.0021507,                   0,                   0,           0.0004936,           0.0004936,           0.0004936
                 164,            0.038405,           0.0067418,           0.0031635,                   0,             0.59115,              0.7908,             0.70435,             0.75466,             0.39515,            0.041221,            0.017187,           0.0021264,                   0,                   0,          0.00048893,          0.00048893,          0.00048893
                 165,            0.028224,           0.0038716,          0.00078408,                   0,             0.61787,             0.78588,             0.70342,             0.75515,             0.39632,            0.040724,            0.017097,           0.0021257,                   0,                   0,          0.00048426,          0.00048426,          0.00048426
                 166,            0.044581,           0.0067134,           0.0020485,                   0,             0.59993,             0.80003,             0.70235,              0.7583,             0.39099,            0.041138,            0.017013,           0.0021563,                   0,                   0,           0.0004796,           0.0004796,           0.0004796
                 167,            0.031861,            0.005201,          0.00070457,                   0,             0.61418,             0.80519,             0.70079,               0.753,             0.39736,            0.041061,             0.01699,            0.002126,                   0,                   0,          0.00047495,          0.00047495,          0.00047495
                 168,            0.015351,             0.00397,          0.00032544,                   0,             0.61091,             0.79708,             0.68778,             0.74809,             0.39806,            0.040839,            0.017079,           0.0020983,                   0,                   0,          0.00047031,          0.00047031,          0.00047031
                 169,            0.032495,           0.0072353,           0.0021319,                   0,             0.61678,             0.81034,             0.68954,             0.75079,             0.39353,            0.040496,            0.017152,            0.002083,                   0,                   0,          0.00046568,          0.00046568,          0.00046568
                 170,            0.027899,             0.01137,           0.0010588,                   0,             0.59297,             0.82187,              0.6878,             0.76161,             0.39885,             0.04052,            0.017148,           0.0020792,                   0,                   0,          0.00046105,          0.00046105,          0.00046105
                 171,            0.036918,           0.0063466,           0.0024335,                   0,             0.59666,             0.79431,              0.6947,             0.74924,             0.39452,            0.040306,            0.016952,           0.0020891,                   0,                   0,          0.00045644,          0.00045644,          0.00045644
                 172,            0.028361,           0.0077434,          0.00069083,                   0,             0.61679,             0.82075,             0.68445,             0.75437,              0.3921,            0.040829,            0.016994,           0.0021662,                   0,                   0,          0.00045184,          0.00045184,          0.00045184
                 173,            0.034692,           0.0074228,          0.00082437,                   0,             0.60429,             0.80665,             0.68797,             0.74817,             0.39553,            0.040641,            0.017004,           0.0022377,                   0,                   0,          0.00044724,          0.00044724,          0.00044724
                 174,            0.027436,           0.0031239,           0.0014285,                   0,             0.59061,             0.82039,             0.66214,             0.74442,             0.38684,            0.040903,             0.01705,           0.0022668,                   0,                   0,          0.00044266,          0.00044266,          0.00044266
                 175,            0.042047,           0.0046536,           0.0015573,                   0,             0.58413,             0.88592,             0.62933,             0.74815,             0.39149,            0.040876,            0.016967,           0.0022845,                   0,                   0,          0.00043809,          0.00043809,          0.00043809
                 176,            0.017583,           0.0023161,          0.00086205,                   0,             0.61475,             0.85072,             0.64847,             0.75351,             0.38641,            0.040584,            0.016959,           0.0022087,                   0,                   0,          0.00043353,          0.00043353,          0.00043353
                 177,            0.026905,           0.0069363,           0.0008586,                   0,             0.61349,             0.81095,             0.69094,             0.75515,             0.39181,            0.040364,            0.016952,           0.0020848,                   0,                   0,          0.00042899,          0.00042899,          0.00042899
                 178,            0.021659,           0.0025103,          0.00026547,                   0,             0.59356,             0.83657,             0.66512,             0.75707,             0.39607,             0.04044,            0.016925,           0.0020503,                   0,                   0,          0.00042445,          0.00042445,          0.00042445
                 179,            0.023699,           0.0032831,          0.00072096,                   0,              0.6008,             0.78677,             0.71017,             0.76031,             0.39472,             0.04034,            0.016854,           0.0020767,                   0,                   0,          0.00041994,          0.00041994,          0.00041994
                 180,            0.040547,           0.0062422,           0.0030732,                   0,             0.59759,              0.7935,             0.71697,             0.76503,             0.40385,            0.040414,            0.016811,           0.0020851,                   0,                   0,          0.00041543,          0.00041543,          0.00041543
                 181,            0.030026,           0.0080544,           0.0024283,                   0,             0.58779,              0.7961,             0.71199,             0.76106,             0.40643,            0.040509,            0.016893,           0.0020536,                   0,                   0,          0.00041094,          0.00041094,          0.00041094
                 182,            0.027712,           0.0028442,          0.00050503,                   0,              0.5981,             0.79414,             0.71193,             0.75732,             0.39846,            0.040706,            0.016976,           0.0020708,                   0,                   0,          0.00040647,          0.00040647,          0.00040647
                 183,            0.029408,           0.0059462,           0.0018897,                   0,             0.60579,             0.80512,             0.71682,             0.75917,             0.39755,            0.040673,            0.016965,           0.0020869,                   0,                   0,          0.00040201,          0.00040201,          0.00040201
                 184,             0.04618,           0.0058799,           0.0020138,                   0,             0.60457,             0.81231,             0.70669,             0.76334,              0.3999,            0.040701,            0.016913,            0.002136,                   0,                   0,          0.00039757,          0.00039757,          0.00039757
                 185,            0.043555,            0.003851,          0.00069716,                   0,              0.5898,             0.79921,              0.7166,             0.76052,             0.39797,            0.040715,            0.016875,           0.0021388,                   0,                   0,          0.00039314,          0.00039314,          0.00039314
                 186,            0.044696,           0.0066988,            0.003261,                   0,             0.60237,             0.81066,               0.716,             0.75671,             0.39161,            0.040933,            0.016947,           0.0021277,                   0,                   0,          0.00038873,          0.00038873,          0.00038873
                 187,            0.022147,           0.0019909,          0.00040625,                   0,             0.60864,             0.80517,              0.7235,             0.75883,             0.38404,            0.040907,            0.016968,           0.0020885,                   0,                   0,          0.00038434,          0.00038434,          0.00038434
                 188,            0.035995,            0.012649,            0.001174,                   0,             0.59242,             0.79421,             0.72241,             0.75941,              0.3934,            0.040996,            0.016999,           0.0020874,                   0,                   0,          0.00037997,          0.00037997,          0.00037997
                 189,            0.032891,           0.0063043,           0.0023319,                   0,              0.5969,             0.78202,             0.72008,             0.75418,             0.39003,            0.041125,            0.017032,           0.0021031,                   0,                   0,          0.00037562,          0.00037562,          0.00037562
                 190,            0.026665,           0.0049211,           0.0020778,                   0,             0.61017,             0.80086,             0.71652,             0.75271,             0.39297,            0.040627,            0.017077,           0.0020906,                   0,                   0,          0.00037128,          0.00037128,          0.00037128
                 191,            0.032935,           0.0062695,           0.0019374,                   0,             0.60113,             0.81173,             0.71485,             0.75805,             0.39739,            0.040669,            0.017024,           0.0020856,                   0,                   0,          0.00036697,          0.00036697,          0.00036697
                 192,            0.020931,           0.0034595,          0.00064306,                   0,             0.60541,             0.80432,             0.71203,             0.75604,             0.39392,            0.040892,            0.017038,           0.0020821,                   0,                   0,          0.00036267,          0.00036267,          0.00036267
                 193,            0.040147,            0.012953,           0.0022152,                   0,             0.60835,             0.80387,             0.71554,             0.75554,             0.39603,            0.040715,            0.016946,           0.0020792,                   0,                   0,           0.0003584,           0.0003584,           0.0003584
                 194,            0.013188,           0.0018627,            0.001176,                   0,             0.59789,             0.80595,             0.71568,             0.75742,             0.39815,            0.040692,            0.016869,           0.0020661,                   0,                   0,          0.00035415,          0.00035415,          0.00035415
                 195,            0.032102,           0.0050403,           0.0017761,                   0,             0.60368,             0.82231,             0.72086,             0.76276,              0.3956,             0.04084,            0.016893,           0.0020862,                   0,                   0,          0.00034991,          0.00034991,          0.00034991
                 196,            0.039712,           0.0055096,           0.0019547,                   0,             0.58952,             0.80548,             0.71405,             0.75967,             0.39806,             0.04099,            0.016813,           0.0021107,                   0,                   0,           0.0003457,           0.0003457,           0.0003457
                 197,            0.028278,           0.0085716,           0.0021287,                   0,             0.59565,             0.80818,             0.72028,             0.76315,             0.40067,            0.040904,            0.016783,           0.0021549,                   0,                   0,          0.00034152,          0.00034152,          0.00034152
                 198,            0.038224,           0.0097098,           0.0018076,                   0,             0.61516,              0.8105,             0.72134,             0.75975,             0.40428,            0.040878,            0.016777,           0.0021549,                   0,                   0,          0.00033735,          0.00033735,          0.00033735
                 199,            0.014822,           0.0029568,          0.00063083,                   0,             0.60965,              0.8068,               0.724,             0.76801,             0.40481,            0.040911,            0.016854,           0.0021722,                   0,                   0,          0.00033321,          0.00033321,          0.00033321
                 200,            0.038158,            0.018866,           0.0028496,                   0,             0.63514,             0.79841,             0.71172,             0.75716,             0.40078,             0.04096,             0.01694,           0.0022093,                   0,                   0,          0.00032909,          0.00032909,          0.00032909
                 201,            0.020115,           0.0036646,           0.0016238,                   0,             0.60619,             0.80708,             0.71354,             0.75643,             0.39607,            0.040878,            0.016961,           0.0022118,                   0,                   0,            0.000325,            0.000325,            0.000325
                 202,            0.028174,           0.0047608,           0.0014065,                   0,             0.59231,             0.80148,             0.72024,             0.75984,             0.39256,            0.040731,             0.01703,           0.0021585,                   0,                   0,          0.00032093,          0.00032093,          0.00032093
                 203,            0.012041,           0.0014152,          0.00013538,                   0,             0.59501,             0.79703,             0.70709,             0.76129,             0.39338,            0.040612,            0.017001,           0.0021402,                   0,                   0,          0.00031689,          0.00031689,          0.00031689
                 204,            0.026869,           0.0050534,          0.00046565,                   0,             0.59155,             0.79885,             0.71199,             0.75898,              0.3988,            0.040339,            0.016937,           0.0021057,                   0,                   0,          0.00031287,          0.00031287,          0.00031287
                 205,            0.027418,           0.0057426,           0.0029872,                   0,             0.59778,             0.78484,             0.71661,             0.75955,             0.39146,            0.040626,            0.016989,           0.0020946,                   0,                   0,          0.00030888,          0.00030888,          0.00030888
                 206,            0.019249,           0.0026307,          0.00063805,                   0,             0.60271,             0.78364,             0.71843,             0.76104,             0.39024,             0.04058,            0.016956,           0.0021142,                   0,                   0,          0.00030491,          0.00030491,          0.00030491
                 207,            0.035361,             0.00727,           0.0037734,                   0,             0.59114,             0.80269,             0.70958,             0.75777,             0.39155,            0.040487,            0.017004,           0.0021037,                   0,                   0,          0.00030097,          0.00030097,          0.00030097
                 208,            0.042861,           0.0051002,           0.0019994,                   0,             0.59143,             0.78334,             0.71546,              0.7578,             0.39564,            0.040503,            0.017038,           0.0020891,                   0,                   0,          0.00029706,          0.00029706,          0.00029706
                 209,            0.039794,           0.0056529,           0.0021482,                   0,             0.60313,             0.78737,             0.72012,             0.75994,             0.39995,            0.040821,            0.017024,           0.0021054,                   0,                   0,          0.00029318,          0.00029318,          0.00029318
                 210,            0.027406,           0.0052545,          0.00051759,                   0,               0.596,             0.79767,             0.70978,             0.76013,             0.40319,            0.040604,            0.017044,           0.0021538,                   0,                   0,          0.00028932,          0.00028932,          0.00028932
                 211,            0.031716,            0.005239,          0.00071101,                   0,              0.5976,             0.84272,             0.68517,             0.76561,             0.40255,            0.040622,            0.016955,           0.0022309,                   0,                   0,           0.0002855,           0.0002855,           0.0002855
                 212,            0.029804,           0.0090687,          0.00077344,                   0,             0.62311,             0.83976,             0.69995,              0.7693,             0.41077,            0.040619,            0.016924,           0.0023277,                   0,                   0,           0.0002817,           0.0002817,           0.0002817
                 213,            0.042067,           0.0065241,           0.0024127,                   0,             0.59452,             0.83915,             0.70183,             0.76842,             0.40826,            0.040814,            0.016893,           0.0024065,                   0,                   0,          0.00027793,          0.00027793,          0.00027793
                 214,            0.028296,           0.0049974,           0.0005387,                   0,              0.5881,             0.81711,             0.71298,             0.76907,             0.40548,            0.040882,            0.016943,           0.0022981,                   0,                   0,          0.00027419,          0.00027419,          0.00027419
                 215,            0.028334,           0.0067473,           0.0014771,                   0,             0.59294,             0.82398,             0.70129,             0.76348,             0.40093,            0.040761,            0.016983,           0.0022113,                   0,                   0,          0.00027048,          0.00027048,          0.00027048
                 216,            0.028955,           0.0073591,           0.0016164,                   0,             0.58978,               0.835,             0.68661,             0.76018,             0.39975,            0.040662,            0.017035,           0.0021396,                   0,                   0,          0.00026681,          0.00026681,          0.00026681
                 217,            0.049669,           0.0060152,          0.00055376,                   0,             0.60042,             0.83713,              0.6851,             0.76324,             0.39707,            0.040637,            0.017101,           0.0020863,                   0,                   0,          0.00026316,          0.00026316,          0.00026316
                 218,            0.038629,           0.0038597,           0.0013674,                   0,             0.59678,             0.81646,             0.70498,             0.76473,             0.40334,            0.040557,            0.017095,           0.0020639,                   0,                   0,          0.00025954,          0.00025954,          0.00025954
                 219,            0.038756,           0.0059227,          0.00050803,                   0,             0.62316,             0.81232,             0.70696,             0.76359,             0.39426,            0.040478,            0.017071,           0.0020561,                   0,                   0,          0.00025596,          0.00025596,          0.00025596
                 220,            0.018018,           0.0034182,          0.00032114,                   0,             0.59052,             0.81325,              0.7024,             0.75766,             0.39689,            0.040476,            0.017018,           0.0020818,                   0,                   0,          0.00025241,          0.00025241,          0.00025241
                 221,            0.028373,           0.0036307,          0.00070156,                   0,             0.59561,             0.81686,             0.69364,             0.76699,             0.39972,            0.040379,            0.017041,           0.0021224,                   0,                   0,          0.00024889,          0.00024889,          0.00024889
                 222,            0.015776,           0.0013851,          0.00094826,                   0,              0.5913,             0.83413,             0.68081,             0.76123,             0.39675,            0.040399,            0.016931,           0.0021786,                   0,                   0,          0.00024541,          0.00024541,          0.00024541
                 223,            0.030714,           0.0044168,           0.0024341,                   0,             0.58694,             0.86101,               0.682,             0.76557,             0.39905,            0.040425,             0.01687,           0.0022156,                   0,                   0,          0.00024195,          0.00024195,          0.00024195
                 224,            0.049323,            0.013597,           0.0038867,                   0,             0.61016,             0.86237,             0.68864,             0.76631,             0.40395,            0.040363,             0.01687,           0.0022579,                   0,                   0,          0.00023854,          0.00023854,          0.00023854
                 225,            0.025955,           0.0061271,           0.0017285,                   0,             0.59776,             0.86128,             0.68339,             0.76772,             0.39839,            0.040586,            0.016875,           0.0022629,                   0,                   0,          0.00023515,          0.00023515,          0.00023515
                 226,            0.023937,           0.0097405,          0.00078762,                   0,             0.61761,             0.84267,             0.68943,             0.77026,             0.40344,            0.040624,            0.016856,            0.002236,                   0,                   0,           0.0002318,           0.0002318,           0.0002318
                 227,            0.029049,           0.0084379,           0.0055148,                   0,             0.59533,             0.84396,             0.69305,             0.77104,             0.39998,            0.040366,            0.016865,           0.0021942,                   0,                   0,          0.00022849,          0.00022849,          0.00022849
                 228,            0.016184,           0.0038751,          0.00048402,                   0,             0.60931,             0.84289,             0.69007,             0.75979,             0.39326,            0.040413,            0.016865,           0.0021667,                   0,                   0,          0.00022521,          0.00022521,          0.00022521
                 229,             0.02926,           0.0039363,           0.0023013,                   0,             0.59036,             0.83093,             0.69364,             0.76484,             0.39329,            0.040427,            0.016872,           0.0021474,                   0,                   0,          0.00022196,          0.00022196,          0.00022196
                 230,            0.046214,           0.0042758,           0.0025577,                   0,             0.60267,             0.82592,             0.69926,             0.76325,             0.39602,            0.040359,              0.0169,           0.0021163,                   0,                   0,          0.00021876,          0.00021876,          0.00021876
                 231,            0.035239,           0.0082514,          0.00057817,                   0,             0.59553,             0.80957,             0.70332,             0.76498,             0.39283,            0.040401,            0.016937,           0.0020772,                   0,                   0,          0.00021558,          0.00021558,          0.00021558
                 232,            0.029938,           0.0033859,            0.001059,                   0,             0.61073,             0.79972,             0.69876,               0.758,             0.39225,            0.040482,            0.016899,           0.0020489,                   0,                   0,          0.00021245,          0.00021245,          0.00021245
                 233,            0.018781,           0.0016473,           0.0016413,                   0,             0.58812,             0.82199,             0.70042,             0.75982,             0.39682,            0.040234,             0.01683,            0.002058,                   0,                   0,          0.00020935,          0.00020935,          0.00020935
                 234,            0.015282,           0.0022496,          0.00022842,                   0,              0.5965,             0.82489,             0.69955,             0.76037,             0.40068,             0.04014,            0.016876,            0.002064,                   0,                   0,          0.00020629,          0.00020629,          0.00020629
                 235,            0.021331,            0.006951,          0.00041356,                   0,               0.587,             0.81769,             0.69439,             0.76155,             0.40425,            0.040219,            0.016893,           0.0020463,                   0,                   0,          0.00020327,          0.00020327,          0.00020327
                 236,            0.024788,           0.0066323,          0.00043174,                   0,             0.62376,             0.82042,             0.69569,             0.76306,             0.40638,            0.039977,            0.016978,           0.0020475,                   0,                   0,          0.00020028,          0.00020028,          0.00020028
                 237,            0.023148,           0.0011218,           0.0014954,                   0,             0.59024,              0.8091,             0.70123,              0.7625,             0.40267,             0.04002,            0.017086,           0.0020583,                   0,                   0,          0.00019734,          0.00019734,          0.00019734
                 238,            0.022679,           0.0038747,           0.0014136,                   0,             0.60529,             0.82254,             0.70966,             0.76811,             0.40646,            0.039849,            0.017061,           0.0020792,                   0,                   0,          0.00019443,          0.00019443,          0.00019443
                 239,            0.027921,           0.0032129,          0.00056255,                   0,             0.58471,             0.82286,             0.71024,             0.76649,             0.39733,            0.039838,            0.017031,           0.0021142,                   0,                   0,          0.00019156,          0.00019156,          0.00019156
                 240,            0.017134,           0.0043689,           0.0016046,                   0,             0.60132,             0.83609,             0.70034,             0.77006,             0.40149,            0.039868,             0.01699,           0.0021294,                   0,                   0,          0.00018873,          0.00018873,          0.00018873
                 241,            0.032315,           0.0096398,           0.0025107,                   0,             0.60254,             0.83485,             0.70196,             0.77173,              0.4035,            0.039836,            0.016982,           0.0021448,                   0,                   0,          0.00018594,          0.00018594,          0.00018594
                 242,            0.041213,           0.0055318,           0.0036047,                   0,             0.60308,             0.85947,             0.68995,             0.77294,             0.40536,            0.039938,             0.01696,           0.0021889,                   0,                   0,          0.00018319,          0.00018319,          0.00018319
                 243,            0.029758,           0.0029692,          0.00090653,                   0,             0.59131,             0.83682,              0.6889,             0.76917,             0.40594,            0.040002,             0.01692,           0.0022094,                   0,                   0,          0.00018048,          0.00018048,          0.00018048
                 244,            0.034639,           0.0045136,           0.0017472,                   0,             0.59291,              0.8397,             0.68539,             0.76649,             0.40953,            0.040055,            0.016895,           0.0022281,                   0,                   0,          0.00017781,          0.00017781,          0.00017781
                 245,            0.020056,           0.0038032,          0.00028501,                   0,             0.61612,             0.84247,             0.68534,              0.7676,             0.40725,            0.039872,            0.016924,           0.0022159,                   0,                   0,          0.00017519,          0.00017519,          0.00017519
                 246,             0.03541,           0.0031768,           0.0014447,                   0,              0.5937,             0.84923,             0.68318,              0.7699,             0.39976,            0.039869,            0.016998,           0.0021785,                   0,                   0,           0.0001726,           0.0001726,           0.0001726
                 247,            0.026302,           0.0064309,           0.0026262,                   0,             0.61976,             0.84873,             0.68673,             0.77276,             0.39439,            0.039982,            0.016994,           0.0021564,                   0,                   0,          0.00017005,          0.00017005,          0.00017005
                 248,            0.030979,           0.0062023,          0.00057344,                   0,             0.60406,             0.83832,             0.68594,             0.76777,              0.4005,            0.040217,            0.016911,           0.0021239,                   0,                   0,          0.00016755,          0.00016755,          0.00016755
                 249,             0.03088,           0.0055673,           0.0025992,                   0,             0.59953,             0.83499,             0.69325,             0.76788,             0.39419,            0.040204,            0.016866,            0.002085,                   0,                   0,          0.00016509,          0.00016509,          0.00016509
                 250,            0.026448,           0.0087121,          0.00066855,                   0,             0.62816,             0.84905,             0.69348,              0.7722,             0.39755,            0.040228,            0.016915,           0.0020516,                   0,                   0,          0.00016267,          0.00016267,          0.00016267
                 251,            0.032346,           0.0061603,           0.0033562,                   0,             0.60053,              0.8462,             0.70256,             0.77641,             0.40225,            0.040211,            0.016964,           0.0020306,                   0,                   0,          0.00016029,          0.00016029,          0.00016029
                 252,            0.018262,           0.0023907,          0.00065683,                   0,             0.58719,             0.82526,             0.69495,             0.76848,             0.39978,            0.040372,            0.017015,           0.0020289,                   0,                   0,          0.00015795,          0.00015795,          0.00015795
                 253,            0.044554,           0.0071099,           0.0011041,                   0,             0.61559,             0.83822,              0.7025,             0.77244,             0.40598,            0.040251,            0.016946,           0.0020319,                   0,                   0,          0.00015566,          0.00015566,          0.00015566
                 254,            0.022732,           0.0068325,           0.0011188,                   0,             0.61229,              0.8392,             0.69943,             0.77141,              0.4011,             0.04032,            0.016943,           0.0020307,                   0,                   0,          0.00015341,          0.00015341,          0.00015341
                 255,            0.026337,           0.0035535,           0.0018114,                   0,             0.60825,             0.83476,             0.68987,             0.76494,              0.3996,            0.040325,             0.01695,           0.0020354,                   0,                   0,          0.00015121,          0.00015121,          0.00015121
                 256,            0.035498,           0.0045237,           0.0017498,                   0,             0.60198,             0.84576,             0.70086,             0.77157,             0.40864,            0.040217,            0.016948,           0.0020257,                   0,                   0,          0.00014905,          0.00014905,          0.00014905
                 257,            0.031528,           0.0045535,          0.00053088,                   0,             0.60295,             0.84522,             0.69944,             0.77423,               0.404,            0.040341,             0.01707,           0.0020229,                   0,                   0,          0.00014693,          0.00014693,          0.00014693
                 258,              0.0106,           0.0020085,          0.00025657,                   0,             0.61289,             0.83858,             0.70088,             0.77263,             0.40193,            0.040313,            0.017114,           0.0020338,                   0,                   0,          0.00014486,          0.00014486,          0.00014486
                 259,            0.023927,           0.0073397,          0.00052234,                   0,             0.63909,              0.8418,             0.70665,              0.7727,             0.40569,             0.04022,            0.017081,             0.00204,                   0,                   0,          0.00014283,          0.00014283,          0.00014283
                 260,            0.028443,            0.005977,          0.00054855,                   0,             0.61505,             0.83937,             0.70491,             0.77019,             0.40928,            0.040151,            0.017008,           0.0020498,                   0,                   0,          0.00014084,          0.00014084,          0.00014084
                 261,            0.035541,           0.0055196,           0.0019077,                   0,             0.59609,             0.82588,             0.70702,             0.76856,             0.40661,            0.040164,            0.017008,           0.0020374,                   0,                   0,           0.0001389,           0.0001389,           0.0001389
                 262,            0.026634,           0.0046977,          0.00037029,                   0,              0.6011,             0.83343,             0.69462,             0.76995,             0.40664,            0.040029,            0.017033,           0.0020351,                   0,                   0,          0.00013701,          0.00013701,          0.00013701
                 263,            0.022796,            0.004448,          0.00029281,                   0,             0.61953,              0.8283,             0.70832,             0.77044,             0.40563,            0.040032,            0.016889,           0.0020625,                   0,                   0,          0.00013516,          0.00013516,          0.00013516
                 264,            0.017646,            0.002916,          0.00029424,                   0,              0.5929,             0.82234,             0.70067,             0.76549,              0.4002,            0.040087,            0.016905,           0.0021055,                   0,                   0,          0.00013336,          0.00013336,          0.00013336
                 265,            0.035905,           0.0098777,           0.0027323,                   0,              0.5991,             0.83545,             0.70884,             0.77348,             0.40519,            0.040019,            0.016877,           0.0021159,                   0,                   0,           0.0001316,           0.0001316,           0.0001316
                 266,            0.027228,             0.00488,          0.00023579,                   0,             0.60341,             0.83037,             0.70447,             0.77148,             0.40485,            0.040023,            0.016861,           0.0021323,                   0,                   0,          0.00012989,          0.00012989,          0.00012989
                 267,            0.043294,           0.0096085,           0.0025905,                   0,             0.59431,             0.82974,               0.701,              0.7693,             0.40166,            0.040089,            0.016908,           0.0021455,                   0,                   0,          0.00012822,          0.00012822,          0.00012822
                 268,            0.026669,           0.0072689,           0.0012157,                   0,             0.61306,              0.8248,             0.70843,             0.76946,             0.40437,            0.039997,            0.016871,            0.002151,                   0,                   0,           0.0001266,           0.0001266,           0.0001266
                 269,            0.027045,           0.0062663,           0.0019261,                   0,             0.61519,             0.81745,             0.70748,             0.77076,             0.40237,            0.040073,            0.016914,           0.0021679,                   0,                   0,          0.00012503,          0.00012503,          0.00012503
                 270,            0.014793,           0.0019916,          0.00013011,                   0,             0.60947,             0.82997,              0.7053,             0.76829,             0.40023,            0.040055,            0.016914,           0.0021832,                   0,                   0,           0.0001235,           0.0001235,           0.0001235
                 271,            0.024195,           0.0061947,           0.0019416,                   0,             0.59058,              0.8426,             0.69969,             0.77016,             0.39868,            0.040145,            0.016962,           0.0021995,                   0,                   0,          0.00012202,          0.00012202,          0.00012202
                 272,            0.015919,           0.0022259,          0.00018518,                   0,              0.5922,             0.84731,              0.6944,             0.77182,             0.40373,            0.040058,            0.016959,           0.0021897,                   0,                   0,          0.00012059,          0.00012059,          0.00012059
                 273,            0.022585,           0.0047135,           0.0015608,                   0,             0.60621,             0.83748,             0.69123,             0.76643,             0.40283,            0.039995,               0.017,           0.0021744,                   0,                   0,          0.00011921,          0.00011921,          0.00011921
                 274,            0.023031,           0.0092597,          0.00094803,                   0,                0.62,             0.83713,             0.69095,             0.76702,             0.40507,            0.039992,            0.017031,           0.0021791,                   0,                   0,          0.00011787,          0.00011787,          0.00011787
                 275,            0.035929,           0.0038707,           0.0031615,                   0,              0.6096,              0.8332,             0.68551,             0.76057,             0.39593,            0.040181,            0.017078,           0.0021627,                   0,                   0,          0.00011658,          0.00011658,          0.00011658
                 276,            0.023275,           0.0035416,          0.00076747,                   0,             0.58922,             0.84143,             0.69246,             0.76906,             0.40589,            0.039933,             0.01703,           0.0021394,                   0,                   0,          0.00011533,          0.00011533,          0.00011533
                 277,            0.036952,            0.004896,           0.0030505,                   0,             0.59189,             0.83775,             0.69687,             0.77399,             0.41127,            0.039958,            0.017036,           0.0021072,                   0,                   0,          0.00011414,          0.00011414,          0.00011414
                 278,             0.02808,           0.0061161,           0.0013026,                   0,             0.60452,              0.8347,             0.69818,             0.77098,             0.40836,            0.040054,            0.017056,           0.0020987,                   0,                   0,          0.00011299,          0.00011299,          0.00011299
                 279,            0.026336,           0.0077563,          0.00043161,                   0,             0.60165,             0.83077,              0.6934,             0.76622,             0.40811,            0.040117,            0.017026,           0.0020815,                   0,                   0,          0.00011189,          0.00011189,          0.00011189
                 280,            0.025387,           0.0059157,           0.0018976,                   0,             0.61689,             0.82783,             0.70838,             0.76855,              0.4069,            0.040072,            0.017019,           0.0020859,                   0,                   0,          0.00011084,          0.00011084,          0.00011084
                 281,            0.034472,           0.0042436,          0.00023263,                   0,              0.5986,             0.82103,             0.71813,             0.77113,             0.41179,            0.040024,            0.016987,           0.0020823,                   0,                   0,          0.00010983,          0.00010983,          0.00010983
                 282,             0.03847,           0.0063456,            0.001674,                   0,             0.61058,             0.81927,             0.71261,             0.76606,             0.40965,            0.040243,             0.01697,           0.0020746,                   0,                   0,          0.00010888,          0.00010888,          0.00010888
                 283,            0.021273,           0.0040629,          0.00033563,                   0,             0.59629,             0.83067,             0.71573,             0.77531,             0.41699,            0.040005,            0.016884,           0.0020579,                   0,                   0,          0.00010797,          0.00010797,          0.00010797
                 284,            0.031447,           0.0049762,           0.0012063,                   0,             0.59075,              0.8276,             0.71689,             0.77162,             0.41611,            0.039983,            0.016876,           0.0020636,                   0,                   0,          0.00010711,          0.00010711,          0.00010711
                 285,            0.032643,           0.0072452,           0.0038727,                   0,             0.59867,             0.82576,             0.72272,             0.77763,             0.41263,            0.040156,            0.016952,            0.002073,                   0,                   0,           0.0001063,           0.0001063,           0.0001063
                 286,            0.031405,           0.0077281,            0.001601,                   0,             0.59425,             0.82219,             0.72016,              0.7713,             0.41018,            0.040137,            0.016946,            0.002075,                   0,                   0,          0.00010554,          0.00010554,          0.00010554
                 287,            0.028244,            0.010983,            0.000545,                   0,             0.60511,             0.81723,             0.71927,             0.76952,             0.40529,            0.040265,            0.016929,            0.002096,                   0,                   0,          0.00010483,          0.00010483,          0.00010483
                 288,            0.031707,           0.0083152,           0.0020341,                   0,             0.62487,             0.81421,             0.71578,              0.7671,             0.40316,            0.040355,            0.016971,           0.0020935,                   0,                   0,          0.00010416,          0.00010416,          0.00010416
                 289,            0.017874,           0.0069007,          0.00037301,                   0,             0.60254,             0.81029,             0.72403,             0.76471,             0.40676,            0.040428,            0.017004,           0.0020878,                   0,                   0,          0.00010355,          0.00010355,          0.00010355
                 290,            0.029801,           0.0051394,           0.0030544,                   0,             0.59397,             0.81225,             0.72741,             0.76905,             0.40605,            0.040232,            0.016987,           0.0020955,                   0,                   0,          0.00010298,          0.00010298,          0.00010298
                 291,            0.024137,           0.0067118,           0.0019698,                   0,             0.61707,             0.80779,             0.72505,             0.76852,             0.40354,            0.040314,            0.016989,            0.002122,                   0,                   0,          0.00010247,          0.00010247,          0.00010247
                 292,            0.049125,           0.0031181,           0.0027242,                   0,              0.5889,             0.81596,             0.71829,             0.76702,              0.4051,            0.040479,            0.017011,           0.0021285,                   0,                   0,            0.000102,            0.000102,            0.000102
                 293,            0.013319,           0.0019984,          0.00025653,                   0,             0.58279,             0.81484,             0.71922,             0.77114,             0.40445,            0.040531,            0.017075,            0.002122,                   0,                   0,          0.00010158,          0.00010158,          0.00010158
                 294,            0.028949,           0.0079703,           0.0013261,                   0,             0.59343,             0.82966,             0.70846,             0.76995,             0.40169,            0.040558,            0.017079,            0.002145,                   0,                   0,          0.00010121,          0.00010121,          0.00010121
                 295,            0.038229,           0.0094325,           0.0015441,                   0,             0.58928,             0.80408,             0.72147,             0.76103,             0.39751,            0.040636,             0.01712,           0.0021504,                   0,                   0,          0.00010089,          0.00010089,          0.00010089
                 296,            0.039828,           0.0052724,           0.0049375,                   0,             0.61651,              0.8043,             0.71395,             0.76057,             0.39752,            0.040477,            0.017119,           0.0021544,                   0,                   0,          0.00010062,          0.00010062,          0.00010062
                 297,            0.019534,           0.0026993,          0.00091858,                   0,             0.57961,             0.79747,             0.72044,             0.76301,             0.39675,            0.040617,            0.017067,           0.0021511,                   0,                   0,          0.00010039,          0.00010039,          0.00010039
                 298,            0.024915,           0.0023177,           0.0016934,                   0,             0.58656,             0.80512,             0.72112,             0.76654,             0.40289,            0.040609,            0.017076,           0.0021557,                   0,                   0,          0.00010022,          0.00010022,          0.00010022
                 299,            0.030354,           0.0064969,           0.0023112,                   0,             0.58648,             0.80334,             0.71575,              0.7629,             0.40174,            0.040578,             0.01702,           0.0021533,                   0,                   0,           0.0001001,           0.0001001,           0.0001001
