               epoch,      train/box_loss,      train/obj_loss,      train/cls_loss,     train/lmmd_loss,       train/fg_loss,   metrics/precision,      metrics/recall,     metrics/mAP_0.5,metrics/mAP_0.5:0.95,        val/box_loss,        val/obj_loss,        val/cls_loss,       val/lmmd_loss,         val/fg_loss,               x/lr0,               x/lr1,               x/lr2
                   0,             0.11131,            0.025836,            0.017249,                   0,             0.64874,             0.00031,            0.050926,          0.00018274,          2.5984e-05,             0.11869,            0.018035,            0.015354,                   0,                   0,            0.097723,             2.3e-05,             2.3e-05
                   1,             0.12428,            0.023043,            0.015528,                   0,             0.68297,          0.00028935,            0.055556,          0.00017052,          3.5957e-05,             0.11499,            0.016657,            0.014623,                   0,                   0,            0.095347,          4.6999e-05,          4.6999e-05
                   2,             0.10528,             0.02317,            0.014734,                   0,              0.7035,          0.00046995,            0.097222,          0.00034461,          5.9907e-05,             0.11216,             0.01603,            0.014115,                   0,                   0,            0.092971,          7.0993e-05,          7.0993e-05
                   3,            0.098372,            0.048513,            0.012071,                   0,             0.62571,          0.00051249,             0.11111,          0.00059116,          0.00011112,             0.11047,             0.01558,            0.013655,                   0,                   0,            0.090595,          9.4979e-05,          9.4979e-05
                   4,            0.087443,            0.015653,           0.0095644,                   0,             0.59917,          0.00093404,             0.17339,           0.0022208,          0.00041997,              0.1074,            0.015583,            0.013279,                   0,                   0,            0.088219,          0.00011895,          0.00011895
                   5,             0.11351,            0.047413,            0.018098,                   0,             0.66449,          0.00092109,             0.16876,           0.0039756,          0.00085449,               0.106,            0.015548,            0.013038,                   0,                   0,            0.085843,          0.00014291,          0.00014291
                   6,             0.10243,            0.011706,            0.013757,                   0,             0.65215,           0.0010128,             0.18728,           0.0089839,           0.0023083,             0.10404,            0.015683,            0.012765,                   0,                   0,            0.083467,          0.00016685,          0.00016685
                   7,            0.096635,            0.037681,            0.011046,                   0,             0.69085,           0.0010848,             0.20117,             0.02091,           0.0056859,             0.10201,            0.015857,             0.01254,                   0,                   0,            0.081091,          0.00019077,          0.00019077
                   8,            0.092317,           0.0096437,            0.010029,                   0,             0.60835,           0.0011557,             0.21506,             0.06864,            0.018088,            0.099054,            0.016007,            0.012294,                   0,                   0,            0.078715,          0.00021466,          0.00021466
                   9,            0.087599,            0.038511,            0.012677,                   0,             0.65399,          0.00095789,             0.22222,            0.076344,            0.018065,            0.099048,            0.015944,            0.012185,                   0,                   0,            0.076339,          0.00023852,          0.00023852
                  10,            0.065014,            0.043653,           0.0081478,                   0,             0.62956,           0.0010145,             0.23611,            0.087402,            0.022948,            0.098088,            0.015993,            0.012042,                   0,                   0,            0.073962,          0.00026235,          0.00026235
                  11,            0.066086,            0.027858,           0.0078324,                   0,             0.65433,           0.0010282,             0.24074,              0.1166,            0.037173,            0.095484,            0.016204,            0.011889,                   0,                   0,            0.071586,          0.00028614,          0.00028614
                  12,            0.066334,            0.029663,           0.0073591,                   0,             0.63697,            0.001071,                0.25,              0.1545,            0.048025,            0.093888,            0.016426,            0.011718,                   0,                   0,             0.06921,           0.0003099,           0.0003099
                  13,             0.10123,            0.013533,            0.019648,                   0,             0.62498,           0.0044079,             0.24537,              0.1477,            0.045727,            0.090987,            0.016709,            0.011478,                   0,                   0,            0.066834,          0.00033361,          0.00033361
                  14,            0.091019,           0.0094319,            0.007897,                   0,             0.58694,             0.54726,             0.19907,             0.15322,            0.057264,            0.090208,            0.016763,            0.011413,                   0,                   0,            0.064457,          0.00035727,          0.00035727
                  15,            0.088236,            0.018885,           0.0078779,                   0,             0.66433,             0.60124,             0.19444,             0.18213,            0.059948,            0.088704,            0.016838,            0.011324,                   0,                   0,            0.062081,          0.00038088,          0.00038088
                  16,            0.081095,            0.019192,           0.0098917,                   0,             0.65176,             0.65312,             0.20833,             0.19212,            0.078216,            0.087395,            0.016926,            0.011301,                   0,                   0,            0.059704,          0.00040444,          0.00040444
                  17,            0.081029,            0.034988,           0.0098414,                   0,             0.67187,              0.7055,             0.19444,             0.18521,            0.078047,            0.087088,            0.016954,            0.011247,                   0,                   0,            0.057328,          0.00042793,          0.00042793
                  18,            0.068736,            0.049119,           0.0088535,                   0,             0.66532,              0.8019,             0.18519,             0.17908,            0.072694,            0.085756,            0.017089,            0.011188,                   0,                   0,            0.054951,          0.00045137,          0.00045137
                  19,            0.042496,            0.011106,           0.0038061,                   0,              0.5897,             0.88441,             0.16667,             0.18703,            0.085127,             0.08497,            0.017061,            0.011153,                   0,                   0,            0.052575,          0.00047475,          0.00047475
                  20,            0.055823,            0.028841,           0.0058697,                   0,             0.63486,             0.89158,             0.16667,             0.20377,            0.092078,            0.083423,            0.017072,             0.01105,                   0,                   0,            0.050198,          0.00049805,          0.00049805
                  21,            0.068034,            0.041785,           0.0082122,                   0,              0.6755,             0.87318,             0.17711,             0.19001,            0.073636,            0.083297,            0.016884,            0.010954,                   0,                   0,            0.047821,          0.00052129,          0.00052129
                  22,            0.071454,            0.016619,            0.005701,                   0,             0.65415,             0.86641,             0.15238,             0.18081,            0.068932,             0.08224,            0.016648,            0.010819,                   0,                   0,            0.045444,          0.00054445,          0.00054445
                  23,            0.080302,            0.058508,           0.0083122,                   0,             0.67797,             0.79934,             0.14815,             0.15466,            0.059977,            0.081857,              0.0164,            0.010718,                   0,                   0,            0.043068,          0.00056753,          0.00056753
                  24,            0.072043,             0.01554,           0.0064195,                   0,             0.62892,             0.72671,             0.16204,             0.14827,              0.0557,            0.080269,            0.016247,            0.010601,                   0,                   0,            0.040691,          0.00059053,          0.00059053
                  25,            0.074555,            0.022101,            0.013126,                   0,             0.64778,             0.75214,             0.13426,             0.14879,            0.063525,            0.079465,            0.016211,            0.010662,                   0,                   0,            0.038313,          0.00061345,          0.00061345
                  26,            0.053831,            0.021986,           0.0051541,                   0,             0.65481,             0.77089,             0.12963,             0.14619,            0.067453,            0.077313,            0.015975,            0.010558,                   0,                   0,            0.035936,          0.00063627,          0.00063627
                  27,            0.068511,            0.018134,           0.0066835,                   0,             0.63765,             0.79768,             0.13426,             0.16327,            0.084235,             0.07587,            0.015752,            0.010405,                   0,                   0,            0.033559,          0.00065901,          0.00065901
                  28,            0.060686,            0.017058,           0.0060707,                   0,             0.63287,             0.80578,             0.14815,             0.17452,            0.082442,            0.074804,             0.01562,            0.010326,                   0,                   0,            0.031182,          0.00068165,          0.00068165
                  29,            0.065328,            0.020252,            0.005455,                   0,             0.65334,              0.7938,             0.18981,             0.19541,            0.090114,            0.074211,            0.015387,              0.0103,                   0,                   0,            0.028804,          0.00070419,          0.00070419
                  30,            0.070254,            0.024955,            0.009373,                   0,             0.65414,             0.80297,             0.18981,             0.20107,            0.087062,            0.072511,            0.015566,            0.010321,                   0,                   0,            0.026427,          0.00072664,          0.00072664
                  31,            0.058589,            0.048035,           0.0052985,                   0,             0.70024,             0.78947,             0.19444,             0.20553,            0.096689,             0.07144,            0.015673,            0.010306,                   0,                   0,            0.024049,          0.00074897,          0.00074897
                  32,             0.07492,            0.035056,           0.0083676,                   0,             0.66867,             0.83458,             0.19907,             0.21529,            0.090207,            0.071157,             0.01575,              0.0103,                   0,                   0,            0.021671,           0.0007712,           0.0007712
                  33,            0.093494,            0.018331,            0.022957,                   0,             0.71455,             0.88276,              0.2037,             0.22217,            0.088244,            0.071121,             0.01576,            0.010322,                   0,                   0,            0.019293,          0.00079332,          0.00079332
                  34,            0.065638,            0.021756,            0.007198,                   0,             0.61358,             0.87389,             0.19907,             0.22909,             0.12282,            0.068285,            0.016038,            0.010334,                   0,                   0,            0.016915,          0.00081532,          0.00081532
                  35,             0.06475,            0.032187,           0.0078308,                   0,             0.69073,             0.83146,             0.20032,              0.2287,              0.1198,            0.069404,            0.016187,             0.01035,                   0,                   0,            0.014537,          0.00083721,          0.00083721
                  36,            0.051841,            0.016285,           0.0093008,                   0,             0.61869,             0.83061,             0.21686,             0.23336,             0.12699,            0.064443,            0.016638,            0.010185,                   0,                   0,            0.012159,          0.00085897,          0.00085897
                  37,             0.07398,            0.022921,           0.0051516,                   0,               0.639,             0.78783,             0.23611,             0.22429,             0.10545,            0.064628,            0.016559,            0.010117,                   0,                   0,           0.0097806,          0.00088061,          0.00088061
                  38,            0.066578,             0.02343,           0.0050552,                   0,             0.63149,              0.7565,             0.23357,             0.24162,             0.13296,            0.065292,            0.016536,            0.010167,                   0,                   0,           0.0074021,          0.00090212,          0.00090212
                  39,            0.064729,             0.05363,           0.0066284,                   0,             0.67644,              0.6753,             0.23357,             0.24151,             0.13155,            0.063616,            0.016484,            0.010251,                   0,                   0,           0.0050235,          0.00092351,          0.00092351
                  40,            0.056679,            0.014567,            0.011135,                   0,             0.64462,             0.61393,              0.2382,             0.24962,             0.13045,            0.063506,            0.016363,            0.010221,                   0,                   0,           0.0026448,          0.00094476,          0.00094476
                  41,            0.043202,             0.02548,           0.0036646,                   0,             0.61974,               0.695,              0.2382,             0.26523,             0.13757,            0.062273,            0.016499,            0.010278,                   0,                   0,          0.00095916,          0.00095916,          0.00095916
                  42,            0.048606,            0.022862,            0.004292,                   0,             0.67873,             0.63707,             0.23357,             0.25753,             0.14411,             0.06022,             0.01636,            0.010244,                   0,                   0,          0.00095916,          0.00095916,          0.00095916
                  43,            0.063471,            0.014204,            0.024063,                   0,             0.67523,             0.70047,             0.23899,             0.27754,             0.14265,            0.059166,            0.016065,            0.010331,                   0,                   0,          0.00095717,          0.00095717,          0.00095717
                  44,            0.044963,            0.022332,           0.0074622,                   0,             0.62175,             0.69253,             0.23908,             0.28058,             0.16489,            0.057986,            0.015993,            0.010443,                   0,                   0,          0.00095514,          0.00095514,          0.00095514
                  45,            0.059586,             0.01865,           0.0046332,                   0,             0.64765,              0.7057,             0.23946,             0.28503,             0.16101,            0.057015,             0.01591,            0.010488,                   0,                   0,          0.00095307,          0.00095307,          0.00095307
                  46,            0.049582,            0.012208,           0.0035051,                   0,             0.58357,             0.73787,              0.2351,             0.29306,             0.17436,            0.056114,            0.015616,            0.010363,                   0,                   0,          0.00095095,          0.00095095,          0.00095095
                  47,            0.047627,            0.020427,           0.0045263,                   0,             0.62886,             0.72469,             0.24955,             0.29576,             0.15323,            0.055246,            0.015564,            0.010071,                   0,                   0,          0.00094879,          0.00094879,          0.00094879
                  48,            0.054046,            0.016144,           0.0044226,                   0,             0.65825,              0.6884,             0.25583,             0.30165,             0.18069,            0.055211,            0.015426,           0.0098719,                   0,                   0,          0.00094659,          0.00094659,          0.00094659
                  49,            0.052011,            0.025625,           0.0057032,                   0,             0.64457,             0.64478,             0.25792,             0.30441,             0.17653,            0.053574,            0.015319,           0.0097427,                   0,                   0,          0.00094434,          0.00094434,          0.00094434
                  50,             0.06452,            0.022851,           0.0062746,                   0,             0.66501,             0.49532,             0.28933,             0.30952,             0.17428,            0.054178,            0.015046,           0.0095932,                   0,                   0,          0.00094205,          0.00094205,          0.00094205
                  51,            0.041693,            0.026406,           0.0045061,                   0,             0.68799,             0.57378,             0.30872,             0.31584,             0.17636,            0.053964,            0.014855,           0.0094571,                   0,                   0,          0.00093971,          0.00093971,          0.00093971
                  52,            0.052655,              0.0166,           0.0053364,                   0,             0.66017,             0.57672,             0.30827,             0.31971,              0.1815,            0.052967,            0.014563,           0.0092743,                   0,                   0,          0.00093733,          0.00093733,          0.00093733
                  53,             0.04815,            0.015971,            0.014689,                   0,             0.64144,             0.58142,             0.30408,             0.32481,             0.19497,            0.052616,            0.014447,           0.0091481,                   0,                   0,          0.00093491,          0.00093491,          0.00093491
                  54,            0.039764,            0.019683,            0.003265,                   0,             0.61288,             0.58979,             0.30408,             0.32714,              0.1663,            0.051501,            0.014145,           0.0089198,                   0,                   0,          0.00093245,          0.00093245,          0.00093245
                  55,            0.040482,            0.023914,            0.003654,                   0,             0.62247,             0.54229,             0.33756,             0.33354,             0.18086,            0.051162,            0.014019,            0.008753,                   0,                   0,          0.00092995,          0.00092995,          0.00092995
                  56,            0.047078,            0.016141,           0.0039123,                   0,             0.63829,             0.59623,             0.33546,             0.33936,             0.20277,            0.051072,            0.013811,           0.0085392,                   0,                   0,           0.0009274,           0.0009274,           0.0009274
                  57,            0.057202,            0.019461,           0.0053272,                   0,             0.59853,             0.63805,              0.3516,             0.35208,             0.19317,            0.051022,            0.013625,           0.0082018,                   0,                   0,          0.00092481,          0.00092481,          0.00092481
                  58,            0.046707,            0.022096,           0.0044674,                   0,             0.61618,             0.65372,             0.33965,             0.35869,             0.20917,            0.051287,            0.013277,           0.0079896,                   0,                   0,          0.00092219,          0.00092219,          0.00092219
                  59,            0.039635,            0.015731,           0.0087233,                   0,             0.63944,             0.71757,             0.34592,             0.37138,              0.2123,            0.048386,            0.013142,           0.0076692,                   0,                   0,          0.00091952,          0.00091952,          0.00091952
                  60,            0.048632,            0.038739,           0.0044909,                   0,             0.65319,             0.73397,             0.34802,             0.37532,              0.2167,            0.049124,             0.01311,           0.0074661,                   0,                   0,          0.00091681,          0.00091681,          0.00091681
                  61,            0.034936,           0.0084551,           0.0025502,                   0,             0.66347,              0.7745,             0.36057,             0.38814,             0.22897,            0.049175,            0.013107,           0.0071124,                   0,                   0,          0.00091406,          0.00091406,          0.00091406
                  62,            0.041038,            0.035772,           0.0052751,                   0,             0.66128,             0.77769,             0.37042,             0.39696,             0.22877,            0.048403,            0.013135,            0.006839,                   0,                   0,          0.00091127,          0.00091127,          0.00091127
                  63,            0.048665,            0.014307,           0.0026257,                   0,             0.61039,             0.76169,             0.37751,             0.39793,             0.22611,              0.0469,            0.012962,           0.0065779,                   0,                   0,          0.00090844,          0.00090844,          0.00090844
                  64,            0.043966,            0.013016,           0.0095597,                   0,             0.65149,              0.7698,             0.38193,             0.40251,             0.23766,            0.048096,            0.012723,           0.0063078,                   0,                   0,          0.00090557,          0.00090557,          0.00090557
                  65,            0.058816,            0.015378,           0.0064125,                   0,              0.6252,              0.7819,             0.37731,             0.40422,             0.23835,            0.048807,            0.012476,           0.0061502,                   0,                   0,          0.00090266,          0.00090266,          0.00090266
                  66,            0.030441,            0.010676,           0.0024281,                   0,             0.61193,             0.76785,             0.39867,              0.4099,               0.236,            0.047507,            0.012424,           0.0058195,                   0,                   0,          0.00089972,          0.00089972,          0.00089972
                  67,            0.040487,           0.0095669,           0.0025456,                   0,              0.6104,             0.79539,             0.39658,              0.4106,             0.23036,            0.047438,            0.012419,           0.0056057,                   0,                   0,          0.00089673,          0.00089673,          0.00089673
                  68,            0.045364,            0.014394,           0.0041953,                   0,              0.6364,             0.81746,             0.39867,             0.41827,             0.22827,            0.048511,            0.012369,           0.0054017,                   0,                   0,          0.00089371,          0.00089371,          0.00089371
                  69,            0.038194,            0.014534,           0.0029651,                   0,              0.6271,               0.844,             0.39613,             0.41944,             0.24362,            0.046003,            0.012277,           0.0052906,                   0,                   0,          0.00089065,          0.00089065,          0.00089065
                  70,            0.051841,            0.028012,           0.0038901,                   0,             0.66857,             0.83958,             0.39613,             0.42106,             0.24111,            0.046492,            0.012118,           0.0051492,                   0,                   0,          0.00088755,          0.00088755,          0.00088755
                  71,            0.070912,            0.022502,            0.008418,                   0,             0.68448,             0.86931,             0.38941,             0.43082,             0.24768,            0.045766,            0.012202,             0.00498,                   0,                   0,          0.00088442,          0.00088442,          0.00088442
                  72,             0.04657,            0.034453,           0.0075673,                   0,             0.68082,             0.87684,             0.38941,             0.42711,             0.23901,            0.046736,            0.012055,           0.0048382,                   0,                   0,          0.00088124,          0.00088124,          0.00088124
                  73,             0.04977,            0.015289,           0.0026673,                   0,             0.64611,             0.85117,              0.4036,             0.43658,             0.24857,            0.046387,            0.011936,            0.004673,                   0,                   0,          0.00087804,          0.00087804,          0.00087804
                  74,            0.050256,            0.028348,           0.0037759,                   0,             0.64478,             0.84373,             0.40286,             0.43321,             0.25667,            0.045423,            0.011766,            0.004531,                   0,                   0,          0.00087479,          0.00087479,          0.00087479
                  75,             0.05546,            0.012274,           0.0045404,                   0,             0.62044,             0.83538,             0.40704,             0.43514,             0.25463,            0.045194,            0.011647,           0.0044302,                   0,                   0,          0.00087151,          0.00087151,          0.00087151
                  76,            0.027855,              0.0116,           0.0048629,                   0,             0.63696,             0.83797,             0.40648,             0.43385,             0.25472,            0.043648,            0.011581,           0.0044013,                   0,                   0,           0.0008682,           0.0008682,           0.0008682
                  77,            0.048496,            0.010815,           0.0072149,                   0,             0.60643,             0.86397,              0.3936,             0.43194,             0.25453,            0.044909,            0.011503,           0.0043807,                   0,                   0,          0.00086485,          0.00086485,          0.00086485
                  78,            0.071113,            0.023815,           0.0060017,                   0,             0.69648,             0.89271,             0.39686,             0.43896,             0.25704,            0.044655,            0.011421,           0.0043042,                   0,                   0,          0.00086146,          0.00086146,          0.00086146
                  79,            0.055583,            0.033873,           0.0053235,                   0,             0.68003,             0.81354,             0.42378,             0.43933,             0.26738,            0.044891,            0.011503,           0.0041021,                   0,                   0,          0.00085805,          0.00085805,          0.00085805
                  80,             0.03713,            0.014849,           0.0058258,                   0,             0.63796,             0.85603,             0.41895,              0.4418,              0.2661,            0.043559,            0.011544,           0.0040117,                   0,                   0,          0.00085459,          0.00085459,          0.00085459
                  81,            0.046638,            0.018708,           0.0043637,                   0,              0.6256,             0.85514,             0.41491,             0.44591,             0.25864,            0.044491,            0.011627,           0.0038253,                   0,                   0,          0.00085111,          0.00085111,          0.00085111
                  82,            0.041414,            0.014654,           0.0033858,                   0,              0.6067,             0.85551,             0.40913,             0.44462,             0.26253,            0.043524,            0.011588,            0.003644,                   0,                   0,          0.00084759,          0.00084759,          0.00084759
                  83,            0.039929,            0.012375,           0.0019441,                   0,             0.62374,              0.8463,             0.40843,             0.44915,              0.2614,            0.044197,            0.011587,           0.0035276,                   0,                   0,          0.00084404,          0.00084404,          0.00084404
                  84,            0.060936,            0.026785,           0.0057907,                   0,             0.68479,             0.87613,             0.41332,             0.45198,               0.269,            0.042608,            0.011565,           0.0034465,                   0,                   0,          0.00084046,          0.00084046,          0.00084046
                  85,            0.047652,            0.015391,           0.0021709,                   0,             0.58689,             0.85433,             0.42213,             0.45309,              0.2712,            0.042803,            0.011621,           0.0033926,                   0,                   0,          0.00083684,          0.00083684,          0.00083684
                  86,            0.054946,            0.022668,            0.011177,                   0,             0.64458,              0.8602,             0.41795,             0.45071,             0.26552,            0.043652,            0.011667,           0.0033824,                   0,                   0,          0.00083319,          0.00083319,          0.00083319
                  87,            0.051699,            0.015839,           0.0025805,                   0,             0.66286,             0.86395,             0.41975,             0.44857,             0.26765,            0.043372,             0.01159,           0.0033912,                   0,                   0,          0.00082952,          0.00082952,          0.00082952
                  88,            0.056379,           0.0061405,           0.0026015,                   0,             0.63931,             0.87599,             0.42554,             0.45519,             0.25721,            0.042794,            0.011563,           0.0033502,                   0,                   0,          0.00082581,          0.00082581,          0.00082581
                  89,            0.034855,            0.021657,           0.0030154,                   0,              0.6377,             0.87417,             0.42603,              0.4569,             0.27088,            0.042937,            0.011294,           0.0032467,                   0,                   0,          0.00082207,          0.00082207,          0.00082207
                  90,            0.049298,            0.013222,           0.0050474,                   0,             0.65318,             0.88004,             0.43047,             0.45821,             0.26989,            0.042556,            0.011298,           0.0032104,                   0,                   0,           0.0008183,           0.0008183,           0.0008183
                  91,            0.034823,            0.014514,           0.0015589,                   0,             0.61003,             0.87895,             0.42841,             0.45822,             0.26928,            0.043194,            0.011239,           0.0031781,                   0,                   0,           0.0008145,           0.0008145,           0.0008145
                  92,            0.042494,            0.024821,           0.0052646,                   0,             0.68955,             0.88375,             0.42091,             0.46188,             0.26883,            0.042921,            0.011269,           0.0031162,                   0,                   0,          0.00081068,          0.00081068,          0.00081068
                  93,            0.041354,            0.024051,           0.0029553,                   0,             0.62334,             0.87313,             0.41959,             0.46229,             0.25663,            0.044856,            0.011276,           0.0031193,                   0,                   0,          0.00080682,          0.00080682,          0.00080682
                  94,            0.041686,           0.0076563,           0.0026631,                   0,             0.60462,             0.87291,             0.42836,             0.46785,               0.271,            0.043068,            0.011205,           0.0030574,                   0,                   0,          0.00080294,          0.00080294,          0.00080294
                  95,            0.046985,            0.018011,           0.0052375,                   0,              0.6667,             0.88328,             0.43107,             0.46963,             0.27645,             0.04254,            0.011185,           0.0030453,                   0,                   0,          0.00079903,          0.00079903,          0.00079903
                  96,            0.041489,           0.0055595,           0.0032522,                   0,             0.64856,             0.86079,             0.41922,             0.46237,             0.26611,            0.042709,            0.011214,           0.0030033,                   0,                   0,          0.00079509,          0.00079509,          0.00079509
                  97,            0.041945,            0.017533,           0.0017467,                   0,             0.59539,             0.88593,             0.42175,             0.46516,             0.27144,            0.042387,            0.011172,           0.0029882,                   0,                   0,          0.00079112,          0.00079112,          0.00079112
                  98,            0.033224,            0.012516,           0.0015423,                   0,             0.62726,             0.89525,             0.42587,             0.47006,             0.27635,            0.041415,            0.011178,           0.0029575,                   0,                   0,          0.00078713,          0.00078713,          0.00078713
                  99,            0.029319,           0.0075167,           0.0055362,                   0,             0.63549,             0.93547,             0.42378,             0.47103,             0.28021,            0.041189,             0.01105,             0.00294,                   0,                   0,          0.00078311,          0.00078311,          0.00078311
                 100,            0.039582,           0.0047522,            0.006031,                   0,             0.62663,             0.93909,             0.42168,             0.47283,              0.2835,            0.041202,            0.010947,           0.0029163,                   0,                   0,          0.00077907,          0.00077907,          0.00077907
                 101,            0.040498,             0.01246,           0.0017881,                   0,             0.60097,             0.90177,             0.42378,             0.47462,             0.28702,            0.040989,            0.010939,           0.0028757,                   0,                   0,            0.000775,            0.000775,            0.000775
                 102,            0.032795,            0.013213,           0.0014565,                   0,             0.64891,             0.88979,             0.42836,             0.46938,              0.2869,            0.042098,            0.010997,           0.0028629,                   0,                   0,          0.00077091,          0.00077091,          0.00077091
                 103,             0.06043,            0.022347,           0.0070101,                   0,             0.66159,             0.86438,             0.44413,             0.47624,             0.28215,             0.04102,            0.011011,           0.0028349,                   0,                   0,          0.00076679,          0.00076679,          0.00076679
                 104,            0.066758,            0.014106,           0.0066627,                   0,             0.68677,             0.89011,              0.4414,             0.47706,             0.27976,            0.041998,            0.011018,           0.0027815,                   0,                   0,          0.00076265,          0.00076265,          0.00076265
                 105,            0.058307,            0.018342,           0.0091956,                   0,             0.63678,             0.87755,             0.44158,             0.47691,             0.28538,            0.041935,            0.011022,           0.0027632,                   0,                   0,          0.00075848,          0.00075848,          0.00075848
                 106,            0.040744,            0.016743,           0.0018695,                   0,              0.6098,             0.90811,             0.44475,             0.47319,             0.28614,            0.041432,               0.011,           0.0027124,                   0,                   0,           0.0007543,           0.0007543,           0.0007543
                 107,            0.041102,            0.018659,           0.0017749,                   0,             0.62429,             0.89655,             0.43831,              0.4695,             0.28034,            0.042177,            0.010968,           0.0027196,                   0,                   0,          0.00075009,          0.00075009,          0.00075009
                 108,            0.035863,            0.014184,           0.0018402,                   0,             0.60721,             0.92009,             0.43931,             0.47885,             0.27618,            0.041013,            0.010966,           0.0027139,                   0,                   0,          0.00074585,          0.00074585,          0.00074585
                 109,            0.031552,            0.020415,           0.0036274,                   0,              0.6461,             0.90855,             0.43931,              0.4793,             0.28126,            0.040532,            0.010939,           0.0026612,                   0,                   0,           0.0007416,           0.0007416,           0.0007416
                 110,            0.040243,            0.012447,           0.0023184,                   0,             0.62804,             0.90944,             0.43272,             0.47518,             0.27016,            0.042257,            0.011007,           0.0026288,                   0,                   0,          0.00073733,          0.00073733,          0.00073733
                 111,            0.035317,            0.013714,           0.0025345,                   0,             0.65717,             0.90121,             0.43304,             0.47406,             0.27833,            0.041417,            0.011014,           0.0026439,                   0,                   0,          0.00073303,          0.00073303,          0.00073303
                 112,            0.062427,            0.010292,            0.011586,                   0,             0.67199,             0.90296,             0.43083,             0.47164,             0.27589,            0.041515,            0.011026,           0.0026277,                   0,                   0,          0.00072872,          0.00072872,          0.00072872
                 113,            0.035073,            0.012712,           0.0032175,                   0,             0.62819,              0.8929,             0.43722,              0.4781,              0.2764,            0.043405,            0.011114,           0.0026601,                   0,                   0,          0.00072438,          0.00072438,          0.00072438
                 114,            0.041932,            0.020967,           0.0069479,                   0,             0.63803,             0.90758,             0.43247,             0.47689,              0.2791,            0.041865,            0.011058,           0.0026509,                   0,                   0,          0.00072003,          0.00072003,          0.00072003
                 115,            0.032152,            0.012543,           0.0032606,                   0,             0.62265,             0.90278,             0.43707,             0.48348,             0.27903,            0.042002,            0.011062,           0.0026332,                   0,                   0,          0.00071566,          0.00071566,          0.00071566
                 116,            0.038986,            0.014951,           0.0019082,                   0,             0.63478,             0.90006,             0.43291,             0.48205,             0.28945,             0.04156,             0.01104,           0.0026003,                   0,                   0,          0.00071127,          0.00071127,          0.00071127
                 117,            0.045714,            0.024708,           0.0021233,                   0,             0.64776,             0.90827,             0.43918,             0.48648,             0.28631,            0.040822,            0.011003,           0.0025927,                   0,                   0,          0.00070686,          0.00070686,          0.00070686
                 118,             0.03791,            0.015262,           0.0065566,                   0,             0.66721,             0.91818,             0.44357,              0.4877,             0.29045,            0.040482,            0.010946,           0.0025822,                   0,                   0,          0.00070243,          0.00070243,          0.00070243
                 119,            0.033631,            0.020476,           0.0027016,                   0,             0.68835,             0.90954,              0.4438,             0.49775,             0.29395,            0.039908,            0.010847,           0.0025596,                   0,                   0,          0.00069799,          0.00069799,          0.00069799
                 120,            0.054519,            0.022424,           0.0044271,                   0,             0.68012,             0.90677,             0.43976,             0.48414,             0.28647,            0.039781,            0.010838,           0.0025483,                   0,                   0,          0.00069353,          0.00069353,          0.00069353
                 121,            0.027185,           0.0080602,           0.0010016,                   0,             0.62748,             0.87689,             0.44752,             0.49342,             0.28967,            0.039811,            0.010853,            0.002497,                   0,                   0,          0.00068906,          0.00068906,          0.00068906
                 122,             0.03651,            0.011374,           0.0023081,                   0,             0.61591,             0.86107,             0.45022,             0.48686,             0.29341,            0.040174,            0.010871,           0.0024763,                   0,                   0,          0.00068457,          0.00068457,          0.00068457
                 123,            0.042581,            0.010861,            0.006333,                   0,             0.61232,             0.86518,             0.45231,             0.49161,             0.29414,            0.039942,            0.010857,           0.0024343,                   0,                   0,          0.00068006,          0.00068006,          0.00068006
                 124,            0.035573,            0.016298,           0.0015351,                   0,             0.61352,             0.87771,             0.44942,             0.49322,             0.28576,            0.039931,            0.010922,           0.0023869,                   0,                   0,          0.00067555,          0.00067555,          0.00067555
                 125,            0.025495,            0.007501,           0.0013816,                   0,             0.63059,              0.9224,             0.43931,             0.49327,             0.29659,            0.039539,            0.010896,           0.0024138,                   0,                   0,          0.00067101,          0.00067101,          0.00067101
                 126,            0.046321,           0.0078645,           0.0064438,                   0,             0.61325,             0.90794,             0.44185,             0.49243,             0.29237,             0.03921,            0.010821,           0.0024778,                   0,                   0,          0.00066647,          0.00066647,          0.00066647
                 127,            0.043953,            0.021536,           0.0033849,                   0,             0.68222,             0.90589,             0.43722,             0.49731,              0.2976,            0.039161,            0.010875,           0.0024282,                   0,                   0,          0.00066191,          0.00066191,          0.00066191
                 128,            0.035802,             0.02045,           0.0028606,                   0,             0.63941,             0.91298,             0.43304,              0.4971,             0.30367,            0.039391,            0.010762,           0.0024174,                   0,                   0,          0.00065734,          0.00065734,          0.00065734
                 129,            0.047185,            0.011117,            0.002271,                   0,             0.65216,             0.88455,             0.44603,             0.49416,             0.30329,             0.04014,            0.010748,           0.0023754,                   0,                   0,          0.00065276,          0.00065276,          0.00065276
                 130,            0.063806,            0.034196,           0.0042945,                   0,             0.60946,             0.87683,             0.44457,             0.49521,               0.307,            0.039137,            0.010735,           0.0023897,                   0,                   0,          0.00064816,          0.00064816,          0.00064816
                 131,            0.031372,           0.0086648,           0.0019217,                   0,             0.62162,              0.9047,              0.4461,             0.49917,             0.30256,            0.039675,            0.010823,            0.002387,                   0,                   0,          0.00064356,          0.00064356,          0.00064356
                 132,            0.036541,           0.0066602,           0.0057303,                   0,             0.62757,             0.90256,             0.44812,             0.49855,             0.29949,            0.040229,            0.010922,           0.0024103,                   0,                   0,          0.00063895,          0.00063895,          0.00063895
                 133,            0.039067,            0.010846,           0.0018103,                   0,             0.58951,             0.89788,             0.43931,              0.4898,             0.29217,            0.040165,            0.010875,           0.0024165,                   0,                   0,          0.00063432,          0.00063432,          0.00063432
                 134,            0.036842,            0.022965,           0.0018647,                   0,             0.63681,             0.87846,             0.44949,             0.50252,             0.30013,            0.039851,             0.01083,           0.0024026,                   0,                   0,          0.00062969,          0.00062969,          0.00062969
                 135,             0.04891,            0.047739,           0.0034713,                   0,             0.66659,              0.8739,             0.44597,             0.50066,             0.30018,            0.039624,            0.010771,           0.0023993,                   0,                   0,          0.00062505,          0.00062505,          0.00062505
                 136,            0.036427,             0.01056,           0.0016396,                   0,             0.61435,             0.87216,             0.44185,             0.49251,             0.29089,            0.039754,            0.010862,           0.0023882,                   0,                   0,           0.0006204,           0.0006204,           0.0006204
                 137,            0.052643,            0.025693,           0.0041422,                   0,             0.65735,             0.89058,             0.43913,             0.50447,             0.29962,            0.039581,            0.010945,           0.0024229,                   0,                   0,          0.00061574,          0.00061574,          0.00061574
                 138,            0.030952,            0.017651,           0.0013665,                   0,              0.6529,             0.90527,              0.4452,             0.50707,             0.30216,            0.039689,            0.010898,           0.0023993,                   0,                   0,          0.00061107,          0.00061107,          0.00061107
                 139,            0.038036,           0.0091813,           0.0024477,                   0,             0.61396,             0.89058,             0.44973,             0.50643,             0.29199,            0.040012,            0.010921,           0.0023978,                   0,                   0,           0.0006064,           0.0006064,           0.0006064
                 140,            0.051717,            0.020345,           0.0017524,                   0,             0.63253,             0.90529,             0.43918,             0.50515,             0.29951,            0.039278,            0.010961,           0.0023052,                   0,                   0,          0.00060172,          0.00060172,          0.00060172
                 141,            0.041989,            0.015182,           0.0025991,                   0,             0.60649,             0.90639,             0.43682,             0.50351,             0.30403,            0.039011,            0.010975,           0.0022544,                   0,                   0,          0.00059704,          0.00059704,          0.00059704
                 142,            0.037777,            0.013662,           0.0023881,                   0,             0.65074,             0.92129,             0.43683,             0.49938,             0.30199,            0.039515,            0.010893,           0.0022777,                   0,                   0,          0.00059235,          0.00059235,          0.00059235
                 143,            0.028231,           0.0095496,           0.0011796,                   0,             0.63584,             0.91318,             0.43557,             0.49835,             0.30743,            0.038592,            0.010839,           0.0022798,                   0,                   0,          0.00058766,          0.00058766,          0.00058766
                 144,            0.043784,            0.013028,           0.0047844,                   0,              0.6234,             0.90124,             0.44358,             0.50832,             0.31136,            0.039305,            0.010764,           0.0023319,                   0,                   0,          0.00058296,          0.00058296,          0.00058296
                 145,            0.036541,           0.0078385,           0.0025985,                   0,              0.6398,             0.90056,             0.44603,             0.50653,             0.30749,            0.038544,            0.010749,            0.002304,                   0,                   0,          0.00057826,          0.00057826,          0.00057826
                 146,            0.039182,            0.016633,           0.0016126,                   0,             0.63074,             0.89614,             0.44603,             0.50894,             0.30541,             0.03841,            0.010792,           0.0022997,                   0,                   0,          0.00057355,          0.00057355,          0.00057355
                 147,            0.042725,            0.017926,           0.0015151,                   0,             0.62852,              0.8976,             0.44716,             0.50996,             0.30628,            0.038448,            0.010972,           0.0022842,                   0,                   0,          0.00056884,          0.00056884,          0.00056884
                 148,            0.056675,            0.043845,           0.0036929,                   0,             0.70218,             0.87728,             0.44572,             0.49987,             0.30479,            0.038326,            0.010944,           0.0023059,                   0,                   0,          0.00056413,          0.00056413,          0.00056413
                 149,            0.040232,            0.012108,           0.0025511,                   0,             0.60951,             0.87848,             0.44365,             0.51044,             0.31418,            0.037829,            0.010837,           0.0022603,                   0,                   0,          0.00055942,          0.00055942,          0.00055942
                 150,            0.048413,           0.0059676,           0.0030835,                   0,             0.61418,             0.89502,             0.44185,             0.50988,             0.31156,            0.038215,            0.010844,           0.0022275,                   0,                   0,          0.00055471,          0.00055471,          0.00055471
                 151,             0.04603,            0.017001,           0.0044423,                   0,             0.68274,             0.90701,             0.43976,             0.50694,             0.30767,            0.037895,            0.010864,           0.0022135,                   0,                   0,             0.00055,             0.00055,             0.00055
                 152,            0.034303,            0.020393,           0.0020381,                   0,             0.67395,             0.87718,             0.45231,              0.5152,             0.30907,            0.037615,            0.010887,           0.0022217,                   0,                   0,          0.00054529,          0.00054529,          0.00054529
                 153,            0.030519,            0.012111,           0.0015657,                   0,             0.62938,             0.89619,              0.4544,             0.52501,             0.31268,            0.037593,            0.010875,           0.0022445,                   0,                   0,          0.00054058,          0.00054058,          0.00054058
                 154,            0.048369,             0.02926,           0.0038059,                   0,             0.64084,             0.88254,             0.45189,              0.5239,             0.30731,            0.037646,            0.010831,           0.0022333,                   0,                   0,          0.00053587,          0.00053587,          0.00053587
                 155,            0.037552,            0.012438,           0.0025262,                   0,               0.635,             0.89517,             0.45233,             0.52192,             0.31195,            0.037708,            0.010816,           0.0022175,                   0,                   0,          0.00053116,          0.00053116,          0.00053116
                 156,            0.061621,            0.020211,           0.0053015,                   0,              0.6639,             0.90488,             0.45351,             0.52338,             0.31253,            0.037472,            0.010842,            0.002187,                   0,                   0,          0.00052645,          0.00052645,          0.00052645
                 157,            0.039445,            0.011191,           0.0017099,                   0,               0.651,             0.89397,             0.45649,             0.51629,             0.31439,            0.037394,            0.010781,           0.0021921,                   0,                   0,          0.00052174,          0.00052174,          0.00052174
                 158,            0.027141,           0.0066541,           0.0012011,                   0,             0.61255,             0.87864,             0.45367,              0.5146,             0.30564,            0.037196,            0.010784,           0.0021694,                   0,                   0,          0.00051704,          0.00051704,          0.00051704
                 159,             0.03183,            0.015114,           0.0027974,                   0,             0.71163,             0.90516,             0.45206,              0.5092,             0.30834,            0.037416,            0.010783,           0.0021237,                   0,                   0,          0.00051234,          0.00051234,          0.00051234
                 160,            0.036831,            0.011372,           0.0034575,                   0,             0.65313,             0.88577,             0.45649,              0.5072,              0.3139,            0.037594,            0.010726,           0.0021033,                   0,                   0,          0.00050765,          0.00050765,          0.00050765
                 161,            0.036366,            0.013905,           0.0018803,                   0,             0.64224,             0.89663,              0.4544,             0.50717,             0.30811,            0.037619,            0.010723,           0.0020942,                   0,                   0,          0.00050296,          0.00050296,          0.00050296
                 162,            0.033031,            0.012097,           0.0030808,                   0,             0.63325,             0.89478,              0.4544,             0.51174,             0.31216,            0.037248,            0.010699,           0.0020942,                   0,                   0,          0.00049828,          0.00049828,          0.00049828
                 163,            0.020291,            0.017063,           0.0011767,                   0,             0.65777,             0.89524,             0.45022,              0.5158,             0.31348,            0.037537,             0.01074,           0.0020902,                   0,                   0,           0.0004936,           0.0004936,           0.0004936
                 164,             0.03942,            0.013196,           0.0043911,                   0,             0.63282,             0.88396,             0.45022,             0.51123,             0.30772,            0.037195,            0.010749,           0.0021199,                   0,                   0,          0.00048893,          0.00048893,          0.00048893
                 165,            0.030889,            0.013285,           0.0010126,                   0,             0.66169,             0.91708,             0.44394,             0.50895,             0.31103,             0.03696,            0.010805,           0.0021234,                   0,                   0,          0.00048426,          0.00048426,          0.00048426
                 166,            0.041584,            0.013799,            0.001774,                   0,             0.58771,             0.90329,              0.4467,              0.5129,             0.31294,            0.037788,              0.0108,           0.0021478,                   0,                   0,           0.0004796,           0.0004796,           0.0004796
                 167,            0.070921,           0.0093121,            0.014102,                   0,             0.61229,              0.8917,             0.44603,             0.50912,             0.31079,            0.037598,            0.010848,           0.0021212,                   0,                   0,          0.00047495,          0.00047495,          0.00047495
                 168,              0.0338,           0.0053198,           0.0017733,                   0,             0.63401,             0.88578,             0.44185,             0.50568,             0.30483,            0.038036,             0.01086,           0.0021304,                   0,                   0,          0.00047031,          0.00047031,          0.00047031
                 169,             0.03708,            0.010821,          0.00097738,                   0,              0.5985,             0.88633,             0.45231,             0.51407,              0.3124,            0.037575,            0.010817,           0.0021199,                   0,                   0,          0.00046568,          0.00046568,          0.00046568
                 170,            0.058884,            0.022309,           0.0050803,                   0,             0.65217,             0.89179,             0.44394,             0.51012,             0.31195,            0.037565,            0.010865,           0.0021188,                   0,                   0,          0.00046105,          0.00046105,          0.00046105
                 171,            0.037598,            0.027088,           0.0067691,                   0,              0.6757,             0.90078,             0.43986,             0.51182,             0.30973,            0.038182,             0.01095,           0.0021151,                   0,                   0,          0.00045644,          0.00045644,          0.00045644
                 172,            0.022221,           0.0074207,          0.00070325,                   0,             0.61646,             0.88479,             0.43976,             0.50572,             0.30899,            0.038026,            0.010857,            0.002114,                   0,                   0,          0.00045184,          0.00045184,          0.00045184
                 173,            0.032545,           0.0047255,           0.0018065,                   0,             0.66289,             0.91975,             0.43348,             0.51819,             0.31065,            0.037969,            0.010763,           0.0021297,                   0,                   0,          0.00044724,          0.00044724,          0.00044724
                 174,            0.046656,           0.0072094,            0.004278,                   0,             0.61223,             0.94089,             0.43139,             0.50919,             0.31342,            0.037734,            0.010604,           0.0021294,                   0,                   0,          0.00044266,          0.00044266,          0.00044266
                 175,            0.060455,            0.051484,           0.0029853,                   0,               0.659,             0.95804,             0.43557,             0.52209,             0.31505,            0.037565,            0.010584,           0.0021334,                   0,                   0,          0.00043809,          0.00043809,          0.00043809
                 176,            0.039709,            0.012543,           0.0018397,                   0,             0.63938,             0.93492,             0.43462,             0.52534,             0.31084,             0.03763,            0.010668,           0.0021099,                   0,                   0,          0.00043353,          0.00043353,          0.00043353
                 177,            0.046958,            0.012813,           0.0011988,                   0,             0.62292,             0.91035,             0.43614,             0.52481,             0.31034,            0.037581,            0.010759,           0.0020969,                   0,                   0,          0.00042899,          0.00042899,          0.00042899
                 178,            0.023553,            0.006387,           0.0014997,                   0,             0.62977,             0.89598,             0.43766,             0.52164,             0.31397,            0.037303,            0.010743,           0.0020699,                   0,                   0,          0.00042445,          0.00042445,          0.00042445
                 179,            0.027957,            0.009156,           0.0043824,                   0,             0.63991,             0.89776,             0.44462,             0.52942,             0.31923,            0.037613,            0.010665,           0.0020403,                   0,                   0,          0.00041994,          0.00041994,          0.00041994
                 180,            0.051086,            0.021262,           0.0038844,                   0,             0.67894,             0.90612,             0.44603,             0.52904,             0.31736,            0.038002,            0.010672,           0.0020474,                   0,                   0,          0.00041543,          0.00041543,          0.00041543
                 181,            0.036514,            0.015596,           0.0032079,                   0,             0.63879,             0.89951,             0.44812,             0.52751,             0.31894,            0.037442,             0.01064,           0.0020637,                   0,                   0,          0.00041094,          0.00041094,          0.00041094
                 182,            0.028384,           0.0059795,           0.0015465,                   0,             0.59686,             0.89817,             0.44603,             0.52473,             0.31691,            0.037066,            0.010616,            0.002071,                   0,                   0,          0.00040647,          0.00040647,          0.00040647
                 183,            0.030917,           0.0064349,           0.0032351,                   0,             0.63818,             0.90139,             0.44812,             0.53552,             0.31861,            0.036975,            0.010636,            0.002113,                   0,                   0,          0.00040201,          0.00040201,          0.00040201
                 184,             0.06125,              0.0254,           0.0061649,                   0,             0.68114,              0.9052,             0.44812,              0.5334,             0.32046,            0.036961,            0.010637,           0.0021113,                   0,                   0,          0.00039757,          0.00039757,          0.00039757
                 185,            0.032131,            0.012815,           0.0016612,                   0,              0.6331,             0.90672,             0.44812,             0.52869,             0.31764,            0.036941,            0.010649,           0.0021106,                   0,                   0,          0.00039314,          0.00039314,          0.00039314
                 186,            0.030634,            0.025787,           0.0018766,                   0,              0.6061,             0.90505,             0.45022,             0.53752,             0.31652,            0.036982,            0.010605,           0.0020899,                   0,                   0,          0.00038873,          0.00038873,          0.00038873
                 187,            0.038367,           0.0031711,          0.00084864,                   0,             0.57816,              0.9113,             0.45268,             0.53212,             0.31933,            0.037324,            0.010624,           0.0020697,                   0,                   0,          0.00038434,          0.00038434,          0.00038434
                 188,            0.036067,              0.0301,           0.0022136,                   0,             0.60276,             0.90948,             0.45054,             0.52628,             0.31263,            0.037638,            0.010772,           0.0020127,                   0,                   0,          0.00037997,          0.00037997,          0.00037997
                 189,             0.03388,            0.011563,           0.0019208,                   0,             0.62348,             0.90796,             0.45332,             0.53297,             0.31617,            0.037623,            0.010724,           0.0019947,                   0,                   0,          0.00037562,          0.00037562,          0.00037562
                 190,            0.030621,            0.015638,           0.0054616,                   0,              0.6284,             0.91437,             0.45649,             0.53099,             0.31445,            0.037612,             0.01066,           0.0019931,                   0,                   0,          0.00037128,          0.00037128,          0.00037128
                 191,            0.022168,            0.011508,           0.0021832,                   0,             0.59213,             0.90152,             0.45231,             0.53272,             0.32738,            0.036998,            0.010538,           0.0020261,                   0,                   0,          0.00036697,          0.00036697,          0.00036697
                 192,            0.041943,           0.0084199,           0.0027037,                   0,             0.64736,             0.90355,             0.45024,             0.53566,             0.32172,            0.037232,            0.010604,           0.0020142,                   0,                   0,          0.00036267,          0.00036267,          0.00036267
                 193,            0.036223,            0.013181,           0.0034274,                   0,              0.6661,             0.89187,             0.44812,             0.54057,             0.32586,            0.037575,             0.01066,           0.0020117,                   0,                   0,           0.0003584,           0.0003584,           0.0003584
                 194,            0.039524,            0.030158,           0.0033462,                   0,             0.68588,             0.89555,             0.44664,             0.53815,             0.32492,            0.036898,            0.010714,           0.0020312,                   0,                   0,          0.00035415,          0.00035415,          0.00035415
                 195,            0.043328,            0.017211,           0.0030033,                   0,             0.67124,              0.9216,             0.44776,             0.53312,             0.32297,            0.036514,            0.010791,           0.0020332,                   0,                   0,          0.00034991,          0.00034991,          0.00034991
                 196,            0.027626,           0.0057023,            0.003629,                   0,             0.57648,             0.92181,              0.4498,             0.54019,             0.32416,            0.036554,            0.010729,           0.0020179,                   0,                   0,           0.0003457,           0.0003457,           0.0003457
                 197,            0.042188,            0.021601,           0.0057474,                   0,             0.64773,             0.90976,             0.44394,             0.52823,             0.31665,             0.03684,            0.010886,           0.0019938,                   0,                   0,          0.00034152,          0.00034152,          0.00034152
                 198,            0.022989,           0.0066717,           0.0018148,                   0,             0.61307,             0.89526,             0.44416,             0.52943,             0.31888,            0.037227,            0.010868,           0.0019894,                   0,                   0,          0.00033735,          0.00033735,          0.00033735
                 199,            0.024279,           0.0066237,          0.00047507,                   0,             0.63025,             0.91368,             0.44331,             0.52963,             0.31983,            0.037199,            0.010837,           0.0019595,                   0,                   0,          0.00033321,          0.00033321,          0.00033321
                 200,            0.082865,            0.011818,           0.0060782,                   0,             0.65063,             0.90404,             0.44185,             0.52515,             0.31417,            0.037157,            0.010797,           0.0019598,                   0,                   0,          0.00032909,          0.00032909,          0.00032909
                 201,            0.030208,           0.0090671,           0.0019606,                   0,             0.58274,             0.88459,             0.44812,             0.53401,             0.32035,            0.036851,            0.010749,           0.0019268,                   0,                   0,            0.000325,            0.000325,            0.000325
                 202,            0.032747,            0.013087,           0.0018067,                   0,             0.61402,              0.8932,             0.44912,             0.53085,             0.31982,            0.037033,            0.010794,           0.0019008,                   0,                   0,          0.00032093,          0.00032093,          0.00032093
                 203,            0.040169,            0.012516,           0.0038408,                   0,             0.66402,             0.90939,              0.4544,             0.54138,             0.32595,            0.036606,            0.010783,           0.0019043,                   0,                   0,          0.00031689,          0.00031689,          0.00031689
                 204,            0.041871,            0.016642,           0.0012143,                   0,             0.61074,             0.90564,             0.44812,             0.52265,              0.3173,             0.03704,            0.010732,           0.0019238,                   0,                   0,          0.00031287,          0.00031287,          0.00031287
                 205,            0.036296,           0.0057599,           0.0040018,                   0,             0.63452,             0.91898,             0.45618,             0.53369,             0.31982,            0.036988,            0.010669,           0.0019193,                   0,                   0,          0.00030888,          0.00030888,          0.00030888
                 206,            0.046895,             0.01209,           0.0016527,                   0,             0.57726,             0.91113,             0.45021,             0.53142,             0.32169,            0.037246,            0.010748,           0.0019167,                   0,                   0,          0.00030491,          0.00030491,          0.00030491
                 207,            0.033234,            0.016259,           0.0013244,                   0,             0.58684,             0.92257,             0.45528,             0.53446,             0.32122,             0.03651,            0.010703,           0.0019072,                   0,                   0,          0.00030097,          0.00030097,          0.00030097
                 208,            0.039225,            0.014089,             0.00291,                   0,             0.61752,             0.92207,             0.45675,             0.53945,             0.32472,            0.036252,            0.010745,           0.0018848,                   0,                   0,          0.00029706,          0.00029706,          0.00029706
                 209,            0.031125,            0.008085,           0.0012476,                   0,             0.63313,             0.92274,             0.45649,             0.54154,             0.31922,            0.036994,            0.010765,           0.0018689,                   0,                   0,          0.00029318,          0.00029318,          0.00029318
                 210,            0.027993,              0.0111,           0.0017688,                   0,             0.63592,             0.91894,             0.45418,             0.53759,               0.327,            0.036739,            0.010704,            0.001871,                   0,                   0,          0.00028932,          0.00028932,          0.00028932
                 211,            0.039049,            0.011169,           0.0019464,                   0,             0.64684,             0.92291,              0.4544,             0.53855,             0.33057,            0.036679,            0.010679,           0.0018645,                   0,                   0,           0.0002855,           0.0002855,           0.0002855
                 212,            0.033862,            0.013296,           0.0027942,                   0,             0.71067,             0.92298,             0.45549,             0.54475,             0.32661,            0.036494,             0.01072,           0.0018734,                   0,                   0,           0.0002817,           0.0002817,           0.0002817
                 213,            0.034419,            0.018467,           0.0033778,                   0,             0.62586,             0.91768,             0.45649,             0.54593,             0.32271,            0.036855,            0.010683,           0.0019093,                   0,                   0,          0.00027793,          0.00027793,          0.00027793
                 214,            0.031571,            0.020036,           0.0015689,                   0,             0.63857,             0.92355,             0.45727,             0.55295,             0.32614,            0.036672,             0.01067,           0.0019304,                   0,                   0,          0.00027419,          0.00027419,          0.00027419
                 215,            0.034753,            0.010683,           0.0015633,                   0,             0.61115,             0.92327,             0.45621,             0.55414,             0.32534,             0.03686,            0.010698,           0.0019312,                   0,                   0,          0.00027048,          0.00027048,          0.00027048
                 216,            0.029593,            0.010226,           0.0013093,                   0,             0.59652,             0.92193,             0.45443,             0.55025,             0.33078,            0.036056,            0.010725,           0.0019237,                   0,                   0,          0.00026681,          0.00026681,          0.00026681
                 217,            0.042978,            0.026707,           0.0016168,                   0,             0.64909,             0.90402,              0.4544,             0.55035,             0.33263,            0.036082,            0.010849,           0.0018814,                   0,                   0,          0.00026316,          0.00026316,          0.00026316
                 218,             0.03512,            0.011447,           0.0018126,                   0,             0.71004,             0.90646,              0.4544,             0.55082,             0.33108,            0.035844,             0.01078,           0.0018493,                   0,                   0,          0.00025954,          0.00025954,          0.00025954
                 219,             0.03631,            0.013083,           0.0023589,                   0,             0.68069,             0.90824,              0.4544,             0.55017,             0.32715,            0.036097,            0.010717,           0.0018532,                   0,                   0,          0.00025596,          0.00025596,          0.00025596
                 220,            0.032614,            0.012191,           0.0024968,                   0,             0.66267,             0.91115,             0.45231,             0.54733,             0.33161,            0.036047,            0.010727,           0.0018649,                   0,                   0,          0.00025241,          0.00025241,          0.00025241
                 221,            0.035751,            0.016227,           0.0014928,                   0,             0.64294,             0.91127,             0.45208,             0.54867,             0.33465,            0.036062,             0.01071,           0.0018586,                   0,                   0,          0.00024889,          0.00024889,          0.00024889
                 222,            0.035534,            0.020388,           0.0017396,                   0,             0.62222,             0.91074,             0.45649,             0.54807,             0.33121,            0.036555,            0.010744,            0.001855,                   0,                   0,          0.00024541,          0.00024541,          0.00024541
                 223,            0.027286,            0.018444,            0.002214,                   0,             0.63219,              0.9039,              0.4544,             0.54265,             0.32845,            0.036413,            0.010661,           0.0018874,                   0,                   0,          0.00024195,          0.00024195,          0.00024195
                 224,            0.038915,            0.013377,           0.0019125,                   0,             0.66375,             0.90227,             0.45563,             0.54211,             0.33187,            0.036301,            0.010654,           0.0018994,                   0,                   0,          0.00023854,          0.00023854,          0.00023854
                 225,            0.031296,            0.021447,           0.0012133,                   0,             0.63621,             0.90768,             0.45707,             0.54914,             0.33099,            0.036275,            0.010696,           0.0018902,                   0,                   0,          0.00023515,          0.00023515,          0.00023515
                 226,            0.046859,            0.012603,           0.0029132,                   0,             0.59924,             0.89699,             0.45022,             0.54274,             0.33087,            0.036801,            0.010736,             0.00187,                   0,                   0,           0.0002318,           0.0002318,           0.0002318
                 227,            0.048802,            0.019267,           0.0062298,                   0,             0.65276,             0.89627,             0.45278,             0.54722,             0.33082,             0.03669,            0.010788,           0.0018676,                   0,                   0,          0.00022849,          0.00022849,          0.00022849
                 228,            0.038981,            0.014236,           0.0032722,                   0,             0.64635,             0.89673,             0.45159,             0.54572,             0.32822,             0.03634,            0.010753,            0.001866,                   0,                   0,          0.00022521,          0.00022521,          0.00022521
                 229,            0.034285,            0.012283,           0.0014453,                   0,             0.65057,             0.88534,             0.45022,             0.54521,             0.32936,            0.036628,            0.010715,             0.00187,                   0,                   0,          0.00022196,          0.00022196,          0.00022196
                 230,            0.027055,           0.0055978,            0.002986,                   0,             0.66403,             0.89473,             0.45231,             0.54952,             0.33127,            0.036792,            0.010736,           0.0018843,                   0,                   0,          0.00021876,          0.00021876,          0.00021876
                 231,            0.046798,            0.010547,           0.0022346,                   0,             0.60448,             0.88993,              0.4544,             0.54823,             0.33036,            0.036433,            0.010703,           0.0018756,                   0,                   0,          0.00021558,          0.00021558,          0.00021558
                 232,            0.039024,            0.016734,           0.0011776,                   0,             0.59199,              0.9054,             0.45022,             0.54923,             0.32879,            0.036386,              0.0107,           0.0018547,                   0,                   0,          0.00021245,          0.00021245,          0.00021245
                 233,            0.035175,            0.012146,           0.0018578,                   0,             0.63359,             0.90288,             0.45656,             0.55236,              0.3358,            0.036265,            0.010703,           0.0018435,                   0,                   0,          0.00020935,          0.00020935,          0.00020935
                 234,            0.027692,           0.0045188,          0.00091961,                   0,             0.61408,             0.90282,              0.4544,             0.55566,             0.32903,            0.036204,            0.010699,           0.0018599,                   0,                   0,          0.00020629,          0.00020629,          0.00020629
                 235,            0.020999,           0.0044653,           0.0020048,                   0,             0.60613,              0.9039,             0.45649,             0.55087,             0.33163,            0.036076,            0.010701,           0.0018566,                   0,                   0,          0.00020327,          0.00020327,          0.00020327
                 236,            0.027394,           0.0048227,           0.0012112,                   0,             0.60429,             0.90861,             0.45649,             0.55476,              0.3342,            0.035904,            0.010698,           0.0018465,                   0,                   0,          0.00020028,          0.00020028,          0.00020028
                 237,            0.039379,            0.017221,           0.0018442,                   0,             0.62458,             0.87484,             0.46068,             0.54587,             0.33398,            0.035717,            0.010695,           0.0018261,                   0,                   0,          0.00019734,          0.00019734,          0.00019734
                 238,            0.034456,           0.0084301,           0.0035215,                   0,             0.67722,             0.83426,             0.47713,             0.54913,             0.33335,            0.035786,            0.010745,           0.0018501,                   0,                   0,          0.00019443,          0.00019443,          0.00019443
                 239,            0.035154,           0.0099953,           0.0007132,                   0,             0.64349,             0.81702,             0.47951,             0.54839,             0.33127,              0.0359,            0.010708,           0.0018662,                   0,                   0,          0.00019156,          0.00019156,          0.00019156
                 240,            0.031422,            0.023582,             0.00144,                   0,              0.6786,             0.82279,             0.48369,             0.55558,             0.33544,            0.035858,            0.010712,           0.0018758,                   0,                   0,          0.00018873,          0.00018873,          0.00018873
                 241,            0.037941,            0.017867,            0.003117,                   0,             0.64825,             0.80701,             0.48228,             0.55276,             0.32796,            0.035969,            0.010636,           0.0018795,                   0,                   0,          0.00018594,          0.00018594,          0.00018594
                 242,              0.0254,           0.0034045,           0.0012351,                   0,             0.60419,              0.8044,             0.48598,             0.55362,              0.3286,            0.036192,            0.010626,           0.0018725,                   0,                   0,          0.00018319,          0.00018319,          0.00018319
                 243,            0.049708,            0.014009,           0.0036718,                   0,              0.6555,             0.92092,             0.45649,             0.55639,             0.33168,            0.036223,            0.010634,           0.0018415,                   0,                   0,          0.00018048,          0.00018048,          0.00018048
                 244,            0.033731,            0.025769,           0.0015117,                   0,             0.63978,             0.92177,             0.45608,             0.55782,             0.33258,            0.036487,            0.010661,           0.0018281,                   0,                   0,          0.00017781,          0.00017781,          0.00017781
                 245,            0.030696,              0.0201,           0.0021484,                   0,             0.67614,             0.91572,              0.4544,             0.54799,             0.32769,            0.036477,            0.010674,           0.0018377,                   0,                   0,          0.00017519,          0.00017519,          0.00017519
                 246,            0.029725,            0.015196,            0.001684,                   0,             0.66775,             0.91952,             0.45649,             0.55346,             0.32907,            0.036433,            0.010696,           0.0018367,                   0,                   0,           0.0001726,           0.0001726,           0.0001726
                 247,            0.023814,           0.0063453,          0.00092023,                   0,             0.62522,             0.92151,             0.45828,             0.54748,             0.32838,            0.036484,            0.010706,           0.0018303,                   0,                   0,          0.00017005,          0.00017005,          0.00017005
                 248,            0.040322,            0.013749,           0.0029127,                   0,             0.60922,             0.92069,             0.45859,             0.55034,             0.33177,            0.036417,            0.010707,            0.001804,                   0,                   0,          0.00016755,          0.00016755,          0.00016755
                 249,            0.033557,             0.01232,          0.00095005,                   0,             0.58472,             0.91704,             0.45859,             0.55479,             0.33915,            0.036052,            0.010674,           0.0017977,                   0,                   0,          0.00016509,          0.00016509,          0.00016509
                 250,            0.027617,            0.013219,           0.0023302,                   0,             0.62414,             0.91937,             0.45859,             0.55475,             0.33963,            0.036069,            0.010609,           0.0017966,                   0,                   0,          0.00016267,          0.00016267,          0.00016267
                 251,            0.047685,            0.016123,           0.0013257,                   0,             0.59492,             0.91786,             0.45859,             0.56011,             0.33455,            0.036204,            0.010629,           0.0018127,                   0,                   0,          0.00016029,          0.00016029,          0.00016029
                 252,            0.032872,            0.019096,           0.0028396,                   0,              0.6768,             0.91694,             0.45859,             0.55791,             0.33197,            0.036504,            0.010677,           0.0018125,                   0,                   0,          0.00015795,          0.00015795,          0.00015795
                 253,            0.038302,            0.013562,           0.0018461,                   0,             0.59595,              0.9199,             0.45861,             0.55387,             0.32686,            0.036595,            0.010744,           0.0018164,                   0,                   0,          0.00015566,          0.00015566,          0.00015566
                 254,            0.040481,             0.01757,           0.0040989,                   0,             0.63344,             0.92176,             0.45859,             0.55635,             0.33279,             0.03616,            0.010748,           0.0018217,                   0,                   0,          0.00015341,          0.00015341,          0.00015341
                 255,            0.040999,            0.041233,           0.0027714,                   0,             0.62209,             0.92434,             0.45852,             0.55579,             0.33363,            0.035953,            0.010695,            0.001821,                   0,                   0,          0.00015121,          0.00015121,          0.00015121
                 256,            0.032472,            0.013903,            0.001028,                   0,              0.5995,             0.91949,             0.45733,             0.55496,             0.33586,            0.036053,            0.010674,           0.0018216,                   0,                   0,          0.00014905,          0.00014905,          0.00014905
                 257,            0.028625,            0.014055,           0.0018346,                   0,             0.63334,             0.90505,             0.46199,             0.55493,             0.33673,            0.035895,            0.010733,           0.0018204,                   0,                   0,          0.00014693,          0.00014693,          0.00014693
                 258,            0.035838,            0.011956,           0.0030173,                   0,             0.65726,             0.91459,             0.45639,             0.54651,             0.33442,            0.035754,            0.010693,           0.0017988,                   0,                   0,          0.00014486,          0.00014486,          0.00014486
                 259,            0.022936,           0.0079404,           0.0020145,                   0,             0.64658,             0.88403,             0.46695,             0.55544,             0.33361,            0.035792,            0.010648,           0.0017945,                   0,                   0,          0.00014283,          0.00014283,          0.00014283
                 260,            0.035101,            0.015382,           0.0012832,                   0,              0.6693,             0.91339,             0.46277,             0.55732,             0.33596,            0.035794,            0.010656,           0.0017827,                   0,                   0,          0.00014084,          0.00014084,          0.00014084
                 261,            0.043066,            0.014876,           0.0061012,                   0,             0.69167,             0.90417,              0.4657,             0.55897,             0.33642,               0.036,            0.010686,            0.001788,                   0,                   0,           0.0001389,           0.0001389,           0.0001389
                 262,            0.034102,            0.011638,           0.0024854,                   0,             0.65141,             0.88824,             0.46277,             0.55423,             0.33804,            0.036221,            0.010754,           0.0018182,                   0,                   0,          0.00013701,          0.00013701,          0.00013701
                 263,            0.030415,            0.012344,           0.0014157,                   0,             0.61661,             0.90888,             0.45939,             0.55858,             0.33653,            0.035954,            0.010759,           0.0018111,                   0,                   0,          0.00013516,          0.00013516,          0.00013516
                 264,            0.024095,           0.0097016,           0.0015663,                   0,             0.64333,             0.90462,             0.45982,             0.55951,             0.33838,            0.035936,            0.010711,           0.0018024,                   0,                   0,          0.00013336,          0.00013336,          0.00013336
                 265,            0.042826,            0.013594,           0.0030143,                   0,             0.63288,             0.90665,             0.46356,             0.55901,              0.3357,            0.036003,            0.010703,           0.0018137,                   0,                   0,           0.0001316,           0.0001316,           0.0001316
                 266,            0.038107,            0.011011,           0.0032544,                   0,             0.61702,             0.88756,             0.46772,             0.55857,             0.33633,            0.035931,            0.010704,           0.0018181,                   0,                   0,          0.00012989,          0.00012989,          0.00012989
                 267,            0.038098,             0.02749,           0.0030504,                   0,             0.65957,             0.89668,              0.4629,             0.55593,             0.33291,            0.036184,            0.010677,           0.0018049,                   0,                   0,          0.00012822,          0.00012822,          0.00012822
                 268,            0.048008,            0.023337,           0.0059285,                   0,             0.64496,             0.86803,             0.47323,             0.55936,             0.33269,            0.036132,            0.010693,           0.0018078,                   0,                   0,           0.0001266,           0.0001266,           0.0001266
                 269,            0.047419,              0.0294,           0.0025099,                   0,             0.68614,             0.83856,             0.48369,              0.5629,             0.33597,            0.036017,            0.010702,           0.0018175,                   0,                   0,          0.00012503,          0.00012503,          0.00012503
                 270,            0.035464,            0.010993,           0.0017913,                   0,             0.61763,             0.84469,             0.48462,               0.561,             0.33719,            0.035778,            0.010701,           0.0018038,                   0,                   0,           0.0001235,           0.0001235,           0.0001235
                 271,            0.036384,            0.020708,           0.0071819,                   0,             0.62145,             0.82043,             0.47448,              0.5543,             0.33796,            0.035859,            0.010681,           0.0018081,                   0,                   0,          0.00012202,          0.00012202,          0.00012202
                 272,            0.023936,           0.0069351,          0.00033045,                   0,             0.59281,             0.90029,             0.45824,             0.55289,             0.33782,            0.035861,            0.010699,           0.0018019,                   0,                   0,          0.00012059,          0.00012059,          0.00012059
                 273,            0.021365,            0.010156,          0.00082711,                   0,             0.62433,             0.81591,              0.4816,             0.55853,             0.33638,            0.035923,            0.010655,           0.0018065,                   0,                   0,          0.00011921,          0.00011921,          0.00011921
                 274,            0.037627,           0.0080851,           0.0036738,                   0,             0.58202,             0.89373,              0.4544,             0.54966,             0.33478,            0.036023,            0.010745,           0.0018068,                   0,                   0,          0.00011787,          0.00011787,          0.00011787
                 275,            0.019674,             0.01638,          0.00087204,                   0,             0.61445,             0.85677,             0.46905,             0.55587,             0.33821,            0.035776,            0.010784,           0.0018029,                   0,                   0,          0.00011658,          0.00011658,          0.00011658
                 276,            0.024157,            0.015897,          0.00065838,                   0,             0.67406,             0.89682,             0.46468,             0.55943,             0.33728,            0.035914,            0.010714,           0.0018044,                   0,                   0,          0.00011533,          0.00011533,          0.00011533
                 277,            0.056857,             0.01078,           0.0072082,                   0,             0.66046,              0.8628,             0.46893,             0.55943,             0.33639,            0.036034,            0.010688,           0.0018199,                   0,                   0,          0.00011414,          0.00011414,          0.00011414
                 278,            0.028592,            0.013881,          0.00065036,                   0,             0.63243,             0.81713,             0.49196,             0.56426,             0.33659,            0.035928,             0.01072,           0.0018061,                   0,                   0,          0.00011299,          0.00011299,          0.00011299
                 279,            0.024887,            0.011335,           0.0010149,                   0,             0.64098,             0.91159,             0.45947,             0.55924,             0.33756,            0.035959,             0.01072,           0.0018107,                   0,                   0,          0.00011189,          0.00011189,          0.00011189
                 280,            0.038104,             0.02312,           0.0040356,                   0,             0.66438,             0.82988,             0.48015,             0.55986,             0.33711,            0.035966,            0.010648,           0.0018039,                   0,                   0,          0.00011084,          0.00011084,          0.00011084
                 281,             0.03419,            0.020114,           0.0012127,                   0,             0.64495,             0.86159,             0.47478,             0.56414,              0.3434,            0.035787,            0.010573,            0.001793,                   0,                   0,          0.00010983,          0.00010983,          0.00010983
                 282,            0.040684,            0.021872,            0.001332,                   0,             0.63637,             0.83714,             0.47951,             0.56381,             0.33817,            0.035558,              0.0106,           0.0017755,                   0,                   0,          0.00010888,          0.00010888,          0.00010888
                 283,            0.040048,            0.031672,           0.0024329,                   0,             0.68213,             0.89814,             0.46313,             0.55897,             0.33268,            0.035848,            0.010615,            0.001759,                   0,                   0,          0.00010797,          0.00010797,          0.00010797
                 284,            0.028571,            0.018008,           0.0025169,                   0,             0.65123,             0.91511,             0.46068,             0.55808,             0.32945,            0.036036,            0.010654,           0.0017422,                   0,                   0,          0.00010711,          0.00010711,          0.00010711
                 285,            0.029512,            0.015064,           0.0010846,                   0,             0.63084,             0.90399,             0.46938,             0.56119,             0.33434,            0.036013,            0.010632,            0.001745,                   0,                   0,           0.0001063,           0.0001063,           0.0001063
                 286,            0.037082,           0.0063133,           0.0031006,                   0,             0.62311,             0.88811,             0.47532,             0.56067,             0.33432,            0.035809,            0.010605,             0.00174,                   0,                   0,          0.00010554,          0.00010554,          0.00010554
                 287,            0.036386,             0.01549,           0.0018788,                   0,             0.64952,             0.84415,             0.48054,             0.55917,             0.33668,            0.035332,            0.010667,           0.0017473,                   0,                   0,          0.00010483,          0.00010483,          0.00010483
                 288,            0.026222,            0.013516,           0.0026656,                   0,             0.66576,             0.84769,             0.47741,             0.56025,             0.33585,            0.035465,             0.01072,           0.0017445,                   0,                   0,          0.00010416,          0.00010416,          0.00010416
                 289,            0.038221,            0.032277,           0.0021638,                   0,             0.63939,              0.8742,             0.46791,             0.56159,             0.33624,             0.03579,            0.010707,           0.0017531,                   0,                   0,          0.00010355,          0.00010355,          0.00010355
                 290,            0.029982,            0.012066,           0.0018165,                   0,             0.64476,             0.87271,             0.46295,             0.55861,             0.33525,            0.035928,            0.010734,           0.0017536,                   0,                   0,          0.00010298,          0.00010298,          0.00010298
                 291,            0.031696,            0.012708,           0.0016926,                   0,             0.60596,             0.86007,             0.47303,             0.56034,             0.33894,            0.035639,            0.010756,           0.0017648,                   0,                   0,          0.00010247,          0.00010247,          0.00010247
                 292,            0.040715,           0.0068504,           0.0026516,                   0,             0.61156,              0.8601,             0.46839,             0.55679,             0.33162,             0.03563,            0.010687,           0.0017421,                   0,                   0,            0.000102,            0.000102,            0.000102
                 293,            0.036722,           0.0062654,             0.00676,                   0,             0.60743,             0.85332,             0.48141,              0.5609,             0.33689,            0.035768,             0.01075,           0.0017671,                   0,                   0,          0.00010158,          0.00010158,          0.00010158
                 294,             0.02762,            0.016553,           0.0014912,                   0,             0.62143,             0.83893,             0.48068,             0.56229,             0.33951,            0.035842,            0.010738,           0.0017619,                   0,                   0,          0.00010121,          0.00010121,          0.00010121
                 295,            0.031948,           0.0071227,            0.003851,                   0,             0.61628,             0.85423,             0.47988,             0.56228,             0.33885,            0.035817,             0.01071,           0.0017544,                   0,                   0,          0.00010089,          0.00010089,          0.00010089
                 296,            0.040835,            0.015903,           0.0013657,                   0,             0.62564,             0.87208,             0.47475,             0.55907,             0.33847,            0.035729,            0.010755,           0.0017684,                   0,                   0,          0.00010062,          0.00010062,          0.00010062
                 297,            0.044832,            0.010254,           0.0026477,                   0,             0.64221,             0.84746,             0.47458,             0.55685,             0.34082,            0.035805,            0.010786,           0.0017749,                   0,                   0,          0.00010039,          0.00010039,          0.00010039
                 298,            0.041791,            0.013023,           0.0054438,                   0,             0.63845,             0.84442,              0.4816,             0.56102,             0.34127,            0.035896,            0.010764,           0.0017536,                   0,                   0,          0.00010022,          0.00010022,          0.00010022
                 299,            0.030782,            0.012983,           0.0039662,                   0,             0.63459,             0.87884,             0.47592,             0.56473,              0.3379,            0.035899,            0.010703,           0.0017359,                   0,                   0,           0.0001001,           0.0001001,           0.0001001
