               epoch,      train/box_loss,      train/obj_loss,      train/cls_loss,     train/lmmd_loss,       train/fg_loss,   metrics/precision,      metrics/recall,     metrics/mAP_0.5,metrics/mAP_0.5:0.95,        val/box_loss,        val/obj_loss,        val/cls_loss,       val/lmmd_loss,         val/fg_loss,               x/lr0,               x/lr1,               x/lr2
                   0,             0.12033,            0.028889,            0.016749,                   0,              0.6362,                   0,                   0,                   0,                   0,            0.083988,            0.023523,            0.011133,                   0,                   0,            0.097228,             2.8e-05,             2.8e-05
                   1,            0.084594,            0.039344,            0.010845,                   0,             0.62346,          6.1675e-05,            0.002907,          3.1056e-05,          4.6538e-06,            0.081372,            0.023558,            0.010128,                   0,                   0,            0.094357,          5.6999e-05,          5.6999e-05
                   2,             0.10342,             0.04419,            0.012553,                   0,             0.63094,          5.6029e-05,            0.002907,          2.8368e-05,          2.8368e-06,            0.079346,            0.023933,            0.009223,                   0,                   0,            0.091486,          8.5992e-05,          8.5992e-05
                   3,             0.10972,            0.043887,            0.013077,                   0,              0.6211,          0.00010602,            0.005814,          5.4596e-05,          6.8469e-06,            0.077586,            0.024364,           0.0084421,                   0,                   0,            0.088615,          0.00011497,          0.00011497
                   4,            0.074639,            0.041414,           0.0081971,                   0,              0.6317,          0.00052059,             0.02907,          0.00027644,           8.179e-05,            0.076275,            0.024717,           0.0079449,                   0,                   0,            0.085744,          0.00014394,          0.00014394
                   5,            0.094276,            0.032757,           0.0091451,                   0,             0.61088,           0.0008608,            0.049419,          0.00048154,          0.00014295,            0.074675,            0.025139,             0.00744,                   0,                   0,            0.082873,          0.00017289,          0.00017289
                   6,            0.074056,            0.049451,           0.0069194,                   0,             0.62495,            0.001146,             0.06686,          0.00071909,          0.00023107,             0.07308,            0.025328,           0.0070587,                   0,                   0,            0.080002,          0.00020182,          0.00020182
                   7,            0.096735,            0.032801,           0.0092987,                   0,             0.60469,           0.0027126,             0.16134,           0.0022416,          0.00053785,            0.070626,            0.025839,           0.0066321,                   0,                   0,            0.077131,          0.00023072,          0.00023072
                   8,            0.072109,            0.042659,           0.0067426,                   0,             0.62209,           0.0040464,             0.24419,           0.0089098,           0.0019033,            0.068129,            0.026311,           0.0062206,                   0,                   0,             0.07426,          0.00025959,          0.00025959
                   9,            0.087378,            0.039742,           0.0067288,                   0,             0.61519,            0.005623,             0.34448,            0.067392,            0.015437,             0.06479,            0.026869,            0.005758,                   0,                   0,            0.071388,          0.00028842,          0.00028842
                  10,            0.079036,            0.041011,           0.0057505,                   0,              0.6018,           0.0060255,               0.375,             0.13982,            0.037792,            0.062258,            0.026932,           0.0053629,                   0,                   0,            0.068517,          0.00031722,          0.00031722
                  11,            0.077744,            0.057513,           0.0062412,                   0,             0.62057,           0.0063848,              0.3968,              0.2424,             0.06859,            0.059926,            0.026543,           0.0050228,                   0,                   0,            0.065646,          0.00034597,          0.00034597
                  12,            0.086791,            0.032282,           0.0065725,                   0,             0.61582,             0.87138,             0.21076,             0.29767,            0.096961,            0.057944,            0.025674,           0.0047692,                   0,                   0,            0.062775,          0.00037467,          0.00037467
                  13,            0.080396,            0.047441,           0.0056827,                   0,             0.61887,             0.80329,             0.30233,             0.29263,             0.10837,            0.056648,            0.024086,           0.0044925,                   0,                   0,            0.059903,          0.00040331,          0.00040331
                  14,            0.083452,             0.04435,             0.01459,                   0,             0.61585,              0.8221,             0.30669,             0.31188,             0.12681,            0.055126,            0.022674,           0.0042422,                   0,                   0,            0.057032,           0.0004319,           0.0004319
                  15,             0.07539,            0.048649,           0.0070649,                   0,             0.62575,             0.85399,             0.30656,             0.33842,             0.14432,            0.053782,            0.020727,           0.0039761,                   0,                   0,             0.05416,          0.00046043,          0.00046043
                  16,            0.067157,            0.032318,           0.0047152,                   0,             0.62022,             0.83949,             0.32849,              0.3474,             0.14786,            0.052156,            0.018672,           0.0036901,                   0,                   0,            0.051289,           0.0004889,           0.0004889
                  17,            0.061963,            0.031864,           0.0029581,                   0,             0.60335,             0.83232,             0.30822,             0.33201,             0.14326,            0.051299,            0.017227,           0.0034882,                   0,                   0,            0.048417,          0.00051729,          0.00051729
                  18,            0.061631,            0.031074,            0.003741,                   0,             0.62096,             0.76898,             0.30293,              0.2824,             0.10014,            0.050414,            0.016155,           0.0032643,                   0,                   0,            0.045546,          0.00054562,          0.00054562
                  19,            0.064592,            0.028491,           0.0032629,                   0,             0.60209,             0.78033,             0.31395,             0.28487,             0.10858,            0.047708,            0.015641,            0.003073,                   0,                   0,            0.042674,          0.00057386,          0.00057386
                  20,            0.064322,            0.045285,           0.0039927,                   0,             0.61353,             0.80567,             0.31541,             0.29902,              0.0986,            0.049084,            0.015358,            0.002962,                   0,                   0,            0.039802,          0.00060202,          0.00060202
                  21,            0.049215,            0.015672,           0.0018327,                   0,               0.595,             0.81804,             0.31977,             0.30836,             0.10908,            0.047514,            0.015258,           0.0028814,                   0,                   0,             0.03693,           0.0006301,           0.0006301
                  22,            0.067093,            0.041848,           0.0038913,                   0,             0.61491,             0.84206,             0.30087,             0.31192,            0.094746,            0.048851,            0.015188,           0.0028228,                   0,                   0,            0.034058,          0.00065808,          0.00065808
                  23,            0.060721,            0.029641,           0.0031021,                   0,             0.61059,             0.85821,             0.33414,             0.33285,             0.11671,            0.045617,            0.015194,           0.0027811,                   0,                   0,            0.031186,          0.00068597,          0.00068597
                  24,            0.065077,            0.030696,           0.0043602,                   0,             0.61714,             0.85426,             0.33576,             0.33985,             0.12471,            0.044251,            0.015207,           0.0027285,                   0,                   0,            0.028314,          0.00071376,          0.00071376
                  25,            0.059114,            0.029624,           0.0021481,                   0,             0.60846,              0.8856,             0.34157,             0.35687,             0.13517,            0.043369,            0.015175,           0.0026807,                   0,                   0,            0.025441,          0.00074145,          0.00074145
                  26,            0.056815,            0.023834,           0.0034119,                   0,             0.60182,              0.8477,             0.33576,             0.34145,              0.1279,            0.045215,            0.015026,           0.0026388,                   0,                   0,            0.022569,          0.00076904,          0.00076904
                  27,             0.06092,            0.030905,            0.008758,                   0,             0.59669,             0.89002,             0.34021,             0.36819,              0.1519,            0.041199,            0.015149,           0.0026111,                   0,                   0,            0.019697,          0.00079651,          0.00079651
                  28,             0.06738,            0.025723,           0.0020937,                   0,             0.58857,             0.89609,             0.34351,             0.36822,             0.14669,            0.042282,            0.014905,           0.0025818,                   0,                   0,            0.016824,          0.00082387,          0.00082387
                  29,            0.050967,            0.030355,           0.0013447,                   0,             0.59059,             0.91343,             0.34708,             0.37286,             0.14954,            0.041357,            0.014925,           0.0025732,                   0,                   0,            0.013951,          0.00085111,          0.00085111
                  30,            0.066195,            0.029979,           0.0036218,                   0,             0.60755,             0.92718,             0.36337,             0.38674,             0.17179,            0.039521,            0.014798,           0.0025589,                   0,                   0,            0.011078,          0.00087822,          0.00087822
                  31,            0.068415,            0.039515,           0.0024403,                   0,             0.59866,              0.9228,             0.35823,             0.38552,             0.16715,            0.041596,            0.014594,           0.0025423,                   0,                   0,           0.0082052,          0.00090521,          0.00090521
                  32,            0.068052,            0.024937,           0.0032969,                   0,             0.59884,             0.94916,             0.35958,              0.4009,             0.17683,            0.039184,             0.01462,           0.0025251,                   0,                   0,           0.0053321,          0.00093207,          0.00093207
                  33,            0.055056,            0.027331,           0.0042995,                   0,             0.61555,             0.96135,             0.37064,             0.41313,             0.19547,            0.038041,            0.014573,           0.0025463,                   0,                   0,           0.0024588,           0.0009588,           0.0009588
                  34,            0.055904,            0.035305,           0.0025008,                   0,             0.61194,             0.95993,             0.36919,             0.41201,             0.19116,            0.038247,             0.01444,           0.0025384,                   0,                   0,          0.00097178,          0.00097178,          0.00097178
                  35,            0.043565,            0.025439,           0.0011794,                   0,             0.59192,             0.96994,             0.36919,             0.41455,             0.19583,            0.036352,            0.014409,           0.0025325,                   0,                   0,          0.00097178,          0.00097178,          0.00097178
                  36,            0.046256,            0.026849,           0.0035538,                   0,             0.60593,             0.94906,             0.35879,             0.39375,             0.18635,            0.039281,            0.014342,           0.0025187,                   0,                   0,          0.00097011,          0.00097011,          0.00097011
                  37,            0.058324,            0.024601,           0.0026953,                   0,             0.59014,             0.95837,             0.36047,             0.40533,             0.19356,            0.038991,             0.01439,           0.0025221,                   0,                   0,           0.0009684,           0.0009684,           0.0009684
                  38,            0.094949,            0.026201,           0.0033435,                   0,             0.59746,             0.96049,             0.37266,               0.419,             0.20599,            0.036834,            0.014414,           0.0025308,                   0,                   0,          0.00096664,          0.00096664,          0.00096664
                  39,            0.060128,            0.043107,           0.0029113,                   0,             0.59856,             0.97444,             0.37355,             0.42207,              0.2182,            0.035458,            0.014313,           0.0025193,                   0,                   0,          0.00096484,          0.00096484,          0.00096484
                  40,            0.043483,            0.022273,           0.0012772,                   0,             0.58512,             0.96923,             0.37645,              0.4253,             0.22193,            0.034685,            0.014204,           0.0025308,                   0,                   0,          0.00096299,          0.00096299,          0.00096299
                  41,            0.065866,            0.024521,           0.0074077,                   0,             0.58944,             0.95974,             0.38176,             0.42382,             0.20684,            0.036168,            0.014076,           0.0025333,                   0,                   0,           0.0009611,           0.0009611,           0.0009611
                  42,            0.050233,            0.017288,           0.0023851,                   0,             0.59637,              0.9577,             0.37791,             0.42863,             0.21258,            0.033895,            0.014056,           0.0025321,                   0,                   0,          0.00095916,          0.00095916,          0.00095916
                  43,            0.054298,             0.03589,           0.0035738,                   0,              0.6083,             0.97219,             0.38517,             0.43538,             0.22495,            0.032608,            0.013967,           0.0025541,                   0,                   0,          0.00095717,          0.00095717,          0.00095717
                  44,            0.050564,            0.032783,           0.0024623,                   0,             0.60021,             0.98368,             0.38764,             0.43593,             0.22703,            0.032745,             0.01376,           0.0025673,                   0,                   0,          0.00095514,          0.00095514,          0.00095514
                  45,            0.041354,            0.025409,           0.0023118,                   0,             0.59854,             0.95378,              0.3853,             0.43755,             0.22316,            0.034443,             0.01373,           0.0026014,                   0,                   0,          0.00095307,          0.00095307,          0.00095307
                  46,            0.048431,            0.026125,           0.0032022,                   0,             0.60305,             0.97022,              0.3902,             0.44876,             0.22017,            0.032885,            0.013791,           0.0026539,                   0,                   0,          0.00095095,          0.00095095,          0.00095095
                  47,            0.055418,            0.029412,           0.0015162,                   0,             0.59325,             0.98047,             0.39338,             0.45397,              0.2314,            0.032218,            0.013643,           0.0026519,                   0,                   0,          0.00094879,          0.00094879,          0.00094879
                  48,            0.047008,            0.022341,           0.0017561,                   0,             0.59853,             0.95721,             0.38825,             0.44888,             0.22782,            0.034351,            0.013494,           0.0026908,                   0,                   0,          0.00094659,          0.00094659,          0.00094659
                  49,            0.051372,            0.036513,           0.0028435,                   0,             0.60882,             0.96005,             0.38953,             0.45122,             0.23284,            0.033854,            0.013359,           0.0027013,                   0,                   0,          0.00094434,          0.00094434,          0.00094434
                  50,            0.053157,            0.031596,           0.0025251,                   0,             0.60671,             0.98248,              0.3939,             0.45776,             0.23565,            0.030773,            0.013367,           0.0027165,                   0,                   0,          0.00094205,          0.00094205,          0.00094205
                  51,            0.044412,             0.03458,           0.0022634,                   0,             0.59959,              0.9782,              0.3939,             0.45812,             0.24332,            0.032051,            0.013174,            0.002722,                   0,                   0,          0.00093971,          0.00093971,          0.00093971
                  52,            0.043086,            0.025311,           0.0013111,                   0,             0.58963,             0.98767,              0.3939,             0.46059,             0.25107,            0.030171,            0.013121,           0.0027051,                   0,                   0,          0.00093733,          0.00093733,          0.00093733
                  53,            0.046873,            0.017787,           0.0015877,                   0,             0.59076,             0.98315,             0.39244,             0.45943,             0.25018,            0.030508,             0.01309,           0.0026722,                   0,                   0,          0.00093491,          0.00093491,          0.00093491
                  54,            0.046543,            0.018524,           0.0069133,                   0,             0.58942,             0.98891,             0.39244,             0.46191,             0.25003,            0.029948,            0.013078,           0.0026662,                   0,                   0,          0.00093245,          0.00093245,          0.00093245
                  55,            0.055265,            0.025776,           0.0052857,                   0,             0.59229,             0.99253,             0.39535,             0.46559,             0.25283,            0.030234,            0.012992,           0.0026452,                   0,                   0,          0.00092995,          0.00092995,          0.00092995
                  56,            0.043486,            0.033934,           0.0018173,                   0,             0.59259,             0.98043,             0.39244,              0.4656,             0.24555,              0.0309,            0.013006,           0.0026317,                   0,                   0,           0.0009274,           0.0009274,           0.0009274
                  57,             0.04721,            0.027254,           0.0019046,                   0,             0.60168,             0.98778,             0.39099,             0.46715,             0.24846,            0.030369,             0.01298,           0.0025961,                   0,                   0,          0.00092481,          0.00092481,          0.00092481
                  58,            0.055088,            0.049529,            0.002186,                   0,             0.61425,             0.98729,             0.39004,             0.47195,             0.24862,            0.030859,            0.012968,           0.0025921,                   0,                   0,          0.00092219,          0.00092219,          0.00092219
                  59,            0.043814,            0.026653,           0.0021801,                   0,             0.59808,             0.97673,             0.38707,             0.47156,             0.24507,            0.031421,            0.012993,           0.0025621,                   0,                   0,          0.00091952,          0.00091952,          0.00091952
                  60,             0.04941,            0.030603,           0.0019539,                   0,             0.59837,             0.98908,             0.39041,             0.48427,             0.26119,            0.030949,            0.012925,           0.0025355,                   0,                   0,          0.00091681,          0.00091681,          0.00091681
                  61,            0.044854,             0.03197,           0.0027168,                   0,             0.60436,             0.99544,             0.39244,             0.50372,             0.27661,            0.028803,            0.012646,           0.0024974,                   0,                   0,          0.00091406,          0.00091406,          0.00091406
                  62,            0.052151,            0.021218,           0.0021045,                   0,             0.59855,             0.99179,              0.3939,             0.52161,             0.28754,            0.028553,            0.012782,           0.0024509,                   0,                   0,          0.00091127,          0.00091127,          0.00091127
                  63,            0.049364,             0.02929,           0.0024832,                   0,             0.59676,             0.98875,              0.3939,             0.54202,              0.2778,            0.028495,            0.012766,           0.0024055,                   0,                   0,          0.00090844,          0.00090844,          0.00090844
                  64,             0.05502,            0.034381,           0.0020784,                   0,             0.60173,             0.99136,             0.39244,             0.54278,              0.2903,            0.029097,            0.012729,           0.0023646,                   0,                   0,          0.00090557,          0.00090557,          0.00090557
                  65,            0.047521,            0.026327,           0.0016841,                   0,             0.59258,               0.993,             0.39535,             0.57012,             0.30356,            0.028436,            0.012593,           0.0023438,                   0,                   0,          0.00090266,          0.00090266,          0.00090266
                  66,            0.044158,            0.021931,           0.0015109,                   0,             0.59485,             0.98942,             0.38663,             0.59035,             0.29567,            0.029263,            0.012579,           0.0023343,                   0,                   0,          0.00089972,          0.00089972,          0.00089972
                  67,             0.05467,            0.032054,           0.0026535,                   0,             0.60103,             0.56427,             0.55438,             0.60424,             0.31769,            0.029616,            0.012474,           0.0022923,                   0,                   0,          0.00089673,          0.00089673,          0.00089673
                  68,             0.05567,            0.021946,           0.0075503,                   0,             0.58619,             0.55622,             0.57038,             0.60173,             0.31551,            0.029208,            0.012552,           0.0022485,                   0,                   0,          0.00089371,          0.00089371,          0.00089371
                  69,             0.06574,            0.035844,           0.0032964,                   0,             0.60182,             0.54831,             0.56235,             0.60598,             0.32067,            0.028158,            0.012573,           0.0022047,                   0,                   0,          0.00089065,          0.00089065,          0.00089065
                  70,            0.052109,            0.041601,           0.0022826,                   0,             0.59705,             0.56189,             0.56205,             0.60955,             0.32153,            0.028225,            0.012596,           0.0021435,                   0,                   0,          0.00088755,          0.00088755,          0.00088755
                  71,            0.041275,            0.029625,           0.0010637,                   0,             0.59772,             0.56529,             0.58576,             0.62033,             0.32543,            0.028416,            0.012534,           0.0021161,                   0,                   0,          0.00088442,          0.00088442,          0.00088442
                  72,            0.049751,            0.029265,           0.0028666,                   0,             0.60945,             0.56044,             0.60327,             0.63185,             0.33885,            0.028454,            0.012371,           0.0020983,                   0,                   0,          0.00088124,          0.00088124,          0.00088124
                  73,            0.051211,            0.019723,           0.0012957,                   0,             0.59166,             0.57473,             0.61956,             0.62337,             0.33621,            0.028853,            0.012421,           0.0020548,                   0,                   0,          0.00087804,          0.00087804,          0.00087804
                  74,            0.041738,            0.034154,           0.0012791,                   0,             0.60064,             0.60444,             0.63326,             0.63489,             0.33458,            0.028559,            0.012377,           0.0020308,                   0,                   0,          0.00087479,          0.00087479,          0.00087479
                  75,            0.044992,            0.029185,           0.0019373,                   0,             0.59247,             0.60128,             0.64796,             0.64553,             0.32391,            0.030692,            0.012526,           0.0020074,                   0,                   0,          0.00087151,          0.00087151,          0.00087151
                  76,            0.054866,            0.025241,           0.0013686,                   0,             0.59686,             0.55142,              0.6616,             0.63271,             0.32646,            0.028676,            0.012325,           0.0019724,                   0,                   0,           0.0008682,           0.0008682,           0.0008682
                  77,            0.064942,            0.031643,           0.0014458,                   0,              0.5963,             0.54505,             0.66673,             0.63621,             0.33177,             0.02816,            0.012223,           0.0019255,                   0,                   0,          0.00086485,          0.00086485,          0.00086485
                  78,            0.040004,            0.025619,           0.0018773,                   0,             0.58989,             0.56149,             0.65522,             0.63764,             0.33163,            0.027643,            0.012285,           0.0018752,                   0,                   0,          0.00086146,          0.00086146,          0.00086146
                  79,            0.040994,            0.024547,           0.0012573,                   0,             0.58916,             0.56262,             0.64573,              0.6376,             0.33107,             0.02785,            0.012314,           0.0018184,                   0,                   0,          0.00085805,          0.00085805,          0.00085805
                  80,            0.046879,            0.037093,           0.0016821,                   0,              0.6101,              0.6147,             0.65675,              0.6551,             0.33229,             0.02754,            0.012298,           0.0017693,                   0,                   0,          0.00085459,          0.00085459,          0.00085459
                  81,            0.039612,            0.026666,           0.0018113,                   0,             0.59746,             0.62109,             0.67092,             0.66784,             0.32483,             0.02837,            0.012413,           0.0017416,                   0,                   0,          0.00085111,          0.00085111,          0.00085111
                  82,            0.044655,            0.017906,          0.00087556,                   0,             0.58878,             0.62506,             0.70869,             0.67583,             0.34093,            0.027421,            0.012387,           0.0017138,                   0,                   0,          0.00084759,          0.00084759,          0.00084759
                  83,             0.05885,            0.027784,           0.0036391,                   0,             0.60007,             0.59721,             0.70869,             0.67463,             0.32857,            0.028643,            0.012299,           0.0016822,                   0,                   0,          0.00084404,          0.00084404,          0.00084404
                  84,            0.053932,             0.03644,           0.0031046,                   0,             0.60295,             0.62339,             0.69181,             0.68714,             0.33859,            0.028083,             0.01227,           0.0016548,                   0,                   0,          0.00084046,          0.00084046,          0.00084046
                  85,            0.044067,            0.025314,           0.0026868,                   0,             0.58942,             0.66275,             0.68459,             0.69444,             0.34088,            0.027913,            0.012163,           0.0016202,                   0,                   0,          0.00083684,          0.00083684,          0.00083684
                  86,            0.044575,            0.022466,           0.0010718,                   0,             0.59024,             0.62574,             0.65024,             0.67672,             0.32563,            0.027866,            0.012016,           0.0015728,                   0,                   0,          0.00083319,          0.00083319,          0.00083319
                  87,            0.046611,            0.027551,           0.0011202,                   0,             0.59108,             0.66168,             0.69553,             0.68808,             0.33109,            0.027303,            0.011983,           0.0015452,                   0,                   0,          0.00082952,          0.00082952,          0.00082952
                  88,            0.048125,            0.027392,           0.0012423,                   0,             0.59725,             0.67768,             0.70578,             0.68785,             0.34529,             0.02713,            0.011853,           0.0015036,                   0,                   0,          0.00082581,          0.00082581,          0.00082581
                  89,            0.055249,            0.029137,           0.0022652,                   0,             0.59583,             0.70154,             0.70724,             0.71309,              0.3492,            0.027442,             0.01202,           0.0014656,                   0,                   0,          0.00082207,          0.00082207,          0.00082207
                  90,            0.042086,            0.029211,          0.00071099,                   0,              0.5891,             0.72643,             0.71203,             0.71195,             0.34246,            0.027371,            0.011994,           0.0014394,                   0,                   0,           0.0008183,           0.0008183,           0.0008183
                  91,            0.047141,            0.012228,             0.00193,                   0,             0.58568,             0.71751,             0.70037,             0.70779,             0.34645,               0.027,            0.011938,           0.0014135,                   0,                   0,           0.0008145,           0.0008145,           0.0008145
                  92,            0.041078,             0.02114,           0.0016632,                   0,             0.58967,             0.64955,             0.70211,             0.67085,             0.32612,            0.026906,            0.011933,           0.0014007,                   0,                   0,          0.00081068,          0.00081068,          0.00081068
                  93,            0.041098,            0.015728,           0.0025631,                   0,             0.59663,             0.67584,             0.67801,             0.68344,             0.33224,            0.027624,            0.012025,           0.0013903,                   0,                   0,          0.00080682,          0.00080682,          0.00080682
                  94,            0.035422,            0.018097,          0.00075817,                   0,             0.57803,             0.71091,             0.66287,              0.6971,             0.34418,             0.02715,            0.012072,           0.0013649,                   0,                   0,          0.00080294,          0.00080294,          0.00080294
                  95,            0.044852,            0.028406,           0.0018504,                   0,             0.59633,             0.68639,             0.69348,             0.69957,             0.33924,            0.027787,            0.012091,            0.001357,                   0,                   0,          0.00079903,          0.00079903,          0.00079903
                  96,            0.040524,            0.021511,          0.00090952,                   0,             0.58502,             0.70462,             0.68979,             0.68735,              0.3475,             0.02696,            0.012087,            0.001338,                   0,                   0,          0.00079509,          0.00079509,          0.00079509
                  97,            0.049165,            0.026543,           0.0012629,                   0,             0.59313,             0.67841,             0.67006,             0.67296,              0.3316,            0.026892,            0.011948,           0.0013059,                   0,                   0,          0.00079112,          0.00079112,          0.00079112
                  98,            0.040915,            0.017557,           0.0010149,                   0,             0.59248,              0.6248,             0.68826,              0.6614,             0.32986,            0.026744,            0.011959,           0.0012885,                   0,                   0,          0.00078713,          0.00078713,          0.00078713
                  99,            0.037733,            0.020213,          0.00071399,                   0,             0.59513,             0.64837,             0.69059,             0.68067,             0.33699,            0.026595,            0.012005,           0.0012682,                   0,                   0,          0.00078311,          0.00078311,          0.00078311
                 100,             0.04602,            0.029718,          0.00085425,                   0,             0.59957,             0.71442,             0.72116,             0.71548,             0.34526,            0.026853,             0.01189,           0.0012299,                   0,                   0,          0.00077907,          0.00077907,          0.00077907
                 101,            0.038104,            0.017506,          0.00074133,                   0,             0.58411,             0.70005,             0.74393,             0.72717,             0.35661,            0.027034,            0.011756,           0.0011936,                   0,                   0,            0.000775,            0.000775,            0.000775
                 102,            0.044671,             0.02765,          0.00099772,                   0,             0.59878,             0.70882,             0.73749,               0.731,             0.35759,            0.027046,            0.011748,           0.0011796,                   0,                   0,          0.00077091,          0.00077091,          0.00077091
                 103,             0.04233,            0.033461,           0.0019811,                   0,             0.61133,             0.78961,             0.69201,              0.7422,             0.34858,            0.027364,            0.011815,           0.0011698,                   0,                   0,          0.00076679,          0.00076679,          0.00076679
                 104,            0.059546,            0.020439,           0.0086317,                   0,             0.58382,              0.7103,             0.71389,             0.72583,             0.35417,             0.02646,            0.011798,           0.0011668,                   0,                   0,          0.00076265,          0.00076265,          0.00076265
                 105,            0.050922,            0.021849,          0.00098457,                   0,              0.5864,             0.76538,             0.71271,             0.74681,             0.35569,            0.026909,            0.011714,           0.0011598,                   0,                   0,          0.00075848,          0.00075848,          0.00075848
                 106,            0.040807,            0.021739,           0.0010847,                   0,              0.5824,              0.7478,               0.731,             0.74369,             0.36208,            0.026574,            0.011818,           0.0011526,                   0,                   0,           0.0007543,           0.0007543,           0.0007543
                 107,            0.041036,            0.026478,           0.0010117,                   0,             0.59314,             0.72257,             0.73562,             0.73844,             0.35858,            0.026876,            0.011766,           0.0011443,                   0,                   0,          0.00075009,          0.00075009,          0.00075009
                 108,            0.053145,            0.028181,           0.0010262,                   0,             0.59077,             0.72942,             0.72053,             0.73101,             0.36451,            0.026314,            0.011846,           0.0011435,                   0,                   0,          0.00074585,          0.00074585,          0.00074585
                 109,            0.052971,            0.033658,           0.0021901,                   0,             0.61617,             0.72405,             0.72545,             0.73439,             0.36016,            0.026624,            0.011961,            0.001137,                   0,                   0,           0.0007416,           0.0007416,           0.0007416
                 110,            0.051288,            0.021311,          0.00080939,                   0,             0.58972,             0.68945,             0.71527,             0.70651,             0.35226,             0.02623,            0.011853,           0.0011191,                   0,                   0,          0.00073733,          0.00073733,          0.00073733
                 111,            0.051189,             0.02615,           0.0011706,                   0,             0.57867,             0.72623,             0.71603,             0.74222,              0.3648,            0.026156,            0.011769,           0.0011086,                   0,                   0,          0.00073303,          0.00073303,          0.00073303
                 112,            0.037701,             0.02712,          0.00068166,                   0,             0.60336,             0.74335,             0.73177,             0.75848,             0.37832,            0.026001,            0.011776,           0.0011102,                   0,                   0,          0.00072872,          0.00072872,          0.00072872
                 113,            0.044705,            0.019638,           0.0013109,                   0,             0.58784,             0.75335,             0.70179,             0.74906,             0.36961,            0.025987,            0.011948,           0.0011081,                   0,                   0,          0.00072438,          0.00072438,          0.00072438
                 114,            0.037375,            0.020395,           0.0008782,                   0,             0.58686,             0.72293,             0.72636,             0.74103,             0.36724,            0.026233,            0.011859,           0.0010828,                   0,                   0,          0.00072003,          0.00072003,          0.00072003
                 115,            0.035336,            0.023307,          0.00063009,                   0,             0.58581,             0.74477,             0.70607,             0.74324,             0.36933,            0.026417,            0.012032,           0.0010923,                   0,                   0,          0.00071566,          0.00071566,          0.00071566
                 116,            0.040786,            0.024808,           0.0016892,                   0,             0.59088,             0.71996,             0.69376,             0.71254,             0.35002,            0.026318,            0.011907,           0.0010785,                   0,                   0,          0.00071127,          0.00071127,          0.00071127
                 117,            0.036851,            0.022594,          0.00043447,                   0,               0.586,               0.752,             0.71603,             0.73958,             0.35842,            0.026598,            0.011891,           0.0010591,                   0,                   0,          0.00070686,          0.00070686,          0.00070686
                 118,            0.035516,            0.023747,          0.00043208,                   0,             0.59891,             0.76157,             0.72621,             0.74368,             0.37018,            0.026281,            0.011679,           0.0010329,                   0,                   0,          0.00070243,          0.00070243,          0.00070243
                 119,             0.03443,            0.019597,          0.00083205,                   0,             0.58674,              0.7492,              0.7321,             0.75455,             0.36598,            0.026555,            0.011733,           0.0010254,                   0,                   0,          0.00069799,          0.00069799,          0.00069799
                 120,            0.060347,            0.033363,          0.00083175,                   0,             0.58678,             0.72065,              0.7288,             0.73571,             0.36742,            0.026486,            0.011721,           0.0010216,                   0,                   0,          0.00069353,          0.00069353,          0.00069353
                 121,            0.040984,            0.028919,          0.00088955,                   0,             0.59585,             0.73109,             0.71887,             0.74221,             0.35983,            0.026753,            0.011685,           0.0010063,                   0,                   0,          0.00068906,          0.00068906,          0.00068906
                 122,            0.041425,              0.0199,           0.0017806,                   0,             0.59142,             0.76102,             0.73408,             0.76314,             0.37431,             0.02613,            0.011688,           0.0010007,                   0,                   0,          0.00068457,          0.00068457,          0.00068457
                 123,            0.042142,            0.027307,           0.0008085,                   0,             0.61037,             0.73839,             0.71788,             0.74507,             0.35834,            0.026342,            0.011759,           0.0010018,                   0,                   0,          0.00068006,          0.00068006,          0.00068006
                 124,            0.042873,            0.013666,           0.0016708,                   0,             0.58139,              0.7602,             0.73501,             0.75392,              0.3463,            0.026877,            0.011729,          0.00099679,                   0,                   0,          0.00067555,          0.00067555,          0.00067555
                 125,            0.053745,            0.017333,            0.001013,                   0,             0.59163,              0.7371,             0.73868,             0.76045,             0.36753,            0.026045,            0.011704,          0.00099061,                   0,                   0,          0.00067101,          0.00067101,          0.00067101
                 126,            0.037813,            0.037482,           0.0010297,                   0,             0.59033,             0.73204,             0.73188,             0.75523,             0.36286,            0.025761,            0.011612,          0.00097243,                   0,                   0,          0.00066647,          0.00066647,          0.00066647
                 127,            0.035131,            0.017704,          0.00071152,                   0,             0.58631,              0.6912,             0.73823,             0.71844,             0.35809,            0.026098,            0.011535,          0.00096455,                   0,                   0,          0.00066191,          0.00066191,          0.00066191
                 128,            0.042708,            0.026655,          0.00059273,                   0,             0.59613,             0.73038,             0.77206,             0.74323,             0.36128,            0.025832,            0.011453,          0.00094811,                   0,                   0,          0.00065734,          0.00065734,          0.00065734
                 129,            0.042845,            0.025998,           0.0012293,                   0,              0.6044,               0.708,             0.77884,             0.74333,             0.35565,            0.025839,            0.011329,          0.00095055,                   0,                   0,          0.00065276,          0.00065276,          0.00065276
                 130,            0.045684,            0.028372,           0.0007304,                   0,             0.59515,             0.69159,              0.7511,             0.72494,             0.36298,            0.025922,            0.011447,          0.00096469,                   0,                   0,          0.00064816,          0.00064816,          0.00064816
                 131,            0.046405,            0.031746,          0.00072248,                   0,             0.60139,             0.71479,             0.73957,             0.72965,             0.35594,            0.026151,            0.011572,          0.00096806,                   0,                   0,          0.00064356,          0.00064356,          0.00064356
                 132,             0.04815,            0.014039,          0.00054931,                   0,             0.58656,             0.70596,             0.74623,             0.71205,              0.3471,            0.026272,            0.011552,          0.00096983,                   0,                   0,          0.00063895,          0.00063895,          0.00063895
                 133,            0.041276,            0.028133,           0.0010306,                   0,             0.59551,             0.69808,             0.75596,             0.73512,             0.36195,            0.026149,            0.011516,          0.00094042,                   0,                   0,          0.00063432,          0.00063432,          0.00063432
                 134,            0.043951,           0.0080443,          0.00081242,                   0,             0.59596,             0.69921,             0.77617,             0.72308,             0.35783,            0.025827,            0.011444,          0.00092309,                   0,                   0,          0.00062969,          0.00062969,          0.00062969
                 135,            0.037365,            0.017732,           0.0021337,                   0,             0.60398,             0.70474,             0.76226,             0.74015,             0.36111,            0.025992,            0.011447,          0.00092564,                   0,                   0,          0.00062505,          0.00062505,          0.00062505
                 136,            0.037142,            0.019488,          0.00091707,                   0,             0.59434,             0.70213,             0.75819,             0.75015,              0.3645,            0.026012,            0.011362,          0.00092656,                   0,                   0,           0.0006204,           0.0006204,           0.0006204
                 137,            0.045922,            0.032415,          0.00048281,                   0,             0.59155,             0.69649,             0.76568,             0.73373,             0.36328,             0.02606,            0.011369,          0.00091526,                   0,                   0,          0.00061574,          0.00061574,          0.00061574
                 138,            0.047412,            0.026885,          0.00099267,                   0,             0.58214,             0.69646,             0.76074,              0.7289,              0.3403,             0.02635,            0.011439,          0.00092159,                   0,                   0,          0.00061107,          0.00061107,          0.00061107
                 139,             0.04071,            0.022294,           0.0006721,                   0,             0.58642,             0.71498,               0.792,             0.72962,             0.36552,              0.0256,             0.01126,          0.00089667,                   0,                   0,           0.0006064,           0.0006064,           0.0006064
                 140,            0.053185,            0.035968,           0.0015415,                   0,             0.60758,             0.74971,             0.75765,             0.77495,             0.36977,            0.025754,            0.011261,          0.00088527,                   0,                   0,          0.00060172,          0.00060172,          0.00060172
                 141,             0.05042,            0.034317,           0.0015396,                   0,             0.59489,             0.75475,             0.76278,             0.79017,             0.37643,            0.025722,            0.011342,          0.00088553,                   0,                   0,          0.00059704,          0.00059704,          0.00059704
                 142,            0.050773,            0.034777,           0.0011659,                   0,              0.6092,             0.74379,             0.75827,             0.78019,             0.37639,            0.025942,            0.011444,           0.0008771,                   0,                   0,          0.00059235,          0.00059235,          0.00059235
                 143,             0.03568,             0.02181,          0.00049791,                   0,             0.59385,             0.76243,             0.74689,             0.78742,             0.37529,            0.025609,            0.011435,          0.00087676,                   0,                   0,          0.00058766,          0.00058766,          0.00058766
                 144,            0.040593,            0.022874,           0.0011921,                   0,             0.59555,             0.76642,             0.76254,             0.79589,             0.37913,            0.025702,             0.01126,          0.00086424,                   0,                   0,          0.00058296,          0.00058296,          0.00058296
                 145,            0.041574,             0.01908,           0.0010759,                   0,             0.59147,             0.75567,             0.77123,             0.79168,             0.38083,             0.02556,            0.011168,          0.00085268,                   0,                   0,          0.00057826,          0.00057826,          0.00057826
                 146,            0.050147,            0.035585,          0.00097914,                   0,             0.59805,             0.76289,             0.77586,             0.79565,             0.37833,            0.025865,            0.011139,          0.00085512,                   0,                   0,          0.00057355,          0.00057355,          0.00057355
                 147,            0.038133,            0.022076,          0.00061215,                   0,             0.58476,             0.78098,             0.77004,             0.77759,             0.37934,            0.025485,            0.011083,          0.00085247,                   0,                   0,          0.00056884,          0.00056884,          0.00056884
                 148,            0.050375,            0.031151,          0.00092547,                   0,             0.59321,             0.75434,              0.7827,             0.78845,             0.38559,            0.025844,            0.011098,          0.00085075,                   0,                   0,          0.00056413,          0.00056413,          0.00056413
                 149,            0.033389,            0.022128,          0.00024943,                   0,              0.5829,             0.76628,             0.75857,             0.78886,             0.38739,            0.025278,            0.011113,          0.00084051,                   0,                   0,          0.00055942,          0.00055942,          0.00055942
                 150,            0.036875,            0.021557,          0.00078579,                   0,             0.59218,             0.75438,              0.7569,             0.76491,              0.3748,            0.025668,            0.011176,          0.00083462,                   0,                   0,          0.00055471,          0.00055471,          0.00055471
                 151,            0.040567,            0.017676,           0.0050794,                   0,             0.59919,             0.73523,             0.76354,             0.75968,             0.37714,            0.025386,            0.011243,          0.00083376,                   0,                   0,             0.00055,             0.00055,             0.00055
                 152,            0.038895,            0.019679,           0.0029687,                   0,             0.59464,             0.72647,             0.77619,              0.7778,             0.37754,            0.025895,             0.01118,           0.0008207,                   0,                   0,          0.00054529,          0.00054529,          0.00054529
                 153,            0.051605,            0.056822,           0.0013041,                   0,              0.5981,             0.76285,             0.76578,             0.79379,             0.38104,            0.025712,            0.011213,          0.00081944,                   0,                   0,          0.00054058,          0.00054058,          0.00054058
                 154,            0.055638,            0.028546,          0.00075559,                   0,              0.6024,             0.76698,             0.72441,              0.7873,             0.37286,            0.025625,            0.011273,          0.00083606,                   0,                   0,          0.00053587,          0.00053587,          0.00053587
                 155,            0.036639,            0.023354,          0.00082729,                   0,             0.58693,             0.78341,             0.73048,             0.79965,             0.37583,             0.02582,            0.011305,          0.00084173,                   0,                   0,          0.00053116,          0.00053116,          0.00053116
                 156,            0.034643,            0.016157,          0.00040351,                   0,             0.58743,             0.73361,             0.78824,             0.77008,              0.3709,            0.025922,            0.011337,          0.00083359,                   0,                   0,          0.00052645,          0.00052645,          0.00052645
                 157,            0.047757,            0.032751,          0.00057867,                   0,              0.6028,             0.72653,             0.78095,             0.75118,              0.3697,            0.026152,            0.011332,          0.00081845,                   0,                   0,          0.00052174,          0.00052174,          0.00052174
                 158,            0.040159,            0.023952,          0.00041886,                   0,             0.58768,             0.74067,             0.77086,             0.76661,             0.37716,            0.025932,            0.011323,          0.00080272,                   0,                   0,          0.00051704,          0.00051704,          0.00051704
                 159,            0.048745,            0.013746,           0.0010625,                   0,              0.5876,             0.73364,             0.75223,             0.77782,              0.3775,            0.025474,             0.01102,          0.00079147,                   0,                   0,          0.00051234,          0.00051234,          0.00051234
                 160,            0.044546,             0.02226,          0.00048542,                   0,             0.58182,             0.74334,             0.77392,             0.77914,              0.3707,            0.025947,            0.011056,          0.00079747,                   0,                   0,          0.00050765,          0.00050765,          0.00050765
                 161,             0.03826,            0.019557,          0.00064908,                   0,             0.59716,             0.75877,             0.78968,             0.78821,             0.37614,            0.025656,            0.011129,          0.00079561,                   0,                   0,          0.00050296,          0.00050296,          0.00050296
                 162,            0.036468,            0.011076,          0.00073694,                   0,             0.58813,             0.78422,             0.77081,             0.80902,             0.39413,            0.025556,            0.011167,           0.0007908,                   0,                   0,          0.00049828,          0.00049828,          0.00049828
                 163,            0.041923,            0.012592,          0.00045432,                   0,             0.58679,             0.78661,             0.77091,             0.80471,             0.38346,            0.025751,            0.011137,          0.00078329,                   0,                   0,           0.0004936,           0.0004936,           0.0004936
                 164,            0.037184,            0.018961,          0.00061619,                   0,             0.58645,             0.81441,             0.78022,             0.80981,             0.38547,            0.025801,            0.011167,          0.00078373,                   0,                   0,          0.00048893,          0.00048893,          0.00048893
                 165,            0.037477,            0.020271,          0.00031822,                   0,             0.58763,              0.7955,             0.78521,             0.80089,             0.38415,             0.02601,            0.011122,          0.00078293,                   0,                   0,          0.00048426,          0.00048426,          0.00048426
                 166,             0.04672,            0.063143,          0.00091507,                   0,             0.60584,             0.86924,             0.68128,              0.7988,             0.38658,            0.025631,             0.01107,          0.00077901,                   0,                   0,           0.0004796,           0.0004796,           0.0004796
                 167,            0.051476,            0.014533,           0.0010055,                   0,              0.5775,             0.82201,             0.69112,             0.79714,             0.38929,            0.025738,            0.011247,          0.00079049,                   0,                   0,          0.00047495,          0.00047495,          0.00047495
                 168,            0.052875,            0.050961,           0.0051982,                   0,             0.63806,             0.74499,             0.73791,             0.77631,             0.36906,            0.025629,            0.011141,          0.00078897,                   0,                   0,          0.00047031,          0.00047031,          0.00047031
                 169,            0.032001,            0.022194,          0.00064914,                   0,             0.59087,             0.76341,             0.74513,             0.79243,             0.37514,             0.02582,            0.011186,          0.00079741,                   0,                   0,          0.00046568,          0.00046568,          0.00046568
                 170,            0.038087,            0.026017,          0.00074438,                   0,             0.60014,              0.7609,             0.75297,             0.79866,             0.38073,            0.025752,            0.011242,          0.00080368,                   0,                   0,          0.00046105,          0.00046105,          0.00046105
                 171,            0.045935,            0.029324,          0.00089642,                   0,             0.60417,             0.74251,             0.75349,             0.78678,              0.3781,            0.025787,             0.01124,          0.00079637,                   0,                   0,          0.00045644,          0.00045644,          0.00045644
                 172,            0.036489,            0.017819,          0.00076578,                   0,             0.58608,             0.73798,             0.74962,             0.79063,             0.37905,            0.025444,            0.011081,          0.00078219,                   0,                   0,          0.00045184,          0.00045184,          0.00045184
                 173,            0.035335,            0.018919,           0.0014158,                   0,             0.58748,              0.7401,             0.74054,             0.79131,               0.373,            0.025615,             0.01111,          0.00077271,                   0,                   0,          0.00044724,          0.00044724,          0.00044724
                 174,            0.041012,            0.017358,           0.0008126,                   0,             0.59081,             0.78912,             0.75243,             0.80805,             0.37623,            0.025744,            0.011039,          0.00076437,                   0,                   0,          0.00044266,          0.00044266,          0.00044266
                 175,            0.040959,            0.023694,          0.00068433,                   0,             0.58697,             0.80977,             0.80234,             0.82617,             0.39214,            0.025819,             0.01102,          0.00076857,                   0,                   0,          0.00043809,          0.00043809,          0.00043809
                 176,            0.042586,            0.017455,          0.00047435,                   0,             0.59162,             0.82779,             0.74252,             0.81469,             0.39613,             0.02565,            0.010948,          0.00075615,                   0,                   0,          0.00043353,          0.00043353,          0.00043353
                 177,            0.036483,             0.03286,          0.00079231,                   0,             0.60291,             0.74828,             0.77876,             0.79947,              0.3835,            0.026022,            0.011007,          0.00077052,                   0,                   0,          0.00042899,          0.00042899,          0.00042899
                 178,            0.035194,            0.028875,          0.00070733,                   0,             0.60051,             0.80536,             0.78508,             0.81688,             0.38901,             0.02544,            0.011045,          0.00075577,                   0,                   0,          0.00042445,          0.00042445,          0.00042445
                 179,             0.04658,            0.016708,          0.00082651,                   0,             0.58928,             0.74066,             0.77754,             0.79408,             0.37677,             0.02545,            0.011124,          0.00076724,                   0,                   0,          0.00041994,          0.00041994,          0.00041994
                 180,            0.037357,            0.020671,          0.00059801,                   0,              0.6074,             0.76461,             0.77838,             0.79623,             0.37785,            0.025604,            0.011095,          0.00076588,                   0,                   0,          0.00041543,          0.00041543,          0.00041543
                 181,            0.048541,            0.038136,          0.00058372,                   0,             0.60829,             0.77064,             0.77073,             0.80304,             0.38138,            0.025414,            0.011138,          0.00077549,                   0,                   0,          0.00041094,          0.00041094,          0.00041094
                 182,            0.046816,            0.022154,          0.00090217,                   0,              0.5872,             0.77469,             0.76163,             0.79967,             0.38109,            0.025494,            0.011117,          0.00078039,                   0,                   0,          0.00040647,          0.00040647,          0.00040647
                 183,            0.042095,            0.031953,          0.00093626,                   0,             0.60375,             0.79888,             0.78022,             0.82029,             0.39304,            0.025235,            0.011103,          0.00076713,                   0,                   0,          0.00040201,          0.00040201,          0.00040201
                 184,            0.044163,            0.030461,           0.0011772,                   0,             0.60278,             0.81197,               0.778,              0.8185,             0.38522,            0.025447,            0.011108,          0.00077265,                   0,                   0,          0.00039757,          0.00039757,          0.00039757
                 185,            0.036771,            0.021455,          0.00098148,                   0,             0.59871,             0.80735,             0.76514,             0.81476,              0.3943,            0.025383,            0.011055,          0.00077527,                   0,                   0,          0.00039314,          0.00039314,          0.00039314
                 186,            0.044349,            0.030632,          0.00076221,                   0,             0.59384,             0.80589,             0.77073,             0.82122,             0.39248,            0.025416,            0.011003,          0.00076598,                   0,                   0,          0.00038873,          0.00038873,          0.00038873
                 187,            0.034487,            0.018914,          0.00027556,                   0,             0.58943,             0.82305,             0.77822,             0.82458,             0.38922,             0.02565,            0.010969,          0.00076167,                   0,                   0,          0.00038434,          0.00038434,          0.00038434
                 188,            0.043571,            0.024225,          0.00056723,                   0,             0.59034,             0.81429,             0.75688,             0.81862,             0.38284,            0.025386,            0.011006,          0.00077374,                   0,                   0,          0.00037997,          0.00037997,          0.00037997
                 189,            0.039199,            0.017036,           0.0020552,                   0,             0.58727,             0.80003,             0.76559,             0.82041,             0.40102,            0.025111,            0.011045,          0.00076789,                   0,                   0,          0.00037562,          0.00037562,          0.00037562
                 190,            0.036866,            0.017583,          0.00098943,                   0,             0.60878,             0.80435,              0.7928,             0.82763,             0.38759,            0.025568,            0.010988,          0.00075719,                   0,                   0,          0.00037128,          0.00037128,          0.00037128
                 191,            0.048724,            0.030969,           0.0015878,                   0,              0.5904,             0.80072,             0.79483,             0.83068,             0.38362,             0.02521,            0.010995,          0.00075641,                   0,                   0,          0.00036697,          0.00036697,          0.00036697
                 192,            0.032761,            0.024838,          0.00037882,                   0,             0.58672,             0.84489,             0.73279,             0.82168,              0.3843,            0.025309,            0.010974,          0.00075125,                   0,                   0,          0.00036267,          0.00036267,          0.00036267
                 193,            0.044866,            0.019287,          0.00035413,                   0,             0.59252,             0.78967,             0.76706,             0.81777,             0.39215,            0.025009,            0.010882,          0.00074205,                   0,                   0,           0.0003584,           0.0003584,           0.0003584
                 194,             0.03537,            0.013651,          0.00028606,                   0,             0.59222,             0.81139,              0.7868,             0.82882,             0.40851,            0.024847,            0.010835,           0.0007288,                   0,                   0,          0.00035415,          0.00035415,          0.00035415
                 195,            0.061133,            0.031049,           0.0011843,                   0,             0.60649,             0.86816,             0.75672,             0.83372,             0.40099,            0.025013,            0.010926,          0.00073437,                   0,                   0,          0.00034991,          0.00034991,          0.00034991
                 196,            0.041757,            0.022922,          0.00080605,                   0,             0.59022,             0.82713,             0.80384,             0.83674,             0.40068,            0.024861,            0.010812,           0.0007295,                   0,                   0,           0.0003457,           0.0003457,           0.0003457
                 197,            0.044763,            0.014703,          0.00063867,                   0,             0.60139,             0.86869,             0.75979,             0.82832,             0.39303,            0.024965,            0.010886,          0.00074866,                   0,                   0,          0.00034152,          0.00034152,          0.00034152
                 198,             0.04151,             0.02476,           0.0008402,                   0,             0.59267,             0.85774,             0.74885,             0.82475,             0.38256,            0.025086,            0.010888,          0.00074915,                   0,                   0,          0.00033735,          0.00033735,          0.00033735
                 199,             0.05427,            0.021687,           0.0005653,                   0,             0.58875,              0.8385,             0.76388,             0.82241,              0.3868,            0.025245,            0.010919,          0.00074907,                   0,                   0,          0.00033321,          0.00033321,          0.00033321
                 200,             0.03482,            0.020112,           0.0019326,                   0,             0.58866,             0.82032,             0.75245,             0.81129,             0.40031,            0.024922,            0.010918,          0.00076429,                   0,                   0,          0.00032909,          0.00032909,          0.00032909
                 201,            0.035263,            0.022123,          0.00024987,                   0,             0.59577,             0.80788,              0.7657,             0.80977,             0.40477,            0.024737,             0.01094,          0.00076059,                   0,                   0,            0.000325,            0.000325,            0.000325
                 202,            0.040853,            0.040977,          0.00085367,                   0,             0.61224,             0.77965,             0.75292,             0.80469,             0.40167,            0.025046,            0.010992,          0.00077055,                   0,                   0,          0.00032093,          0.00032093,          0.00032093
                 203,            0.043736,            0.021546,          0.00075576,                   0,             0.59286,             0.80119,             0.78022,              0.8099,             0.38836,             0.02486,            0.010981,          0.00077531,                   0,                   0,          0.00031689,          0.00031689,          0.00031689
                 204,            0.034613,            0.022075,          0.00021519,                   0,              0.5811,               0.809,             0.78429,             0.81525,             0.39879,            0.024832,            0.010886,          0.00076041,                   0,                   0,          0.00031287,          0.00031287,          0.00031287
                 205,            0.038717,             0.03347,           0.0011731,                   0,             0.60805,             0.80614,             0.76278,             0.80904,             0.39956,            0.024841,            0.010841,           0.0007511,                   0,                   0,          0.00030888,          0.00030888,          0.00030888
                 206,            0.056665,            0.034737,           0.0007422,                   0,             0.60498,             0.81218,             0.75302,             0.80832,             0.39479,            0.024946,             0.01092,          0.00074306,                   0,                   0,          0.00030491,          0.00030491,          0.00030491
                 207,            0.030019,            0.028976,          0.00018117,                   0,             0.59519,             0.84743,             0.74442,             0.81679,             0.40362,            0.024971,             0.01089,          0.00073846,                   0,                   0,          0.00030097,          0.00030097,          0.00030097
                 208,            0.037106,            0.027641,          0.00046681,                   0,             0.59189,             0.79775,             0.75757,              0.8063,              0.3883,            0.024938,            0.010908,          0.00074761,                   0,                   0,          0.00029706,          0.00029706,          0.00029706
                 209,            0.040486,            0.020242,           0.0010307,                   0,             0.59672,             0.78558,             0.76193,             0.79998,             0.39367,            0.025131,            0.010998,          0.00074935,                   0,                   0,          0.00029318,          0.00029318,          0.00029318
                 210,            0.039165,            0.019622,          0.00089501,                   0,             0.59222,             0.77477,             0.75679,             0.79666,             0.39477,             0.02518,            0.010982,           0.0007479,                   0,                   0,          0.00028932,          0.00028932,          0.00028932
                 211,            0.035736,            0.030808,          0.00047669,                   0,              0.5864,             0.78366,             0.75309,             0.80335,             0.39136,            0.025184,            0.010972,          0.00074514,                   0,                   0,           0.0002855,           0.0002855,           0.0002855
                 212,            0.043582,            0.025143,          0.00042363,                   0,             0.58999,              0.7849,             0.76594,               0.802,             0.38871,            0.025228,            0.010965,          0.00073764,                   0,                   0,           0.0002817,           0.0002817,           0.0002817
                 213,            0.035698,            0.029802,           0.0019903,                   0,             0.61008,             0.76324,             0.75459,             0.78833,             0.38545,            0.025443,            0.010884,          0.00073552,                   0,                   0,          0.00027793,          0.00027793,          0.00027793
                 214,            0.035408,            0.018168,          0.00043304,                   0,             0.58044,             0.77628,             0.76117,             0.80662,              0.3967,            0.024979,            0.010823,           0.0007264,                   0,                   0,          0.00027419,          0.00027419,          0.00027419
                 215,            0.033326,            0.020476,          0.00050685,                   0,             0.58462,             0.75862,             0.76262,             0.78945,             0.39291,            0.024916,            0.010809,          0.00072359,                   0,                   0,          0.00027048,          0.00027048,          0.00027048
                 216,            0.037505,            0.020834,          0.00060909,                   0,             0.58647,             0.76439,             0.75972,             0.78505,             0.38812,            0.024997,             0.01084,          0.00072944,                   0,                   0,          0.00026681,          0.00026681,          0.00026681
                 217,            0.035985,            0.024275,          0.00043675,                   0,             0.59549,             0.78103,             0.76274,             0.79445,             0.39086,            0.025157,            0.010976,          0.00074821,                   0,                   0,          0.00026316,          0.00026316,          0.00026316
                 218,             0.04329,            0.024008,          0.00088658,                   0,             0.59133,             0.79476,             0.75634,             0.79924,             0.39654,             0.02492,            0.010982,            0.000745,                   0,                   0,          0.00025954,          0.00025954,          0.00025954
                 219,             0.03687,            0.021143,          0.00041685,                   0,             0.60316,             0.77506,             0.75826,              0.7978,             0.38744,             0.02492,             0.01087,          0.00072846,                   0,                   0,          0.00025596,          0.00025596,          0.00025596
                 220,            0.047531,            0.030433,          0.00087668,                   0,              0.5986,             0.76043,             0.75474,             0.78715,             0.38686,             0.02493,            0.010866,          0.00073821,                   0,                   0,          0.00025241,          0.00025241,          0.00025241
                 221,            0.039917,            0.035992,          0.00049036,                   0,             0.59924,             0.76328,             0.75314,             0.78314,             0.39038,            0.024867,            0.010986,          0.00074244,                   0,                   0,          0.00024889,          0.00024889,          0.00024889
                 222,            0.030498,            0.020728,          0.00047746,                   0,             0.59389,             0.79716,             0.75718,             0.81286,             0.40119,            0.024695,            0.010795,          0.00072737,                   0,                   0,          0.00024541,          0.00024541,          0.00024541
                 223,            0.038218,            0.024506,          0.00042697,                   0,             0.58611,             0.77288,             0.75477,             0.79855,             0.39377,            0.024932,            0.010858,          0.00072603,                   0,                   0,          0.00024195,          0.00024195,          0.00024195
                 224,              0.0405,            0.012679,          0.00056878,                   0,             0.58509,             0.78836,             0.76381,             0.80137,             0.39557,            0.024806,            0.010866,          0.00072355,                   0,                   0,          0.00023854,          0.00023854,          0.00023854
                 225,            0.040437,            0.054072,           0.0012141,                   0,             0.60805,             0.78242,             0.76997,             0.79961,             0.39621,            0.024681,             0.01085,          0.00073023,                   0,                   0,          0.00023515,          0.00023515,          0.00023515
                 226,            0.042585,            0.028959,           0.0017843,                   0,             0.60481,             0.78515,             0.77287,             0.80163,             0.39606,            0.024752,            0.010793,          0.00072053,                   0,                   0,           0.0002318,           0.0002318,           0.0002318
                 227,            0.038621,            0.023966,          0.00041294,                   0,             0.59815,             0.79339,             0.77708,             0.81019,             0.40035,            0.024621,            0.010733,          0.00071958,                   0,                   0,          0.00022849,          0.00022849,          0.00022849
                 228,            0.036235,            0.020923,          0.00018059,                   0,             0.58437,             0.79077,             0.78169,             0.81082,              0.4033,            0.024971,            0.010731,          0.00072913,                   0,                   0,          0.00022521,          0.00022521,          0.00022521
                 229,            0.044732,            0.031058,          0.00035994,                   0,             0.59499,             0.77123,             0.77214,             0.79579,             0.39875,            0.024915,             0.01075,          0.00071916,                   0,                   0,          0.00022196,          0.00022196,          0.00022196
                 230,            0.035532,             0.03178,          0.00068423,                   0,             0.60276,             0.77851,               0.778,             0.79308,             0.38916,            0.024753,            0.010696,          0.00071159,                   0,                   0,          0.00021876,          0.00021876,          0.00021876
                 231,            0.035745,            0.012154,          0.00039073,                   0,             0.59854,              0.7922,             0.77716,             0.80971,             0.39451,            0.024855,            0.010716,          0.00071395,                   0,                   0,          0.00021558,          0.00021558,          0.00021558
                 232,             0.03556,            0.025066,          0.00072337,                   0,             0.59747,             0.78785,             0.78091,             0.81806,             0.40021,            0.024785,            0.010674,          0.00070177,                   0,                   0,          0.00021245,          0.00021245,          0.00021245
                 233,            0.039223,            0.014664,          0.00030672,                   0,             0.58468,             0.78767,             0.75826,              0.8025,             0.39911,            0.024706,            0.010717,          0.00071354,                   0,                   0,          0.00020935,          0.00020935,          0.00020935
                 234,            0.040142,             0.01804,          0.00094404,                   0,             0.58417,             0.79533,             0.76158,             0.81006,              0.3987,            0.024975,            0.010752,          0.00071661,                   0,                   0,          0.00020629,          0.00020629,          0.00020629
                 235,             0.03765,            0.027854,          0.00076097,                   0,             0.60233,             0.80735,             0.76221,             0.81613,             0.39796,             0.02497,            0.010751,          0.00070585,                   0,                   0,          0.00020327,          0.00020327,          0.00020327
                 236,             0.03502,            0.021598,          0.00029235,                   0,             0.59587,             0.79885,             0.77096,             0.80519,             0.39241,            0.025182,            0.010787,          0.00071596,                   0,                   0,          0.00020028,          0.00020028,          0.00020028
                 237,             0.03865,            0.025971,          0.00071766,                   0,             0.59981,              0.7698,               0.773,             0.80362,             0.39232,            0.024942,            0.010821,          0.00073072,                   0,                   0,          0.00019734,          0.00019734,          0.00019734
                 238,            0.027976,            0.018122,          0.00038362,                   0,             0.59548,             0.75244,             0.76629,             0.79307,             0.38548,            0.025206,            0.010972,          0.00073942,                   0,                   0,          0.00019443,          0.00019443,          0.00019443
                 239,            0.046556,            0.020244,           0.0022766,                   0,             0.59016,             0.75565,             0.77433,             0.79382,             0.38926,            0.025151,            0.010944,          0.00072882,                   0,                   0,          0.00019156,          0.00019156,          0.00019156
                 240,            0.045136,            0.023769,           0.0082195,                   0,             0.59713,             0.76775,             0.74168,             0.78872,             0.39079,            0.024887,            0.010983,           0.0007258,                   0,                   0,          0.00018873,          0.00018873,          0.00018873
                 241,            0.035075,            0.020367,          0.00045042,                   0,             0.58712,             0.75667,             0.74554,             0.78276,             0.39275,            0.024923,             0.01097,          0.00071955,                   0,                   0,          0.00018594,          0.00018594,          0.00018594
                 242,            0.040343,            0.020295,          0.00071639,                   0,             0.58345,             0.75012,             0.71515,             0.78131,             0.39241,            0.024913,             0.01091,          0.00072507,                   0,                   0,          0.00018319,          0.00018319,          0.00018319
                 243,            0.039539,            0.018381,          0.00098075,                   0,             0.59019,             0.76771,             0.74691,             0.78487,             0.39222,            0.025141,            0.010911,            0.000718,                   0,                   0,          0.00018048,          0.00018048,          0.00018048
                 244,            0.039911,             0.02165,          0.00052859,                   0,             0.57887,             0.76378,             0.73406,              0.7861,             0.39547,            0.024817,            0.010945,          0.00073121,                   0,                   0,          0.00017781,          0.00017781,          0.00017781
                 245,            0.035571,            0.021779,          0.00036711,                   0,             0.60012,             0.77181,             0.74548,             0.79039,             0.39136,            0.024687,            0.010898,          0.00072283,                   0,                   0,          0.00017519,          0.00017519,          0.00017519
                 246,            0.033234,            0.011952,          0.00026511,                   0,             0.58712,             0.77755,             0.74656,             0.78399,             0.38496,            0.024779,            0.010866,          0.00071927,                   0,                   0,           0.0001726,           0.0001726,           0.0001726
                 247,            0.034566,            0.028169,            0.000512,                   0,             0.60425,             0.78922,             0.76166,             0.79052,             0.38342,            0.024889,            0.010798,          0.00070249,                   0,                   0,          0.00017005,          0.00017005,          0.00017005
                 248,            0.040987,            0.024797,           0.0010039,                   0,             0.59083,             0.76917,             0.76629,             0.79081,             0.38646,            0.024853,            0.010809,          0.00070489,                   0,                   0,          0.00016755,          0.00016755,          0.00016755
                 249,            0.034983,            0.019858,           0.0012513,                   0,             0.58925,             0.79098,             0.76339,             0.79498,             0.38892,            0.024636,            0.010739,          0.00070008,                   0,                   0,          0.00016509,          0.00016509,          0.00016509
                 250,            0.034177,            0.011164,          0.00098277,                   0,             0.58776,             0.80287,             0.76401,             0.80105,             0.39159,            0.024709,            0.010734,          0.00069303,                   0,                   0,          0.00016267,          0.00016267,          0.00016267
                 251,            0.036118,             0.01507,           0.0007746,                   0,             0.58917,             0.80134,             0.75757,             0.79974,             0.39238,            0.024645,            0.010696,           0.0006977,                   0,                   0,          0.00016029,          0.00016029,          0.00016029
                 252,            0.049798,            0.036978,          0.00059083,                   0,             0.59248,             0.79159,             0.77142,             0.79748,              0.3931,             0.02473,            0.010678,          0.00069785,                   0,                   0,          0.00015795,          0.00015795,          0.00015795
                 253,            0.039592,            0.019918,          0.00091924,                   0,             0.59161,             0.79272,             0.75729,             0.79861,             0.38606,            0.024738,            0.010718,          0.00070007,                   0,                   0,          0.00015566,          0.00015566,          0.00015566
                 254,            0.044245,            0.030086,          0.00057416,                   0,             0.59767,              0.7928,             0.76775,             0.80063,             0.39256,             0.02467,            0.010797,          0.00070059,                   0,                   0,          0.00015341,          0.00015341,          0.00015341
                 255,            0.052727,            0.041438,          0.00087648,                   0,             0.60559,             0.78413,             0.76775,             0.78915,             0.39411,            0.024691,            0.010821,          0.00070498,                   0,                   0,          0.00015121,          0.00015121,          0.00015121
                 256,            0.045018,            0.051545,           0.0011314,                   0,             0.61199,             0.79354,             0.76454,              0.8047,             0.39829,            0.024694,            0.010765,           0.0007089,                   0,                   0,          0.00014905,          0.00014905,          0.00014905
                 257,            0.040528,            0.027241,          0.00056981,                   0,             0.60176,             0.78209,             0.76117,             0.79769,             0.39802,            0.024809,            0.010885,          0.00071111,                   0,                   0,          0.00014693,          0.00014693,          0.00014693
                 258,            0.031737,            0.021634,           0.0009637,                   0,             0.59741,             0.80424,             0.76025,             0.79363,             0.39805,            0.024824,            0.010886,          0.00070893,                   0,                   0,          0.00014486,          0.00014486,          0.00014486
                 259,            0.037053,            0.016468,          0.00099669,                   0,              0.5937,             0.80441,              0.7694,             0.80198,               0.394,            0.024859,            0.010847,          0.00069605,                   0,                   0,          0.00014283,          0.00014283,          0.00014283
                 260,            0.030051,            0.021505,          0.00070197,                   0,             0.59615,             0.81725,             0.77497,             0.79903,             0.39344,            0.024907,            0.010813,          0.00068722,                   0,                   0,          0.00014084,          0.00014084,          0.00014084
                 261,            0.040845,            0.032439,          0.00099209,                   0,             0.58586,             0.79943,             0.77723,             0.80103,             0.39891,            0.024728,            0.010717,          0.00069314,                   0,                   0,           0.0001389,           0.0001389,           0.0001389
                 262,            0.032033,            0.018432,          0.00044838,                   0,             0.59482,             0.78393,             0.77126,             0.79576,             0.38984,            0.024995,            0.010744,          0.00069253,                   0,                   0,          0.00013701,          0.00013701,          0.00013701
                 263,            0.036988,            0.026912,          0.00027675,                   0,             0.59255,             0.77766,             0.76339,              0.7866,             0.38841,            0.024973,            0.010714,          0.00068886,                   0,                   0,          0.00013516,          0.00013516,          0.00013516
                 264,            0.042269,            0.022541,          0.00055136,                   0,             0.59022,             0.78245,             0.76765,             0.79179,             0.38833,             0.02483,            0.010748,          0.00069592,                   0,                   0,          0.00013336,          0.00013336,          0.00013336
                 265,            0.041923,            0.015295,            0.001011,                   0,             0.58758,             0.79159,             0.75826,              0.7895,             0.39031,            0.024757,            0.010748,          0.00070115,                   0,                   0,           0.0001316,           0.0001316,           0.0001316
                 266,            0.041125,            0.024845,          0.00049614,                   0,             0.60645,             0.78332,             0.75826,             0.77213,             0.38312,            0.024909,            0.010731,          0.00069132,                   0,                   0,          0.00012989,          0.00012989,          0.00012989
                 267,            0.036839,            0.031696,           0.0004077,                   0,              0.6037,             0.79995,             0.76775,              0.7992,             0.38898,             0.02489,            0.010693,          0.00069212,                   0,                   0,          0.00012822,          0.00012822,          0.00012822
                 268,            0.028796,            0.015249,           0.0020139,                   0,             0.59565,             0.79018,             0.76728,             0.78852,             0.37979,            0.025067,            0.010744,          0.00070462,                   0,                   0,           0.0001266,           0.0001266,           0.0001266
                 269,            0.033148,            0.021169,           0.0014329,                   0,             0.59299,             0.79569,             0.76484,             0.79525,             0.39327,            0.024662,            0.010755,          0.00069293,                   0,                   0,          0.00012503,          0.00012503,          0.00012503
                 270,            0.039947,            0.034995,           0.0007959,                   0,             0.60118,             0.78279,             0.75977,             0.79495,             0.39356,             0.02457,            0.010759,          0.00069791,                   0,                   0,           0.0001235,           0.0001235,           0.0001235
                 271,            0.043004,            0.032292,          0.00088544,                   0,             0.60077,             0.78834,             0.76117,             0.79331,             0.39167,            0.024607,            0.010752,          0.00070262,                   0,                   0,          0.00012202,          0.00012202,          0.00012202
                 272,            0.039967,            0.021812,           0.0023839,                   0,             0.59769,             0.78966,             0.76262,             0.79231,              0.3894,            0.024557,            0.010693,          0.00070016,                   0,                   0,          0.00012059,          0.00012059,          0.00012059
                 273,            0.036075,            0.028761,            0.001124,                   0,             0.59492,             0.77696,             0.76262,             0.78881,             0.38702,             0.02469,            0.010744,          0.00070075,                   0,                   0,          0.00011921,          0.00011921,          0.00011921
                 274,            0.039582,             0.02316,          0.00038989,                   0,             0.58902,              0.8151,             0.77065,             0.81009,             0.40201,            0.024585,            0.010709,          0.00070322,                   0,                   0,          0.00011787,          0.00011787,          0.00011787
                 275,            0.031279,            0.023157,          0.00042577,                   0,             0.59459,             0.82111,             0.77714,             0.80746,             0.40254,            0.024503,            0.010754,          0.00069962,                   0,                   0,          0.00011658,          0.00011658,          0.00011658
                 276,            0.035375,            0.017072,           0.0011906,                   0,             0.58624,             0.79989,             0.76117,             0.80306,             0.39463,            0.024528,            0.010705,          0.00069853,                   0,                   0,          0.00011533,          0.00011533,          0.00011533
                 277,            0.044908,             0.02254,          0.00064783,                   0,             0.59857,             0.79448,             0.75884,             0.79754,             0.38693,            0.024623,            0.010633,          0.00069386,                   0,                   0,          0.00011414,          0.00011414,          0.00011414
                 278,             0.03226,            0.018012,          0.00044366,                   0,             0.59955,              0.7923,             0.76262,             0.80166,             0.39043,            0.024626,            0.010712,          0.00070184,                   0,                   0,          0.00011299,          0.00011299,          0.00011299
                 279,            0.040736,            0.026306,          0.00041663,                   0,             0.58882,             0.78814,             0.74946,             0.80333,             0.39464,            0.024591,            0.010769,          0.00069428,                   0,                   0,          0.00011189,          0.00011189,          0.00011189
                 280,            0.039634,            0.019209,          0.00041757,                   0,             0.59634,             0.77031,             0.75535,             0.79215,             0.39099,            0.024861,            0.010853,          0.00070592,                   0,                   0,          0.00011084,          0.00011084,          0.00011084
                 281,            0.051824,            0.026252,          0.00049758,                   0,             0.58211,             0.79422,             0.75459,             0.80178,             0.39344,            0.024748,            0.010698,          0.00068858,                   0,                   0,          0.00010983,          0.00010983,          0.00010983
                 282,            0.034278,            0.011173,           0.0013464,                   0,             0.58371,             0.79292,             0.76309,             0.79475,             0.39565,             0.02477,            0.010719,          0.00069488,                   0,                   0,          0.00010888,          0.00010888,          0.00010888
                 283,            0.040538,            0.019437,          0.00061242,                   0,             0.58478,             0.79151,             0.75991,             0.79056,             0.39249,            0.024823,            0.010808,          0.00070046,                   0,                   0,          0.00010797,          0.00010797,          0.00010797
                 284,            0.039356,            0.027025,          0.00078347,                   0,             0.60424,             0.79414,             0.76407,             0.79593,             0.39642,             0.02466,             0.01072,          0.00068896,                   0,                   0,          0.00010711,          0.00010711,          0.00010711
                 285,             0.03767,            0.026813,          0.00059055,                   0,             0.59284,             0.79119,              0.7692,             0.80246,             0.39313,            0.024602,            0.010638,          0.00068373,                   0,                   0,           0.0001063,           0.0001063,           0.0001063
                 286,            0.039551,            0.023993,          0.00041008,                   0,             0.60642,             0.79684,             0.75848,             0.79998,             0.38919,              0.0248,             0.01067,          0.00068667,                   0,                   0,          0.00010554,          0.00010554,          0.00010554
                 287,            0.045309,            0.033594,          0.00065203,                   0,              0.6056,             0.77916,             0.75517,             0.79077,             0.39096,             0.02482,            0.010654,          0.00067679,                   0,                   0,          0.00010483,          0.00010483,          0.00010483
                 288,            0.038666,             0.03027,           0.0005774,                   0,             0.60298,             0.77243,             0.74156,             0.80147,              0.3925,             0.02462,            0.010775,           0.0006869,                   0,                   0,          0.00010416,          0.00010416,          0.00010416
                 289,            0.038977,             0.02182,          0.00046207,                   0,             0.59482,             0.80607,             0.74888,             0.81406,             0.40024,            0.024751,            0.010709,          0.00068603,                   0,                   0,          0.00010355,          0.00010355,          0.00010355
                 290,            0.041518,            0.023236,          0.00050095,                   0,             0.58832,             0.76768,             0.75205,             0.79227,             0.39127,            0.024856,            0.010815,          0.00069605,                   0,                   0,          0.00010298,          0.00010298,          0.00010298
                 291,            0.038279,            0.029268,          0.00046305,                   0,                 0.6,             0.76973,             0.77517,             0.80062,             0.38876,            0.024936,             0.01078,          0.00069255,                   0,                   0,          0.00010247,          0.00010247,          0.00010247
                 292,            0.043733,            0.019878,          0.00057167,                   0,             0.58392,             0.80137,             0.75484,             0.80567,             0.40003,            0.024738,            0.010688,          0.00068236,                   0,                   0,            0.000102,            0.000102,            0.000102
                 293,            0.034491,            0.021855,          0.00030759,                   0,             0.59053,              0.7878,             0.74946,             0.79695,             0.39586,            0.024811,            0.010743,          0.00067598,                   0,                   0,          0.00010158,          0.00010158,          0.00010158
                 294,            0.051772,            0.030447,          0.00070247,                   0,             0.59378,             0.79782,             0.75972,             0.78822,             0.39141,            0.024915,            0.010709,            0.000678,                   0,                   0,          0.00010121,          0.00010121,          0.00010121
                 295,            0.048654,            0.019805,            0.004505,                   0,             0.58722,             0.78274,             0.75767,             0.79296,             0.38814,            0.024774,            0.010642,          0.00067169,                   0,                   0,          0.00010089,          0.00010089,          0.00010089
                 296,            0.043267,            0.045091,          0.00092251,                   0,             0.59746,              0.8034,             0.77156,             0.80345,             0.39208,            0.024735,            0.010698,          0.00067572,                   0,                   0,          0.00010062,          0.00010062,          0.00010062
                 297,            0.035306,            0.021597,          0.00062379,                   0,             0.58273,             0.77621,              0.7603,             0.78749,             0.39127,            0.024697,            0.010663,          0.00067646,                   0,                   0,          0.00010039,          0.00010039,          0.00010039
                 298,            0.045261,            0.021487,          0.00023467,                   0,             0.59131,             0.79371,              0.7624,             0.79425,             0.39577,            0.024697,             0.01068,          0.00068038,                   0,                   0,          0.00010022,          0.00010022,          0.00010022
                 299,            0.050324,            0.027413,           0.0074366,                   0,             0.60252,             0.79259,             0.77433,             0.80052,             0.40286,            0.024611,            0.010692,          0.00067331,                   0,                   0,           0.0001001,           0.0001001,           0.0001001
