               epoch,      train/box_loss,      train/obj_loss,      train/cls_loss,     train/lmmd_loss,       train/fg_loss,   metrics/precision,      metrics/recall,     metrics/mAP_0.5,metrics/mAP_0.5:0.95,        val/box_loss,        val/obj_loss,        val/cls_loss,       val/lmmd_loss,         val/fg_loss,               x/lr0,               x/lr1,               x/lr2
                   0,             0.11135,            0.026215,            0.016898,                   0,             0.64988,          0.00022596,            0.038095,          0.00012775,          1.8854e-05,             0.11896,            0.017892,            0.015483,                   0,                   0,            0.097723,             2.3e-05,             2.3e-05
                   1,             0.12319,            0.023151,            0.015975,                   0,              0.6834,          0.00026509,            0.052381,          0.00015892,          3.3476e-05,             0.11545,            0.016479,             0.01474,                   0,                   0,            0.095347,          4.6999e-05,          4.6999e-05
                   2,             0.10634,            0.022576,            0.014665,                   0,             0.70286,           0.0004015,            0.085714,          0.00029813,          5.2068e-05,              0.1128,            0.015797,            0.014239,                   0,                   0,            0.092971,          7.0993e-05,          7.0993e-05
                   3,            0.099078,             0.05372,            0.012274,                   0,             0.62466,          0.00069588,             0.12587,          0.00065677,          0.00012892,              0.1106,            0.015374,            0.013739,                   0,                   0,            0.090595,          9.4979e-05,          9.4979e-05
                   4,            0.086964,            0.016104,           0.0094876,                   0,             0.59929,          0.00089347,             0.16872,           0.0019506,          0.00037696,             0.10717,            0.015394,            0.013351,                   0,                   0,            0.088219,          0.00011895,          0.00011895
                   5,             0.10602,            0.050832,             0.01512,                   0,              0.6642,          0.00098479,             0.18777,           0.0050221,           0.0010568,             0.10508,            0.015418,            0.013048,                   0,                   0,            0.085843,          0.00014291,          0.00014291
                   6,             0.10448,            0.011255,            0.012558,                   0,             0.65159,          0.00075449,             0.17619,            0.011639,           0.0030315,             0.10252,            0.015638,            0.012753,                   0,                   0,            0.083467,          0.00016685,          0.00016685
                   7,            0.094313,            0.039462,            0.010853,                   0,             0.69005,           0.0010739,             0.20206,            0.038521,            0.010382,            0.099491,            0.015858,             0.01252,                   0,                   0,            0.081091,          0.00019077,          0.00019077
                   8,             0.09212,           0.0098324,           0.0092447,                   0,             0.60779,          0.00088521,             0.20952,             0.10474,            0.032056,            0.096212,            0.015985,            0.012284,                   0,                   0,            0.078715,          0.00021466,          0.00021466
                   9,             0.08867,            0.038729,            0.012532,                   0,             0.65365,          0.00091593,             0.21905,             0.12511,             0.03587,             0.09623,            0.015948,            0.012182,                   0,                   0,            0.076339,          0.00023852,          0.00023852
                  10,            0.088121,            0.045351,           0.0089825,                   0,             0.62917,           0.0010097,             0.24286,             0.12998,            0.039651,            0.095304,            0.015972,            0.012012,                   0,                   0,            0.073962,          0.00026235,          0.00026235
                  11,            0.064953,            0.027681,            0.007777,                   0,             0.65422,            0.001025,             0.24762,             0.17112,             0.05911,            0.093358,             0.01612,            0.011878,                   0,                   0,            0.071586,          0.00028614,          0.00028614
                  12,             0.06654,            0.029543,             0.00736,                   0,             0.63666,           0.0010272,             0.24762,             0.18111,             0.05687,            0.092442,            0.016292,            0.011733,                   0,                   0,             0.06921,           0.0003099,           0.0003099
                  13,               0.111,            0.013269,            0.023863,                   0,             0.62474,             0.53826,             0.20952,             0.17804,            0.064784,            0.089823,            0.016432,            0.011511,                   0,                   0,            0.066834,          0.00033361,          0.00033361
                  14,             0.08588,            0.011325,           0.0078543,                   0,             0.58678,             0.66183,             0.19048,             0.16055,            0.050241,            0.088747,             0.01651,            0.011439,                   0,                   0,            0.064457,          0.00035727,          0.00035727
                  15,            0.082747,            0.022583,           0.0076538,                   0,             0.66496,             0.79054,             0.18095,             0.17546,            0.058996,            0.087874,            0.016602,            0.011371,                   0,                   0,            0.062081,          0.00038088,          0.00038088
                  16,            0.070321,            0.025519,           0.0093334,                   0,             0.65109,             0.86808,             0.19048,             0.19292,            0.080296,            0.086307,            0.016669,              0.0113,                   0,                   0,            0.059704,          0.00040444,          0.00040444
                  17,            0.076048,            0.033541,            0.009948,                   0,              0.6712,             0.89698,             0.18351,              0.1979,            0.092323,            0.084432,             0.01682,            0.011238,                   0,                   0,            0.057328,          0.00042793,          0.00042793
                  18,            0.069405,            0.049831,           0.0089321,                   0,             0.66575,             0.96514,              0.1271,             0.20657,            0.095429,            0.082302,            0.016957,            0.011196,                   0,                   0,            0.054951,          0.00045137,          0.00045137
                  19,            0.042073,            0.011839,           0.0035046,                   0,             0.58967,                   1,             0.11101,              0.2096,            0.094538,            0.082022,            0.016915,              0.0111,                   0,                   0,            0.052575,          0.00047475,          0.00047475
                  20,            0.056811,            0.030146,           0.0066307,                   0,             0.63454,             0.96725,             0.11429,             0.21846,             0.10572,            0.080958,            0.016901,            0.011013,                   0,                   0,            0.050198,          0.00049805,          0.00049805
                  21,            0.071495,            0.038898,           0.0080201,                   0,             0.67452,             0.96135,             0.15238,             0.21822,            0.085723,             0.08002,            0.016804,            0.010893,                   0,                   0,            0.047821,          0.00052129,          0.00052129
                  22,            0.094507,            0.018682,           0.0077004,                   0,             0.65364,             0.83718,             0.18095,              0.2003,            0.088294,            0.078367,            0.016607,             0.01079,                   0,                   0,            0.045444,          0.00054445,          0.00054445
                  23,            0.076093,            0.060577,           0.0081422,                   0,              0.6781,              0.7708,             0.18095,             0.16789,            0.061839,            0.079921,             0.01615,            0.010688,                   0,                   0,            0.043068,          0.00056753,          0.00056753
                  24,            0.062242,            0.011792,            0.005655,                   0,             0.62828,             0.73808,             0.19046,             0.15797,            0.065673,            0.079299,            0.015978,            0.010571,                   0,                   0,            0.040691,          0.00059053,          0.00059053
                  25,            0.062594,            0.019825,            0.014697,                   0,             0.64696,             0.77341,              0.1619,             0.16034,            0.079405,            0.078736,            0.015909,            0.010635,                   0,                   0,            0.038313,          0.00061345,          0.00061345
                  26,            0.076626,            0.025637,            0.010782,                   0,             0.65385,             0.77159,             0.15714,             0.15415,            0.072116,            0.075377,            0.015734,            0.010623,                   0,                   0,            0.035936,          0.00063627,          0.00063627
                  27,            0.064405,            0.016602,            0.006438,                   0,             0.63689,              0.7532,             0.17619,              0.1717,            0.072264,            0.074877,            0.015473,            0.010485,                   0,                   0,            0.033559,          0.00065901,          0.00065901
                  28,            0.058927,            0.016607,           0.0072596,                   0,             0.63206,             0.78516,                 0.2,              0.1984,             0.10798,            0.073284,            0.015365,            0.010404,                   0,                   0,            0.031182,          0.00068165,          0.00068165
                  29,             0.06238,            0.021961,           0.0055182,                   0,             0.65237,              0.8312,             0.19524,              0.2111,             0.10792,            0.074895,            0.015061,            0.010331,                   0,                   0,            0.028804,          0.00070419,          0.00070419
                  30,            0.067702,            0.025199,           0.0082123,                   0,             0.65343,             0.77539,             0.20476,              0.2059,            0.094085,            0.072668,            0.015345,            0.010347,                   0,                   0,            0.026427,          0.00072664,          0.00072664
                  31,            0.088882,            0.056156,            0.012489,                   0,             0.69985,             0.80192,              0.2105,             0.22064,             0.10334,            0.071382,             0.01543,            0.010244,                   0,                   0,            0.024049,          0.00074897,          0.00074897
                  32,            0.076769,            0.034776,           0.0083893,                   0,             0.66847,             0.88299,             0.20952,             0.23375,             0.14121,            0.070262,            0.015514,            0.010192,                   0,                   0,            0.021671,           0.0007712,           0.0007712
                  33,            0.079362,            0.017593,            0.017751,                   0,             0.71444,             0.90713,             0.20952,              0.2406,             0.14392,            0.071111,            0.015545,            0.010241,                   0,                   0,            0.019293,          0.00079332,          0.00079332
                  34,            0.068041,            0.021304,           0.0071251,                   0,             0.61319,             0.84449,             0.23333,              0.2407,             0.13819,            0.068091,            0.015736,            0.010363,                   0,                   0,            0.016915,          0.00081532,          0.00081532
                  35,            0.067692,            0.030587,           0.0077648,                   0,             0.69043,              0.8498,             0.23333,             0.24548,             0.13986,            0.066127,            0.015902,            0.010449,                   0,                   0,            0.014537,          0.00083721,          0.00083721
                  36,            0.054827,            0.018736,           0.0064653,                   0,             0.61825,             0.85753,              0.2381,             0.24953,             0.13617,            0.065991,            0.016143,             0.01036,                   0,                   0,            0.012159,          0.00085897,          0.00085897
                  37,            0.050956,            0.020003,           0.0039258,                   0,             0.63783,             0.87119,              0.2381,             0.25223,             0.13263,            0.063396,            0.016038,            0.010296,                   0,                   0,           0.0097806,          0.00088061,          0.00088061
                  38,            0.061644,            0.023033,           0.0049558,                   0,             0.63082,             0.88952,             0.23505,             0.26044,             0.14838,            0.063822,            0.016029,            0.010278,                   0,                   0,           0.0074021,          0.00090212,          0.00090212
                  39,            0.065998,            0.053659,           0.0076486,                   0,               0.676,             0.89491,             0.24286,             0.26645,             0.16435,            0.061373,            0.016026,            0.010319,                   0,                   0,           0.0050235,          0.00092351,          0.00092351
                  40,            0.057918,            0.014158,            0.011243,                   0,             0.64457,             0.90386,              0.2381,             0.27103,             0.15113,             0.06146,            0.015874,            0.010352,                   0,                   0,           0.0026448,          0.00094476,          0.00094476
                  41,             0.04248,            0.026076,           0.0034184,                   0,             0.61907,             0.92595,             0.24654,             0.28015,             0.14971,            0.062288,            0.015863,             0.01042,                   0,                   0,          0.00095916,          0.00095916,          0.00095916
                  42,            0.048369,            0.022872,           0.0042334,                   0,             0.67844,             0.92602,              0.2381,             0.28025,              0.1589,            0.058453,            0.015778,            0.010356,                   0,                   0,          0.00095916,          0.00095916,          0.00095916
                  43,            0.066556,            0.014728,            0.016738,                   0,             0.67371,             0.97103,             0.24286,             0.29002,             0.14435,             0.06032,            0.015519,            0.010429,                   0,                   0,          0.00095717,          0.00095717,          0.00095717
                  44,            0.046342,            0.025143,           0.0062143,                   0,             0.62119,             0.95402,             0.25153,             0.29817,             0.17915,            0.057661,            0.015503,            0.010432,                   0,                   0,          0.00095514,          0.00095514,          0.00095514
                  45,            0.054703,             0.01788,            0.004372,                   0,             0.64721,             0.97297,             0.25339,             0.30031,             0.17425,            0.057226,             0.01533,             0.01046,                   0,                   0,          0.00095307,          0.00095307,          0.00095307
                  46,            0.049469,            0.013311,           0.0036185,                   0,             0.58352,             0.99054,             0.25064,             0.30456,             0.17954,            0.054905,             0.01512,            0.010307,                   0,                   0,          0.00095095,          0.00095095,          0.00095095
                  47,            0.047837,            0.023271,           0.0062333,                   0,             0.62887,             0.81768,             0.25678,             0.31244,             0.16683,            0.055043,            0.014924,            0.010112,                   0,                   0,          0.00094879,          0.00094879,          0.00094879
                  48,            0.055358,             0.01566,           0.0044418,                   0,             0.65811,             0.82022,             0.25697,             0.31767,             0.18524,             0.05437,            0.014598,            0.010058,                   0,                   0,          0.00094659,          0.00094659,          0.00094659
                  49,            0.050059,            0.026399,           0.0057415,                   0,              0.6444,             0.81821,             0.28026,             0.31872,              0.1625,            0.053454,            0.014469,           0.0098513,                   0,                   0,          0.00094434,          0.00094434,          0.00094434
                  50,            0.055025,            0.021649,           0.0054704,                   0,             0.66448,             0.78317,             0.28313,             0.32318,             0.19032,            0.052747,            0.014296,           0.0096715,                   0,                   0,          0.00094205,          0.00094205,          0.00094205
                  51,            0.049993,            0.024144,           0.0065079,                   0,             0.68745,             0.90401,             0.27425,             0.32862,             0.17322,            0.053964,            0.014068,           0.0095279,                   0,                   0,          0.00093971,          0.00093971,          0.00093971
                  52,            0.051779,            0.015907,           0.0053981,                   0,             0.65964,             0.83729,             0.28313,             0.33364,             0.19008,            0.051823,            0.013816,           0.0093209,                   0,                   0,          0.00093733,          0.00093733,          0.00093733
                  53,            0.044429,            0.016895,            0.017847,                   0,             0.64052,             0.81526,              0.2893,              0.3433,             0.20725,            0.051365,            0.013652,           0.0091369,                   0,                   0,          0.00093491,          0.00093491,          0.00093491
                  54,            0.038813,            0.019652,           0.0033242,                   0,             0.61241,             0.86013,             0.29406,             0.34598,             0.17017,            0.051693,            0.013484,           0.0088996,                   0,                   0,          0.00093245,          0.00093245,          0.00093245
                  55,            0.039659,            0.024845,           0.0038082,                   0,              0.6219,             0.85568,             0.29406,             0.34871,             0.21127,             0.05015,            0.013459,           0.0087683,                   0,                   0,          0.00092995,          0.00092995,          0.00092995
                  56,            0.041021,            0.014195,           0.0025982,                   0,              0.6377,             0.81567,             0.29406,             0.35854,             0.20473,            0.049972,            0.013284,           0.0086781,                   0,                   0,           0.0009274,           0.0009274,           0.0009274
                  57,            0.054732,            0.021474,           0.0057597,                   0,             0.59847,             0.80009,             0.29548,             0.36341,             0.20022,            0.049202,            0.013178,           0.0085116,                   0,                   0,          0.00092481,          0.00092481,          0.00092481
                  58,            0.043336,            0.022566,           0.0042279,                   0,             0.61597,             0.56643,              0.3585,             0.36972,             0.22205,            0.049022,            0.012987,           0.0082616,                   0,                   0,          0.00092219,          0.00092219,          0.00092219
                  59,            0.040722,            0.016046,            0.005993,                   0,             0.63893,              0.8314,             0.30088,             0.37124,             0.21406,            0.048507,            0.012917,           0.0079748,                   0,                   0,          0.00091952,          0.00091952,          0.00091952
                  60,            0.046041,            0.040649,           0.0046043,                   0,             0.65308,             0.57707,             0.35206,             0.37629,             0.21659,            0.048094,            0.012857,           0.0078682,                   0,                   0,          0.00091681,          0.00091681,          0.00091681
                  61,            0.056094,            0.013177,            0.011905,                   0,             0.66225,             0.65463,             0.35026,              0.3863,             0.23005,            0.047989,             0.01254,           0.0076267,                   0,                   0,          0.00091406,          0.00091406,          0.00091406
                  62,            0.042147,            0.038019,           0.0052721,                   0,             0.66095,             0.67749,             0.35185,             0.38937,             0.22794,            0.048164,            0.012387,           0.0074589,                   0,                   0,          0.00091127,          0.00091127,          0.00091127
                  63,            0.045249,            0.014665,           0.0027238,                   0,             0.61008,             0.69768,             0.35438,              0.3908,              0.2209,             0.04828,            0.012291,           0.0072409,                   0,                   0,          0.00090844,          0.00090844,          0.00090844
                  64,            0.050886,            0.015016,           0.0074802,                   0,             0.65066,             0.73279,             0.34918,             0.39781,             0.23325,            0.046981,            0.012366,           0.0069855,                   0,                   0,          0.00090557,          0.00090557,          0.00090557
                  65,             0.05863,             0.01319,            0.005853,                   0,             0.62501,             0.74571,             0.34615,              0.4054,              0.2312,            0.046763,             0.01228,           0.0067492,                   0,                   0,          0.00090266,          0.00090266,          0.00090266
                  66,            0.024743,            0.010142,           0.0024611,                   0,             0.61163,               0.763,             0.34384,             0.40464,             0.23456,            0.046291,            0.012313,           0.0064031,                   0,                   0,          0.00089972,          0.00089972,          0.00089972
                  67,             0.04235,           0.0093775,           0.0028471,                   0,             0.60951,             0.72092,             0.35438,             0.40852,             0.22326,            0.048271,            0.012156,           0.0062866,                   0,                   0,          0.00089673,          0.00089673,          0.00089673
                  68,            0.049787,            0.012124,           0.0050475,                   0,             0.63587,             0.72396,             0.36192,             0.41692,             0.23835,            0.046395,            0.012099,           0.0060547,                   0,                   0,          0.00089371,          0.00089371,          0.00089371
                  69,            0.037172,            0.019271,           0.0036657,                   0,             0.62668,             0.71093,             0.36011,             0.41592,             0.22533,            0.045411,            0.012099,           0.0059316,                   0,                   0,          0.00089065,          0.00089065,          0.00089065
                  70,             0.04514,            0.027506,           0.0034388,                   0,             0.66837,              0.7383,              0.3585,             0.41839,             0.22343,            0.044956,            0.012002,           0.0058476,                   0,                   0,          0.00088755,          0.00088755,          0.00088755
                  71,            0.065131,              0.0248,            0.018668,                   0,             0.68377,             0.73462,             0.36261,             0.42125,              0.2322,             0.04455,            0.011921,           0.0056293,                   0,                   0,          0.00088442,          0.00088442,          0.00088442
                  72,            0.045966,            0.031456,           0.0042985,                   0,             0.68108,               0.727,             0.36467,              0.4224,             0.23727,            0.045683,            0.011683,            0.005494,                   0,                   0,          0.00088124,          0.00088124,          0.00088124
                  73,            0.049751,             0.01632,           0.0030312,                   0,             0.64592,             0.71231,             0.38123,             0.43076,             0.25135,            0.044458,            0.011513,           0.0054239,                   0,                   0,          0.00087804,          0.00087804,          0.00087804
                  74,            0.049203,            0.030108,           0.0038042,                   0,             0.64426,             0.72437,             0.38166,             0.43022,             0.24316,            0.044535,            0.011414,           0.0052184,                   0,                   0,          0.00087479,          0.00087479,          0.00087479
                  75,             0.05621,            0.012291,           0.0048388,                   0,             0.62056,             0.69442,             0.39283,             0.43513,             0.24548,            0.044109,            0.011351,           0.0050654,                   0,                   0,          0.00087151,          0.00087151,          0.00087151
                  76,            0.041838,            0.014397,           0.0069441,                   0,             0.63682,             0.68573,             0.40594,             0.44349,             0.25522,            0.042809,            0.011364,           0.0049525,                   0,                   0,           0.0008682,           0.0008682,           0.0008682
                  77,            0.056718,           0.0087754,           0.0055631,                   0,             0.60597,             0.71551,             0.41611,             0.45159,             0.25359,            0.042754,             0.01144,           0.0047418,                   0,                   0,          0.00086485,          0.00086485,          0.00086485
                  78,            0.083104,            0.023169,           0.0072117,                   0,             0.69625,             0.72213,             0.42013,             0.44954,             0.26011,            0.043274,            0.011363,           0.0045911,                   0,                   0,          0.00086146,          0.00086146,          0.00086146
                  79,            0.058836,            0.034194,           0.0061192,                   0,             0.67939,             0.74136,              0.4261,             0.45873,             0.26068,             0.04274,            0.011362,           0.0043912,                   0,                   0,          0.00085805,          0.00085805,          0.00085805
                  80,            0.036905,            0.016385,           0.0065818,                   0,             0.63773,             0.77288,             0.42345,             0.46907,             0.26583,              0.0424,            0.011315,            0.004318,                   0,                   0,          0.00085459,          0.00085459,          0.00085459
                  81,            0.048404,            0.022242,           0.0044502,                   0,             0.62526,             0.80214,             0.42434,             0.46902,             0.27464,            0.042682,            0.011215,            0.004163,                   0,                   0,          0.00085111,          0.00085111,          0.00085111
                  82,            0.040706,             0.01427,           0.0039911,                   0,             0.60644,             0.75425,             0.44762,              0.4774,             0.27033,            0.041487,            0.011079,           0.0039692,                   0,                   0,          0.00084759,          0.00084759,          0.00084759
                  83,            0.037562,            0.013249,            0.002474,                   0,              0.6232,             0.76986,             0.44688,             0.47929,             0.28031,            0.041994,             0.01095,           0.0038429,                   0,                   0,          0.00084404,          0.00084404,          0.00084404
                  84,            0.051742,            0.031071,           0.0047616,                   0,             0.68413,             0.78144,             0.45493,             0.48665,             0.27468,            0.040651,            0.010869,           0.0037042,                   0,                   0,          0.00084046,          0.00084046,          0.00084046
                  85,            0.044447,            0.015438,           0.0022047,                   0,             0.58688,             0.76669,             0.45855,             0.48942,             0.28446,             0.04139,            0.010947,           0.0036142,                   0,                   0,          0.00083684,          0.00083684,          0.00083684
                  86,            0.047051,            0.021646,           0.0084208,                   0,             0.64393,             0.76806,             0.46332,              0.4854,             0.29244,            0.041372,            0.010938,           0.0035851,                   0,                   0,          0.00083319,          0.00083319,          0.00083319
                  87,             0.05052,            0.016316,           0.0025847,                   0,             0.66254,             0.78276,             0.46305,             0.48602,             0.28999,            0.040206,             0.01095,           0.0035246,                   0,                   0,          0.00082952,          0.00082952,          0.00082952
                  88,            0.053021,            0.010248,           0.0049338,                   0,             0.63935,              0.7609,             0.46332,             0.48747,             0.27625,            0.040964,            0.010948,           0.0034902,                   0,                   0,          0.00082581,          0.00082581,          0.00082581
                  89,            0.036863,            0.025523,           0.0052745,                   0,             0.63765,              0.7819,             0.45069,             0.49786,             0.29004,            0.040572,             0.01092,            0.003354,                   0,                   0,          0.00082207,          0.00082207,          0.00082207
                  90,            0.045308,            0.012103,            0.011465,                   0,             0.65255,             0.79001,             0.45238,             0.49898,             0.29286,            0.039855,            0.010978,           0.0033396,                   0,                   0,           0.0008183,           0.0008183,           0.0008183
                  91,            0.039426,            0.017056,           0.0020951,                   0,             0.60987,             0.81028,             0.45205,              0.4987,             0.29009,            0.040521,            0.010865,           0.0033251,                   0,                   0,           0.0008145,           0.0008145,           0.0008145
                  92,            0.041175,            0.024009,           0.0043718,                   0,             0.68932,             0.85532,             0.43133,             0.50494,             0.29519,            0.040296,            0.010793,           0.0032264,                   0,                   0,          0.00081068,          0.00081068,          0.00081068
                  93,            0.043668,            0.020804,           0.0035735,                   0,             0.62261,             0.88637,             0.43051,             0.50052,             0.28581,              0.0416,            0.010752,             0.00322,                   0,                   0,          0.00080682,          0.00080682,          0.00080682
                  94,            0.035291,           0.0077889,           0.0030029,                   0,             0.60452,             0.87811,             0.43053,               0.499,             0.29517,            0.040074,            0.010755,           0.0031662,                   0,                   0,          0.00080294,          0.00080294,          0.00080294
                  95,            0.049864,            0.017523,           0.0057561,                   0,             0.66638,             0.84681,             0.44109,             0.50022,             0.29455,            0.039853,            0.010752,            0.003148,                   0,                   0,          0.00079903,          0.00079903,          0.00079903
                  96,            0.047208,           0.0057504,           0.0040786,                   0,             0.64851,             0.91009,             0.42434,             0.49835,              0.2957,            0.039663,            0.010687,           0.0031553,                   0,                   0,          0.00079509,          0.00079509,          0.00079509
                  97,            0.041402,            0.017401,           0.0019587,                   0,             0.59523,             0.80071,             0.45303,             0.49563,             0.29062,            0.039744,             0.01066,            0.003159,                   0,                   0,          0.00079112,          0.00079112,          0.00079112
                  98,            0.035102,           0.0090334,           0.0016129,                   0,             0.62703,             0.79929,             0.44827,             0.49402,             0.29146,            0.039872,            0.010678,           0.0031001,                   0,                   0,          0.00078713,          0.00078713,          0.00078713
                  99,            0.028509,           0.0065878,           0.0030268,                   0,             0.63554,             0.80825,             0.45597,             0.49478,             0.28964,            0.040995,            0.010556,           0.0030564,                   0,                   0,          0.00078311,          0.00078311,          0.00078311
                 100,            0.040826,           0.0052212,           0.0061442,                   0,             0.62716,             0.82088,             0.45672,             0.50427,             0.30057,            0.040321,            0.010474,           0.0030107,                   0,                   0,          0.00077907,          0.00077907,          0.00077907
                 101,            0.037815,            0.014103,            0.002069,                   0,             0.60067,             0.81262,             0.46074,             0.50134,             0.29766,            0.039883,            0.010446,           0.0029513,                   0,                   0,            0.000775,            0.000775,            0.000775
                 102,            0.038195,            0.012757,           0.0014511,                   0,              0.6483,              0.8341,             0.45749,             0.50222,             0.30537,             0.04064,            0.010482,           0.0029422,                   0,                   0,          0.00077091,          0.00077091,          0.00077091
                 103,            0.060656,            0.026968,           0.0074616,                   0,              0.6615,             0.86696,             0.45714,             0.51002,             0.30454,            0.040016,            0.010443,           0.0028874,                   0,                   0,          0.00076679,          0.00076679,          0.00076679
                 104,            0.062985,            0.018976,           0.0061993,                   0,             0.68669,             0.93587,             0.44444,             0.51838,             0.31544,            0.039758,            0.010453,           0.0027778,                   0,                   0,          0.00076265,          0.00076265,          0.00076265
                 105,            0.062944,            0.014903,            0.011975,                   0,             0.63632,             0.87668,             0.45567,             0.51658,             0.31212,            0.038978,            0.010496,           0.0027477,                   0,                   0,          0.00075848,          0.00075848,          0.00075848
                 106,            0.038382,            0.017049,           0.0015496,                   0,             0.60981,             0.88977,             0.46569,             0.52248,             0.32194,             0.03889,            0.010443,           0.0026939,                   0,                   0,           0.0007543,           0.0007543,           0.0007543
                 107,            0.040188,              0.0214,           0.0018625,                   0,             0.62427,             0.85653,             0.47619,             0.52797,             0.31938,            0.039213,            0.010472,           0.0026596,                   0,                   0,          0.00075009,          0.00075009,          0.00075009
                 108,            0.042258,            0.014726,           0.0021318,                   0,             0.60697,             0.89624,              0.4632,             0.53092,             0.30933,            0.039716,            0.010505,           0.0026132,                   0,                   0,          0.00074585,          0.00074585,          0.00074585
                 109,             0.03354,            0.019341,            0.002942,                   0,             0.64592,             0.84492,             0.47277,             0.52975,             0.32396,            0.038444,            0.010445,           0.0025364,                   0,                   0,           0.0007416,           0.0007416,           0.0007416
                 110,            0.039002,            0.012367,           0.0023822,                   0,              0.6274,             0.86351,             0.47413,             0.53138,             0.31835,            0.038777,            0.010387,           0.0024875,                   0,                   0,          0.00073733,          0.00073733,          0.00073733
                 111,             0.03428,            0.013833,           0.0029539,                   0,             0.65615,             0.85633,             0.47814,             0.53381,             0.32464,            0.037256,            0.010337,            0.002525,                   0,                   0,          0.00073303,          0.00073303,          0.00073303
                 112,            0.053071,           0.0089995,           0.0090863,                   0,             0.67138,             0.85749,             0.47002,             0.52931,             0.31798,            0.037741,            0.010389,           0.0025135,                   0,                   0,          0.00072872,          0.00072872,          0.00072872
                 113,            0.037282,             0.01359,           0.0029645,                   0,             0.62822,             0.92139,             0.46246,             0.53776,             0.31874,            0.038805,            0.010447,           0.0025138,                   0,                   0,          0.00072438,          0.00072438,          0.00072438
                 114,            0.038511,            0.020042,           0.0055013,                   0,             0.63756,              0.9046,             0.45835,             0.52847,             0.31397,            0.038829,            0.010445,           0.0024528,                   0,                   0,          0.00072003,          0.00072003,          0.00072003
                 115,            0.036454,            0.013277,           0.0024739,                   0,             0.62258,             0.92034,             0.45497,             0.52996,             0.31131,             0.03799,             0.01046,           0.0024466,                   0,                   0,          0.00071566,          0.00071566,          0.00071566
                 116,            0.032322,            0.013722,            0.001439,                   0,             0.63461,             0.87158,              0.4659,             0.53557,             0.32941,            0.037346,            0.010395,           0.0024336,                   0,                   0,          0.00071127,          0.00071127,          0.00071127
                 117,            0.041977,            0.025508,           0.0023283,                   0,             0.64755,             0.89092,              0.4645,             0.53702,             0.32358,            0.037257,            0.010393,           0.0024489,                   0,                   0,          0.00070686,          0.00070686,          0.00070686
                 118,            0.028282,            0.010515,            0.001152,                   0,             0.66737,             0.88579,             0.46255,             0.53634,             0.33088,            0.037398,            0.010379,           0.0024486,                   0,                   0,          0.00070243,          0.00070243,          0.00070243
                 119,            0.040943,            0.025975,           0.0038938,                   0,             0.68806,             0.87727,             0.47208,             0.53955,             0.33502,            0.037484,            0.010367,             0.00243,                   0,                   0,          0.00069799,          0.00069799,          0.00069799
                 120,            0.057053,            0.022736,           0.0035149,                   0,              0.6795,             0.89782,             0.47016,              0.5392,             0.33146,            0.037464,            0.010364,           0.0024185,                   0,                   0,          0.00069353,          0.00069353,          0.00069353
                 121,            0.023326,           0.0098538,          0.00070215,                   0,             0.62704,             0.94543,             0.45809,              0.5366,             0.33247,            0.037213,            0.010384,           0.0023805,                   0,                   0,          0.00068906,          0.00068906,          0.00068906
                 122,            0.037918,            0.012081,            0.002367,                   0,             0.61569,             0.96619,             0.45726,             0.54082,             0.33587,            0.036862,            0.010317,           0.0023628,                   0,                   0,          0.00068457,          0.00068457,          0.00068457
                 123,            0.049298,            0.013631,           0.0050817,                   0,              0.6123,             0.95821,               0.463,             0.54707,             0.34387,            0.037022,            0.010289,           0.0023265,                   0,                   0,          0.00068006,          0.00068006,          0.00068006
                 124,            0.035435,             0.01652,           0.0015554,                   0,             0.61345,             0.97071,             0.45573,             0.54668,             0.33462,            0.036302,            0.010339,           0.0022821,                   0,                   0,          0.00067555,          0.00067555,          0.00067555
                 125,            0.044686,           0.0085347,           0.0073537,                   0,             0.63022,              0.8302,             0.49721,             0.54818,             0.33669,            0.036882,            0.010321,           0.0022758,                   0,                   0,          0.00067101,          0.00067101,          0.00067101
                 126,            0.044442,           0.0083749,           0.0066659,                   0,              0.6128,              0.9511,             0.45635,             0.54931,             0.33727,            0.036594,            0.010225,           0.0023197,                   0,                   0,          0.00066647,          0.00066647,          0.00066647
                 127,            0.040987,            0.022391,           0.0084831,                   0,             0.68224,             0.83909,             0.50347,             0.55177,             0.32647,            0.036996,            0.010272,           0.0022741,                   0,                   0,          0.00066191,          0.00066191,          0.00066191
                 128,            0.039245,            0.023378,            0.003198,                   0,             0.63946,             0.95021,             0.46761,             0.54971,             0.33432,            0.036888,            0.010183,           0.0022656,                   0,                   0,          0.00065734,          0.00065734,          0.00065734
                 129,            0.049629,             0.01168,           0.0025863,                   0,             0.65166,             0.93723,              0.4659,             0.54876,             0.32929,            0.036891,            0.010106,           0.0022492,                   0,                   0,          0.00065276,          0.00065276,          0.00065276
                 130,            0.060102,            0.034952,           0.0051467,                   0,             0.60923,             0.96043,             0.47413,             0.55672,             0.33564,            0.036529,            0.010064,           0.0022539,                   0,                   0,          0.00064816,          0.00064816,          0.00064816
                 131,            0.030841,           0.0097963,           0.0019619,                   0,             0.62138,             0.95584,             0.46791,             0.54797,             0.33625,            0.036805,            0.010101,           0.0022298,                   0,                   0,          0.00064356,          0.00064356,          0.00064356
                 132,             0.03783,           0.0072378,            0.004687,                   0,             0.62756,             0.97407,             0.46886,             0.55426,             0.33755,            0.037299,            0.010231,           0.0022028,                   0,                   0,          0.00063895,          0.00063895,          0.00063895
                 133,            0.037934,            0.010284,           0.0015574,                   0,              0.5895,              0.9628,              0.4586,             0.54538,             0.33081,            0.036458,            0.010265,           0.0021977,                   0,                   0,          0.00063432,          0.00063432,          0.00063432
                 134,            0.033587,            0.020603,           0.0017921,                   0,             0.63637,             0.96947,             0.46242,             0.55343,             0.33607,            0.037124,            0.010247,           0.0022031,                   0,                   0,          0.00062969,          0.00062969,          0.00062969
                 135,            0.046806,            0.048832,           0.0031411,                   0,             0.66563,             0.96233,             0.46179,             0.55266,             0.33516,            0.036432,            0.010213,           0.0022223,                   0,                   0,          0.00062505,          0.00062505,          0.00062505
                 136,             0.03493,            0.010104,            0.002044,                   0,             0.61418,              0.9635,             0.45946,             0.54941,             0.34235,            0.036065,            0.010242,           0.0022208,                   0,                   0,           0.0006204,           0.0006204,           0.0006204
                 137,            0.060024,            0.035327,           0.0046686,                   0,             0.65688,             0.94962,              0.4583,             0.55348,             0.34419,            0.035935,            0.010255,           0.0022197,                   0,                   0,          0.00061574,          0.00061574,          0.00061574
                 138,             0.03217,            0.017807,            0.001168,                   0,             0.65289,             0.95256,             0.46899,             0.56414,             0.34641,            0.036071,            0.010176,           0.0021877,                   0,                   0,          0.00061107,          0.00061107,          0.00061107
                 139,            0.034833,            0.010601,           0.0028807,                   0,             0.61362,             0.95789,             0.46257,             0.56683,             0.33966,            0.036081,            0.010188,           0.0021998,                   0,                   0,           0.0006064,           0.0006064,           0.0006064
                 140,            0.051016,            0.020265,           0.0018749,                   0,             0.63245,             0.95798,              0.4659,             0.56603,             0.34668,            0.036293,            0.010171,           0.0021197,                   0,                   0,          0.00060172,          0.00060172,          0.00060172
                 141,            0.044395,             0.01695,           0.0031253,                   0,             0.60641,             0.95682,             0.46447,             0.56489,             0.34274,            0.035389,            0.010142,           0.0020739,                   0,                   0,          0.00059704,          0.00059704,          0.00059704
                 142,            0.037518,            0.014107,           0.0022445,                   0,             0.65063,             0.94532,             0.47016,             0.56466,             0.34886,            0.035558,             0.01002,           0.0020942,                   0,                   0,          0.00059235,          0.00059235,          0.00059235
                 143,            0.040472,            0.014655,           0.0016808,                   0,             0.63563,             0.97366,             0.46848,             0.56648,             0.33988,            0.035426,           0.0099841,           0.0020869,                   0,                   0,          0.00058766,          0.00058766,          0.00058766
                 144,            0.045928,            0.012971,           0.0054269,                   0,             0.62324,             0.97161,             0.46943,             0.57174,             0.35398,            0.035002,           0.0098973,           0.0021261,                   0,                   0,          0.00058296,          0.00058296,          0.00058296
                 145,            0.036199,           0.0076054,           0.0015751,                   0,             0.63964,             0.95894,             0.47362,             0.57099,             0.34839,            0.034831,           0.0099121,           0.0020964,                   0,                   0,          0.00057826,          0.00057826,          0.00057826
                 146,            0.041527,            0.017321,           0.0026635,                   0,              0.6306,             0.96129,             0.47328,             0.57428,             0.34369,            0.035321,            0.009969,           0.0020587,                   0,                   0,          0.00057355,          0.00057355,          0.00057355
                 147,             0.04902,            0.017993,           0.0016475,                   0,              0.6283,             0.87691,             0.50492,             0.57186,             0.33841,            0.035987,              0.0101,           0.0020344,                   0,                   0,          0.00056884,          0.00056884,          0.00056884
                 148,            0.056594,            0.044459,           0.0041021,                   0,             0.70181,              0.9577,             0.46937,             0.57603,             0.33908,             0.03622,            0.010017,           0.0020634,                   0,                   0,          0.00056413,          0.00056413,          0.00056413
                 149,            0.038736,            0.013201,           0.0024387,                   0,             0.60945,             0.95668,             0.46967,             0.57791,             0.34427,            0.035253,           0.0099444,           0.0020228,                   0,                   0,          0.00055942,          0.00055942,          0.00055942
                 150,            0.053978,           0.0073496,           0.0027176,                   0,             0.61405,             0.96501,             0.46643,             0.57639,             0.34407,            0.035363,           0.0099544,           0.0019742,                   0,                   0,          0.00055471,          0.00055471,          0.00055471
                 151,            0.048917,            0.016057,           0.0039241,                   0,              0.6819,             0.88414,              0.5049,             0.57632,             0.34156,            0.035179,            0.009954,           0.0019538,                   0,                   0,             0.00055,             0.00055,             0.00055
                 152,            0.036626,            0.023428,           0.0019125,                   0,             0.67331,             0.88181,             0.50758,             0.58576,             0.35357,            0.034942,           0.0099818,            0.001953,                   0,                   0,          0.00054529,          0.00054529,          0.00054529
                 153,            0.028694,            0.011315,           0.0015182,                   0,             0.62895,             0.94429,             0.48983,             0.59181,             0.35074,            0.035217,           0.0099762,           0.0019448,                   0,                   0,          0.00054058,          0.00054058,          0.00054058
                 154,            0.047744,              0.0305,           0.0049593,                   0,             0.64017,             0.88376,             0.50553,             0.58817,             0.35124,            0.035391,           0.0099715,           0.0019216,                   0,                   0,          0.00053587,          0.00053587,          0.00053587
                 155,            0.041305,            0.012734,           0.0034051,                   0,             0.63476,             0.88274,             0.50758,             0.58746,             0.34862,             0.03559,            0.010006,           0.0019136,                   0,                   0,          0.00053116,          0.00053116,          0.00053116
                 156,            0.058115,            0.026834,           0.0059963,                   0,             0.66335,             0.90151,             0.49135,             0.58663,             0.35341,            0.035227,            0.010038,           0.0019119,                   0,                   0,          0.00052645,          0.00052645,          0.00052645
                 157,            0.042431,            0.011855,           0.0029936,                   0,             0.65091,             0.91961,             0.49955,             0.59074,              0.3509,            0.035178,             0.01001,           0.0019659,                   0,                   0,          0.00052174,          0.00052174,          0.00052174
                 158,            0.029257,           0.0080029,           0.0018901,                   0,             0.61244,              0.9106,             0.50076,             0.58646,             0.34808,            0.035005,            0.009991,            0.001954,                   0,                   0,          0.00051704,          0.00051704,          0.00051704
                 159,             0.03369,            0.014424,           0.0023393,                   0,             0.71059,              0.9203,             0.49665,             0.58143,             0.34728,            0.034599,           0.0099715,           0.0019262,                   0,                   0,          0.00051234,          0.00051234,          0.00051234
                 160,            0.034559,            0.013105,           0.0039632,                   0,               0.653,             0.92389,             0.49871,             0.58828,             0.35291,            0.034473,           0.0098781,           0.0019072,                   0,                   0,          0.00050765,          0.00050765,          0.00050765
                 161,            0.036138,            0.012759,           0.0030213,                   0,             0.64221,             0.90948,             0.49629,             0.58337,             0.35411,            0.034291,           0.0098338,           0.0019022,                   0,                   0,          0.00050296,          0.00050296,          0.00050296
                 162,            0.034339,             0.01231,           0.0033737,                   0,              0.6334,             0.94663,             0.48507,             0.58923,             0.35255,            0.034205,           0.0098318,           0.0018751,                   0,                   0,          0.00049828,          0.00049828,          0.00049828
                 163,            0.022122,            0.020272,           0.0013964,                   0,             0.65763,             0.93354,             0.49977,             0.59776,             0.35315,            0.034667,           0.0098111,           0.0018642,                   0,                   0,           0.0004936,           0.0004936,           0.0004936
                 164,            0.036556,             0.01287,           0.0042713,                   0,             0.63244,             0.92408,             0.49876,             0.58602,             0.35204,            0.034303,           0.0098094,           0.0018844,                   0,                   0,          0.00048893,          0.00048893,          0.00048893
                 165,            0.031347,            0.012696,           0.0011336,                   0,             0.66131,             0.92434,             0.50347,             0.58614,             0.35237,            0.034309,           0.0098299,            0.001888,                   0,                   0,          0.00048426,          0.00048426,          0.00048426
                 166,            0.039339,            0.015483,           0.0019803,                   0,             0.58833,              0.9356,             0.49263,             0.58872,             0.35246,            0.035183,           0.0098911,            0.001888,                   0,                   0,           0.0004796,           0.0004796,           0.0004796
                 167,            0.062628,           0.0047848,            0.012169,                   0,               0.612,              0.9388,             0.49587,             0.58533,             0.35266,            0.035036,           0.0099017,           0.0018548,                   0,                   0,          0.00047495,          0.00047495,          0.00047495
                 168,            0.026283,             0.00576,          0.00096621,                   0,             0.63346,             0.94139,             0.49112,             0.58453,             0.34305,             0.03518,           0.0098797,           0.0018805,                   0,                   0,          0.00047031,          0.00047031,          0.00047031
                 169,            0.039102,            0.013177,           0.0014321,                   0,              0.5984,             0.94605,             0.49272,             0.59111,             0.34881,            0.035095,           0.0098891,           0.0018886,                   0,                   0,          0.00046568,          0.00046568,          0.00046568
                 170,            0.059144,            0.024759,           0.0061857,                   0,             0.65223,             0.94755,             0.49112,             0.58859,             0.35347,            0.035069,           0.0099225,           0.0018619,                   0,                   0,          0.00046105,          0.00046105,          0.00046105
                 171,            0.031883,             0.02394,            0.003876,                   0,             0.67579,             0.96728,             0.49169,             0.59377,             0.35893,            0.035103,           0.0099248,           0.0018248,                   0,                   0,          0.00045644,          0.00045644,          0.00045644
                 172,             0.02585,           0.0077816,          0.00080081,                   0,             0.61645,             0.96163,             0.49047,             0.58558,              0.3534,            0.034663,           0.0098793,           0.0018245,                   0,                   0,          0.00045184,          0.00045184,          0.00045184
                 173,            0.023384,           0.0037112,            0.000387,                   0,             0.66225,             0.94423,                 0.5,             0.59711,             0.35895,            0.034303,            0.009872,           0.0018412,                   0,                   0,          0.00044724,          0.00044724,          0.00044724
                 174,            0.045565,           0.0076978,           0.0047698,                   0,             0.61225,              0.9083,             0.50072,             0.59659,             0.35778,            0.034541,           0.0098042,           0.0018515,                   0,                   0,          0.00044266,          0.00044266,          0.00044266
                 175,            0.054214,            0.050297,           0.0028611,                   0,             0.65852,             0.90322,             0.50116,             0.59977,             0.35581,            0.034634,           0.0098185,           0.0018611,                   0,                   0,          0.00043809,          0.00043809,          0.00043809
                 176,            0.039847,            0.012988,           0.0017998,                   0,             0.63929,             0.95086,             0.49524,             0.60542,             0.35968,             0.03467,           0.0098671,           0.0018254,                   0,                   0,          0.00043353,          0.00043353,          0.00043353
                 177,            0.046733,            0.013338,           0.0011945,                   0,             0.62289,             0.94387,             0.49318,             0.60174,             0.35748,            0.034678,           0.0099022,           0.0018202,                   0,                   0,          0.00042899,          0.00042899,          0.00042899
                 178,            0.024721,            0.010153,           0.0012995,                   0,             0.62954,             0.94448,             0.49156,             0.60522,             0.35738,            0.034315,           0.0099026,           0.0017854,                   0,                   0,          0.00042445,          0.00042445,          0.00042445
                 179,            0.028368,           0.0089799,           0.0054275,                   0,             0.63996,              0.9405,             0.49931,             0.60698,             0.36146,            0.034486,           0.0097643,           0.0017491,                   0,                   0,          0.00041994,          0.00041994,          0.00041994
                 180,            0.050929,            0.020471,           0.0037596,                   0,             0.67857,              0.9438,             0.50477,             0.60617,             0.36219,            0.034312,           0.0097458,           0.0017513,                   0,                   0,          0.00041543,          0.00041543,          0.00041543
                 181,            0.035728,            0.015114,           0.0031587,                   0,              0.6388,             0.94156,             0.50772,             0.60244,             0.36159,            0.034034,           0.0097143,           0.0017844,                   0,                   0,          0.00041094,          0.00041094,          0.00041094
                 182,            0.022937,           0.0060294,          0.00053858,                   0,             0.59687,             0.94451,             0.50381,             0.59846,             0.36263,            0.034364,           0.0097172,           0.0017896,                   0,                   0,          0.00040647,          0.00040647,          0.00040647
                 183,             0.03049,           0.0080711,            0.002323,                   0,             0.63824,             0.94098,             0.50141,             0.60812,             0.36481,             0.03441,           0.0097697,           0.0018298,                   0,                   0,          0.00040201,          0.00040201,          0.00040201
                 184,            0.051549,            0.031193,           0.0066445,                   0,             0.68093,             0.94198,             0.50076,             0.60157,             0.36582,            0.034319,           0.0098131,           0.0017955,                   0,                   0,          0.00039757,          0.00039757,          0.00039757
                 185,             0.03191,             0.01591,           0.0017483,                   0,             0.63301,             0.95483,             0.49578,             0.60674,             0.36532,            0.034477,           0.0098257,           0.0017819,                   0,                   0,          0.00039314,          0.00039314,          0.00039314
                 186,            0.031801,            0.026447,           0.0020753,                   0,             0.60596,             0.93038,             0.49898,             0.60448,             0.36256,            0.034653,           0.0097884,           0.0017671,                   0,                   0,          0.00038873,          0.00038873,          0.00038873
                 187,            0.037901,             0.00317,          0.00098224,                   0,             0.57794,             0.90586,             0.49833,             0.60353,             0.36143,            0.034558,            0.009794,           0.0017393,                   0,                   0,          0.00038434,          0.00038434,          0.00038434
                 188,            0.032973,            0.031609,           0.0023066,                   0,             0.60256,             0.94997,             0.48972,             0.59676,             0.35652,            0.034859,           0.0098904,           0.0016938,                   0,                   0,          0.00037997,          0.00037997,          0.00037997
                 189,            0.034063,            0.013463,           0.0016496,                   0,             0.62348,             0.94733,             0.49735,             0.60769,              0.3592,            0.034332,           0.0098466,           0.0016941,                   0,                   0,          0.00037562,          0.00037562,          0.00037562
                 190,            0.030883,            0.013364,           0.0018151,                   0,             0.62787,             0.95193,             0.49653,             0.60947,             0.36276,            0.034103,           0.0098142,           0.0016946,                   0,                   0,          0.00037128,          0.00037128,          0.00037128
                 191,            0.028547,            0.011018,           0.0015226,                   0,             0.59214,             0.94342,              0.4973,             0.60931,             0.36368,            0.034432,           0.0097776,           0.0017085,                   0,                   0,          0.00036697,          0.00036697,          0.00036697
                 192,             0.04172,            0.010085,           0.0029424,                   0,             0.64719,             0.94317,             0.49647,             0.61094,             0.36041,            0.034078,           0.0097942,           0.0017044,                   0,                   0,          0.00036267,          0.00036267,          0.00036267
                 193,            0.032108,           0.0093835,           0.0032638,                   0,             0.66616,             0.91828,             0.50189,             0.61469,             0.35762,            0.034401,           0.0097922,            0.001725,                   0,                   0,           0.0003584,           0.0003584,           0.0003584
                 194,            0.044417,            0.030754,           0.0028314,                   0,             0.68486,             0.89663,             0.51323,             0.61608,              0.3615,            0.033998,           0.0097867,           0.0017257,                   0,                   0,          0.00035415,          0.00035415,          0.00035415
                 195,            0.043679,            0.018043,           0.0035477,                   0,             0.67104,             0.90093,              0.5121,             0.61471,              0.3636,             0.03349,           0.0097865,            0.001713,                   0,                   0,          0.00034991,          0.00034991,          0.00034991
                 196,            0.032804,           0.0068384,           0.0037113,                   0,              0.5766,             0.91654,             0.51029,             0.61731,             0.36526,            0.033636,           0.0096757,           0.0017063,                   0,                   0,           0.0003457,           0.0003457,           0.0003457
                 197,            0.047261,             0.02382,           0.0025022,                   0,             0.64803,             0.88828,             0.50968,              0.6093,             0.36072,            0.033646,           0.0098108,           0.0017008,                   0,                   0,          0.00034152,          0.00034152,          0.00034152
                 198,            0.023462,           0.0067891,           0.0018377,                   0,             0.61284,             0.92116,             0.49459,             0.61258,             0.36522,            0.034043,           0.0098073,            0.001711,                   0,                   0,          0.00033735,          0.00033735,          0.00033735
                 199,            0.024471,           0.0066438,          0.00046842,                   0,             0.63026,             0.95371,             0.49112,             0.61471,             0.36321,            0.034147,           0.0098037,           0.0016709,                   0,                   0,          0.00033321,          0.00033321,          0.00033321
                 200,            0.060405,            0.011997,            0.002623,                   0,             0.64987,             0.95688,             0.49112,             0.61619,             0.36136,            0.034073,           0.0097972,           0.0016848,                   0,                   0,          0.00032909,          0.00032909,          0.00032909
                 201,            0.028942,            0.010591,           0.0020599,                   0,             0.58289,             0.97307,             0.49112,             0.61434,              0.3631,            0.033813,           0.0097563,           0.0016591,                   0,                   0,            0.000325,            0.000325,            0.000325
                 202,            0.033185,            0.015278,           0.0016613,                   0,             0.61393,             0.96968,             0.49185,             0.61237,             0.36295,            0.034252,           0.0097939,           0.0016558,                   0,                   0,          0.00032093,          0.00032093,          0.00032093
                 203,            0.039332,            0.011524,           0.0036675,                   0,             0.66383,             0.96142,             0.49193,             0.61979,             0.36712,            0.034201,           0.0098335,           0.0016593,                   0,                   0,          0.00031689,          0.00031689,          0.00031689
                 204,            0.040562,            0.017928,           0.0011913,                   0,             0.61078,             0.95816,             0.49192,             0.60832,             0.36025,            0.033999,           0.0097965,           0.0016859,                   0,                   0,          0.00031287,          0.00031287,          0.00031287
                 205,            0.042074,           0.0073551,           0.0063879,                   0,             0.63406,             0.88883,              0.5117,              0.6104,             0.36071,            0.033718,           0.0097259,           0.0016856,                   0,                   0,          0.00030888,          0.00030888,          0.00030888
                 206,              0.0477,            0.011823,           0.0014552,                   0,             0.57715,             0.95868,             0.49112,             0.61134,             0.35887,            0.034153,           0.0097862,            0.001669,                   0,                   0,          0.00030491,          0.00030491,          0.00030491
                 207,            0.030734,            0.017034,            0.001291,                   0,             0.58693,             0.91186,             0.51029,             0.62058,             0.36716,            0.033828,           0.0097895,            0.001662,                   0,                   0,          0.00030097,          0.00030097,          0.00030097
                 208,            0.037302,             0.01591,           0.0032145,                   0,             0.61745,             0.90383,             0.51029,             0.62262,             0.36323,            0.033855,           0.0098211,           0.0016601,                   0,                   0,          0.00029706,          0.00029706,          0.00029706
                 209,            0.024505,           0.0087552,           0.0010804,                   0,             0.63295,             0.91211,             0.51174,              0.6205,             0.36256,            0.034084,           0.0097938,           0.0016549,                   0,                   0,          0.00029318,          0.00029318,          0.00029318
                 210,            0.032419,            0.010856,           0.0020404,                   0,             0.63604,             0.91313,             0.51396,             0.62357,             0.36857,            0.033672,           0.0097763,           0.0016526,                   0,                   0,          0.00028932,          0.00028932,          0.00028932
                 211,            0.043497,            0.013016,           0.0025944,                   0,             0.64623,             0.91265,              0.5123,             0.62074,             0.36906,            0.033515,           0.0097607,           0.0016398,                   0,                   0,           0.0002855,           0.0002855,           0.0002855
                 212,            0.032625,            0.014341,           0.0041205,                   0,             0.70959,             0.90352,             0.51235,             0.62629,             0.36722,            0.033492,           0.0097754,           0.0016164,                   0,                   0,           0.0002817,           0.0002817,           0.0002817
                 213,            0.037887,            0.019174,           0.0033593,                   0,             0.62581,             0.91522,             0.50958,             0.62259,              0.3663,            0.033744,           0.0098106,           0.0016492,                   0,                   0,          0.00027793,          0.00027793,          0.00027793
                 214,            0.031183,            0.020677,           0.0015706,                   0,             0.63836,             0.91331,             0.51116,              0.6268,             0.36926,            0.033843,           0.0098979,           0.0016585,                   0,                   0,          0.00027419,          0.00027419,          0.00027419
                 215,            0.036376,           0.0097501,           0.0014585,                   0,             0.61131,             0.91421,             0.50546,              0.6267,             0.36186,             0.03393,           0.0099332,           0.0016667,                   0,                   0,          0.00027048,          0.00027048,          0.00027048
                 216,            0.030054,           0.0099641,           0.0011473,                   0,             0.59657,             0.93539,             0.49848,             0.62319,             0.36244,            0.034042,           0.0099831,           0.0016811,                   0,                   0,          0.00026681,          0.00026681,          0.00026681
                 217,            0.040912,            0.026168,           0.0013809,                   0,             0.64909,             0.94743,             0.49475,             0.62081,              0.3629,            0.033902,             0.01004,           0.0016411,                   0,                   0,          0.00026316,          0.00026316,          0.00026316
                 218,            0.034777,             0.01084,           0.0013421,                   0,             0.70943,             0.95243,              0.4918,             0.62709,             0.36445,            0.034085,           0.0099749,           0.0016391,                   0,                   0,          0.00025954,          0.00025954,          0.00025954
                 219,            0.037099,            0.012998,           0.0022719,                   0,             0.68037,             0.75949,               0.569,             0.62989,             0.36455,            0.033895,            0.009922,           0.0016434,                   0,                   0,          0.00025596,          0.00025596,          0.00025596
                 220,            0.034681,            0.013789,           0.0026371,                   0,             0.66249,             0.75502,             0.57666,             0.62836,             0.36617,            0.034007,           0.0099266,           0.0016476,                   0,                   0,          0.00025241,          0.00025241,          0.00025241
                 221,            0.033823,            0.017041,           0.0013462,                   0,             0.64241,             0.95156,             0.49349,             0.62763,             0.36213,            0.034102,           0.0098945,           0.0016407,                   0,                   0,          0.00024889,          0.00024889,          0.00024889
                 222,            0.033609,            0.019239,           0.0016687,                   0,             0.62198,             0.95073,             0.49318,             0.62807,              0.3681,            0.033497,           0.0099174,            0.001627,                   0,                   0,          0.00024541,          0.00024541,          0.00024541
                 223,            0.034318,            0.023576,           0.0046349,                   0,             0.63183,             0.91447,             0.51049,              0.6256,             0.36569,            0.033592,           0.0098537,           0.0016266,                   0,                   0,          0.00024195,          0.00024195,          0.00024195
                 224,            0.038565,            0.018869,           0.0016962,                   0,             0.66355,             0.89267,             0.51664,             0.62601,             0.37184,            0.033428,           0.0098429,           0.0016389,                   0,                   0,          0.00023854,          0.00023854,          0.00023854
                 225,            0.032003,            0.023493,            0.001274,                   0,             0.63616,             0.91492,              0.5104,             0.62574,             0.37096,            0.033386,           0.0098117,           0.0016336,                   0,                   0,          0.00023515,          0.00023515,          0.00023515
                 226,            0.046742,            0.012732,           0.0032887,                   0,               0.599,             0.96289,             0.49818,             0.62672,             0.36993,            0.034408,           0.0098411,           0.0016017,                   0,                   0,           0.0002318,           0.0002318,           0.0002318
                 227,            0.048576,            0.019268,           0.0067024,                   0,             0.65285,             0.77294,             0.57211,             0.62239,             0.37272,            0.033814,           0.0098643,            0.001599,                   0,                   0,          0.00022849,          0.00022849,          0.00022849
                 228,             0.03456,            0.014174,           0.0029546,                   0,             0.64627,             0.78764,             0.56919,             0.62143,             0.37428,            0.033496,           0.0098382,           0.0016006,                   0,                   0,          0.00022521,          0.00022521,          0.00022521
                 229,             0.03757,            0.016832,           0.0022832,                   0,             0.65028,             0.78881,             0.57601,             0.62711,             0.37516,            0.033377,           0.0098527,           0.0015806,                   0,                   0,          0.00022196,          0.00022196,          0.00022196
                 230,            0.030244,           0.0097017,           0.0029296,                   0,             0.66261,             0.81191,             0.55379,             0.62552,             0.37219,            0.033816,           0.0098826,           0.0015977,                   0,                   0,          0.00021876,          0.00021876,          0.00021876
                 231,            0.034961,           0.0093421,           0.0021403,                   0,             0.60433,             0.80581,             0.55501,             0.62223,             0.37173,            0.033582,           0.0098694,           0.0015986,                   0,                   0,          0.00021558,          0.00021558,          0.00021558
                 232,            0.035214,            0.016758,           0.0010236,                   0,             0.59207,             0.79206,             0.57538,             0.62817,             0.37517,            0.033218,           0.0098547,           0.0015655,                   0,                   0,          0.00021245,          0.00021245,          0.00021245
                 233,            0.034622,            0.015928,           0.0015078,                   0,             0.63344,             0.76935,             0.56417,             0.62601,             0.37175,            0.033442,           0.0099073,           0.0015481,                   0,                   0,          0.00020935,          0.00020935,          0.00020935
                 234,            0.023875,           0.0060146,          0.00061127,                   0,               0.614,             0.75346,             0.56714,              0.6254,             0.37143,            0.033141,           0.0098926,           0.0015633,                   0,                   0,          0.00020629,          0.00020629,          0.00020629
                 235,            0.026529,           0.0056932,           0.0019904,                   0,             0.60587,             0.75229,             0.56589,             0.62229,             0.36843,            0.033286,            0.009901,           0.0015783,                   0,                   0,          0.00020327,          0.00020327,          0.00020327
                 236,            0.026718,           0.0049575,           0.0011931,                   0,             0.60368,             0.75666,              0.5782,             0.62798,             0.37095,            0.033276,           0.0098951,           0.0015967,                   0,                   0,          0.00020028,          0.00020028,          0.00020028
                 237,             0.03412,            0.017251,           0.0015053,                   0,             0.62382,             0.76519,             0.58695,             0.62699,             0.37395,            0.033284,            0.009864,            0.001583,                   0,                   0,          0.00019734,          0.00019734,          0.00019734
                 238,            0.039717,            0.010649,           0.0039569,                   0,             0.67737,             0.78096,             0.58695,             0.63411,             0.37783,            0.033176,           0.0098893,            0.001578,                   0,                   0,          0.00019443,          0.00019443,          0.00019443
                 239,            0.037639,            0.011443,           0.0022918,                   0,             0.64365,             0.77107,             0.59106,             0.63351,             0.37354,            0.033461,           0.0099021,           0.0015753,                   0,                   0,          0.00019156,          0.00019156,          0.00019156
                 240,            0.037687,            0.027924,           0.0022069,                   0,             0.67832,             0.77549,             0.59497,             0.63387,             0.37135,            0.033651,           0.0099058,           0.0015807,                   0,                   0,          0.00018873,          0.00018873,          0.00018873
                 241,            0.040743,            0.019445,           0.0033405,                   0,             0.64803,             0.78063,             0.59228,             0.63247,              0.3697,            0.033724,           0.0098682,           0.0015837,                   0,                   0,          0.00018594,          0.00018594,          0.00018594
                 242,             0.02847,           0.0062315,           0.0016571,                   0,             0.60435,             0.79434,             0.58219,             0.62775,              0.3676,            0.033924,            0.009883,           0.0015804,                   0,                   0,          0.00018319,          0.00018319,          0.00018319
                 243,             0.04743,            0.011237,           0.0031687,                   0,             0.65539,             0.78375,             0.58836,              0.6325,             0.37102,            0.033543,           0.0098744,            0.001553,                   0,                   0,          0.00018048,          0.00018048,          0.00018048
                 244,            0.034257,            0.025412,           0.0014029,                   0,              0.6394,             0.77722,             0.58343,             0.63163,             0.36942,            0.033789,           0.0099232,           0.0015422,                   0,                   0,          0.00017781,          0.00017781,          0.00017781
                 245,             0.03164,            0.015221,           0.0021606,                   0,             0.67608,             0.78523,             0.58852,             0.63142,             0.36688,            0.033757,           0.0099308,           0.0015594,                   0,                   0,          0.00017519,          0.00017519,          0.00017519
                 246,             0.02312,            0.012121,           0.0015497,                   0,              0.6668,             0.77333,             0.58424,             0.62989,             0.37138,            0.033924,           0.0099462,            0.001566,                   0,                   0,           0.0001726,           0.0001726,           0.0001726
                 247,            0.019539,           0.0059953,          0.00055452,                   0,             0.62438,             0.77372,             0.59106,             0.62991,             0.37113,            0.033961,           0.0099857,           0.0015595,                   0,                   0,          0.00017005,          0.00017005,          0.00017005
                 248,            0.043044,            0.017168,           0.0027133,                   0,             0.60895,             0.77354,             0.58666,             0.62958,             0.36907,              0.0337,            0.010005,           0.0015447,                   0,                   0,          0.00016755,          0.00016755,          0.00016755
                 249,            0.034391,            0.015683,          0.00086049,                   0,             0.58482,              0.7701,             0.58234,             0.62804,             0.37138,            0.033689,           0.0099769,           0.0015395,                   0,                   0,          0.00016509,          0.00016509,          0.00016509
                 250,            0.029811,            0.013124,           0.0020958,                   0,             0.62402,             0.75379,             0.59426,             0.63041,             0.37065,            0.033642,           0.0099614,           0.0015329,                   0,                   0,          0.00016267,          0.00016267,          0.00016267
                 251,            0.037628,            0.016338,           0.0016643,                   0,             0.59501,             0.75877,             0.59634,             0.63082,             0.37388,            0.033483,           0.0099612,           0.0015424,                   0,                   0,          0.00016029,          0.00016029,          0.00016029
                 252,            0.036143,            0.022316,           0.0036564,                   0,             0.67676,             0.76362,             0.58704,              0.6301,             0.37177,            0.033544,            0.009979,           0.0015263,                   0,                   0,          0.00015795,          0.00015795,          0.00015795
                 253,            0.039398,            0.014706,           0.0019957,                   0,              0.5959,             0.76062,             0.59548,             0.62991,             0.37264,            0.033844,            0.010003,           0.0015192,                   0,                   0,          0.00015566,          0.00015566,          0.00015566
                 254,            0.038429,            0.016782,           0.0030377,                   0,             0.63293,             0.76648,             0.59207,              0.6331,             0.37207,             0.03343,           0.0099816,           0.0015254,                   0,                   0,          0.00015341,          0.00015341,          0.00015341
                 255,            0.041547,             0.04132,           0.0027216,                   0,              0.6219,             0.76965,             0.59134,             0.63315,             0.37642,            0.033305,           0.0099535,           0.0015377,                   0,                   0,          0.00015121,          0.00015121,          0.00015121
                 256,             0.02811,            0.014847,           0.0011455,                   0,             0.59934,             0.77897,             0.59188,             0.63215,             0.37987,             0.03345,           0.0099432,           0.0015422,                   0,                   0,          0.00014905,          0.00014905,          0.00014905
                 257,            0.025821,            0.012381,           0.0012727,                   0,             0.63286,             0.77009,             0.58658,             0.63256,             0.37885,             0.03345,           0.0099734,           0.0015362,                   0,                   0,          0.00014693,          0.00014693,          0.00014693
                 258,            0.032831,            0.010502,            0.002784,                   0,             0.65699,             0.78462,             0.57517,             0.63116,             0.37773,            0.033387,           0.0099548,             0.00151,                   0,                   0,          0.00014486,          0.00014486,          0.00014486
                 259,            0.026583,            0.010553,           0.0019118,                   0,             0.64638,              0.7758,             0.58584,             0.63266,              0.3794,            0.033169,           0.0098698,           0.0014989,                   0,                   0,          0.00014283,          0.00014283,          0.00014283
                 260,            0.034385,            0.015206,           0.0020621,                   0,             0.66892,             0.77742,             0.59201,             0.63493,             0.38004,            0.033245,           0.0098612,           0.0014817,                   0,                   0,          0.00014084,          0.00014084,          0.00014084
                 261,            0.041555,            0.015407,           0.0051694,                   0,             0.69174,             0.77469,             0.59123,             0.63393,              0.3775,            0.033423,           0.0099063,           0.0014884,                   0,                   0,           0.0001389,           0.0001389,           0.0001389
                 262,            0.026946,           0.0099765,           0.0019692,                   0,             0.65006,               0.781,             0.59459,             0.63436,             0.37351,            0.033612,           0.0099815,           0.0015263,                   0,                   0,          0.00013701,          0.00013701,          0.00013701
                 263,            0.032766,            0.014368,           0.0016629,                   0,             0.61662,             0.76496,             0.59788,             0.63321,             0.37363,            0.033575,                0.01,           0.0015187,                   0,                   0,          0.00013516,          0.00013516,          0.00013516
                 264,            0.026736,             0.01055,            0.001409,                   0,             0.64262,              0.7648,             0.59315,             0.63343,             0.37535,            0.033569,           0.0099358,           0.0015254,                   0,                   0,          0.00013336,          0.00013336,          0.00013336
                 265,            0.040017,            0.014989,           0.0024235,                   0,             0.63161,             0.77847,             0.59726,             0.63638,             0.37496,            0.033466,           0.0099222,           0.0015299,                   0,                   0,           0.0001316,           0.0001316,           0.0001316
                 266,            0.036044,            0.013487,           0.0026672,                   0,             0.61685,             0.77625,             0.58722,             0.63411,             0.37458,            0.033587,           0.0099193,           0.0015302,                   0,                   0,          0.00012989,          0.00012989,          0.00012989
                 267,            0.038091,            0.026218,           0.0031228,                   0,              0.6594,             0.78904,             0.59492,             0.63614,             0.37573,            0.033584,           0.0098816,           0.0015262,                   0,                   0,          0.00012822,          0.00012822,          0.00012822
                 268,            0.048691,            0.028044,           0.0050916,                   0,             0.64476,             0.79155,             0.59057,             0.63869,             0.37834,            0.033426,            0.009853,           0.0015185,                   0,                   0,           0.0001266,           0.0001266,           0.0001266
                 269,            0.047299,            0.029355,           0.0023622,                   0,             0.68576,             0.78476,             0.59525,             0.64113,             0.38235,            0.033125,           0.0098095,           0.0015161,                   0,                   0,          0.00012503,          0.00012503,          0.00012503
                 270,            0.034434,            0.011167,           0.0015977,                   0,             0.61731,             0.77494,              0.5977,             0.64408,             0.38111,            0.033183,           0.0097835,           0.0015016,                   0,                   0,           0.0001235,           0.0001235,           0.0001235
                 271,             0.04065,            0.021577,           0.0038276,                   0,             0.62153,             0.76207,             0.60093,             0.64149,             0.38426,            0.033237,           0.0097536,           0.0014905,                   0,                   0,          0.00012202,          0.00012202,          0.00012202
                 272,            0.030511,            0.008968,           0.0012436,                   0,             0.59272,             0.76004,             0.60727,             0.64094,             0.38113,            0.033104,            0.009743,           0.0014772,                   0,                   0,          0.00012059,          0.00012059,          0.00012059
                 273,            0.020435,            0.011078,          0.00077613,                   0,             0.62387,             0.76711,             0.59394,             0.63992,             0.38087,            0.033081,           0.0097045,           0.0014886,                   0,                   0,          0.00011921,          0.00011921,          0.00011921
                 274,            0.037535,           0.0082201,           0.0039372,                   0,             0.58203,             0.75971,             0.60621,             0.63943,             0.37766,            0.033253,           0.0097613,           0.0014805,                   0,                   0,          0.00011787,          0.00011787,          0.00011787
                 275,            0.027029,            0.016319,           0.0010175,                   0,             0.61442,             0.77664,             0.59377,             0.63724,              0.3781,             0.03317,           0.0097722,           0.0014749,                   0,                   0,          0.00011658,          0.00011658,          0.00011658
                 276,            0.022187,            0.014792,          0.00055808,                   0,             0.67406,             0.77012,             0.60329,             0.63726,             0.38172,            0.033124,           0.0097243,           0.0014845,                   0,                   0,          0.00011533,          0.00011533,          0.00011533
                 277,            0.062769,            0.010751,           0.0080503,                   0,              0.6599,             0.77336,             0.60496,             0.63645,              0.3762,            0.033104,           0.0097459,           0.0015121,                   0,                   0,          0.00011414,          0.00011414,          0.00011414
                 278,            0.028454,            0.012215,          0.00066545,                   0,             0.63204,             0.78508,              0.6049,             0.63807,             0.38521,            0.032628,           0.0097626,           0.0014956,                   0,                   0,          0.00011299,          0.00011299,          0.00011299
                 279,             0.02681,           0.0093848,           0.0011449,                   0,             0.64084,             0.78104,             0.60265,             0.63731,             0.37894,            0.032972,           0.0097639,           0.0014914,                   0,                   0,          0.00011189,          0.00011189,          0.00011189
                 280,            0.045855,            0.029075,           0.0085846,                   0,             0.66403,             0.77766,             0.60148,             0.63944,             0.38324,            0.032962,           0.0097587,           0.0014762,                   0,                   0,          0.00011084,          0.00011084,          0.00011084
                 281,            0.033271,            0.022714,           0.0013925,                   0,             0.64463,             0.77099,             0.59788,             0.63873,             0.38502,              0.0326,           0.0096954,           0.0014721,                   0,                   0,          0.00010983,          0.00010983,          0.00010983
                 282,             0.03769,            0.022692,           0.0015007,                   0,             0.63614,              0.7793,             0.59675,             0.64025,             0.38255,            0.032744,           0.0097022,           0.0014554,                   0,                   0,          0.00010888,          0.00010888,          0.00010888
                 283,            0.054583,             0.03814,           0.0038036,                   0,             0.68183,             0.76146,             0.59827,             0.64007,             0.37849,            0.033095,           0.0097258,           0.0014497,                   0,                   0,          0.00010797,          0.00010797,          0.00010797
                 284,            0.029493,            0.021363,           0.0025148,                   0,             0.65095,             0.75792,             0.59377,             0.63765,             0.37593,            0.033287,           0.0097542,           0.0014428,                   0,                   0,          0.00010711,          0.00010711,          0.00010711
                 285,            0.027682,            0.015122,              0.0009,                   0,             0.63066,              0.7849,             0.58013,             0.63733,             0.37359,            0.033127,           0.0097231,           0.0014413,                   0,                   0,           0.0001063,           0.0001063,           0.0001063
                 286,            0.027064,           0.0068557,           0.0022755,                   0,             0.62325,             0.79404,             0.57537,             0.63905,             0.37939,            0.032771,             0.00967,           0.0014278,                   0,                   0,          0.00010554,          0.00010554,          0.00010554
                 287,            0.036395,            0.016301,           0.0018537,                   0,              0.6492,             0.80855,             0.58489,             0.64321,             0.38589,            0.032444,           0.0096702,           0.0014335,                   0,                   0,          0.00010483,          0.00010483,          0.00010483
                 288,            0.025702,            0.011538,           0.0013725,                   0,             0.66555,             0.78043,             0.59994,             0.64125,             0.38265,             0.03263,           0.0097415,           0.0014343,                   0,                   0,          0.00010416,          0.00010416,          0.00010416
                 289,            0.033165,            0.034042,           0.0020159,                   0,             0.63955,             0.78239,             0.58986,             0.64195,             0.38476,            0.032474,           0.0097163,           0.0014313,                   0,                   0,          0.00010355,          0.00010355,          0.00010355
                 290,            0.028582,            0.013007,            0.001609,                   0,             0.64455,             0.78095,             0.59199,             0.64318,             0.37879,            0.032853,           0.0097661,           0.0014333,                   0,                   0,          0.00010298,          0.00010298,          0.00010298
                 291,            0.034882,            0.012976,           0.0019739,                   0,             0.60585,             0.78655,             0.59085,             0.63981,             0.37914,            0.032923,           0.0098128,           0.0014498,                   0,                   0,          0.00010247,          0.00010247,          0.00010247
                 292,            0.040837,           0.0084465,           0.0027496,                   0,             0.61139,             0.79215,             0.59411,             0.64065,             0.38215,            0.032826,           0.0097616,            0.001435,                   0,                   0,            0.000102,            0.000102,            0.000102
                 293,             0.03453,           0.0099355,           0.0014247,                   0,             0.60729,             0.80166,             0.57811,              0.6416,             0.38237,            0.033051,           0.0097991,           0.0014501,                   0,                   0,          0.00010158,          0.00010158,          0.00010158
                 294,            0.029663,            0.017069,           0.0014835,                   0,             0.62063,             0.79437,             0.58037,             0.64186,             0.38225,            0.033063,           0.0097781,           0.0014399,                   0,                   0,          0.00010121,          0.00010121,          0.00010121
                 295,            0.038828,            0.006978,           0.0036319,                   0,             0.61628,             0.81587,             0.57807,             0.64298,             0.38337,             0.03292,           0.0097617,           0.0014369,                   0,                   0,          0.00010089,          0.00010089,          0.00010089
                 296,            0.036033,            0.015029,           0.0014559,                   0,             0.62559,             0.80326,             0.58206,             0.64161,             0.38381,             0.03296,           0.0097977,           0.0014552,                   0,                   0,          0.00010062,          0.00010062,          0.00010062
                 297,            0.051683,            0.012453,           0.0038917,                   0,             0.64259,              0.7889,             0.58219,             0.63839,             0.38193,            0.033315,           0.0098626,           0.0014623,                   0,                   0,          0.00010039,          0.00010039,          0.00010039
                 298,            0.038359,            0.012392,           0.0041121,                   0,             0.63697,             0.78885,             0.58648,             0.63714,             0.38024,            0.033414,           0.0098292,           0.0014533,                   0,                   0,          0.00010022,          0.00010022,          0.00010022
                 299,            0.030976,            0.012446,           0.0040081,                   0,             0.63428,             0.78957,             0.59335,             0.63873,             0.37916,            0.033001,           0.0097795,           0.0014413,                   0,                   0,           0.0001001,           0.0001001,           0.0001001
