               epoch,      train/box_loss,      train/obj_loss,      train/cls_loss,     train/lmmd_loss,       train/fg_loss,   metrics/precision,      metrics/recall,     metrics/mAP_0.5,metrics/mAP_0.5:0.95,        val/box_loss,        val/obj_loss,        val/cls_loss,       val/lmmd_loss,         val/fg_loss,               x/lr0,               x/lr1,               x/lr2
                   0,            0.089063,            0.015847,            0.012193,                   0,              0.6559,                   0,                   0,                   0,                   0,              0.0853,            0.026001,            0.011971,                   0,                   0,            0.097426,             2.6e-05,             2.6e-05
                   1,            0.082548,            0.011616,            0.010326,                   0,             0.62919,                   0,                   0,                   0,                   0,            0.083133,            0.025793,            0.011386,                   0,                   0,            0.094753,          5.2999e-05,          5.2999e-05
                   2,             0.11888,            0.011367,            0.020091,                   0,             0.64027,                   0,                   0,                   0,                   0,            0.081402,             0.02645,            0.010848,                   0,                   0,             0.09208,          7.9992e-05,          7.9992e-05
                   3,            0.091726,           0.0087025,            0.013156,                   0,             0.62901,                   0,                   0,                   0,                   0,             0.08014,            0.027223,            0.010475,                   0,                   0,            0.089407,          0.00010698,          0.00010698
                   4,            0.079455,             0.01424,            0.010056,                   0,             0.63093,                   0,                   0,                   0,                   0,            0.078498,            0.028441,            0.010142,                   0,                   0,            0.086734,          0.00013395,          0.00013395
                   5,             0.04658,           0.0083665,           0.0046198,                   0,             0.60746,                   0,                   0,                   0,                   0,            0.077257,            0.029298,           0.0099078,                   0,                   0,            0.084061,           0.0001609,           0.0001609
                   6,             0.08092,            0.012956,           0.0089211,                   0,             0.62341,                   0,                   0,                   0,                   0,            0.075545,            0.030467,           0.0095828,                   0,                   0,            0.081388,          0.00018783,          0.00018783
                   7,            0.067432,           0.0095802,            0.010128,                   0,              0.6185,                   0,                   0,                   0,                   0,            0.073721,            0.031823,           0.0092368,                   0,                   0,            0.078715,          0.00021474,          0.00021474
                   8,             0.10216,           0.0093903,            0.016585,                   0,             0.63578,                   0,                   0,                   0,                   0,            0.071921,            0.032969,           0.0089351,                   0,                   0,            0.076042,          0.00024162,          0.00024162
                   9,             0.10145,            0.017095,            0.016461,                   0,              0.6342,          0.00012592,           0.0046296,          6.3841e-05,          9.5422e-06,            0.070173,            0.034112,           0.0085849,                   0,                   0,            0.073368,          0.00026846,          0.00026846
                  10,             0.07353,            0.012889,           0.0087175,                   0,             0.63387,           0.0013388,            0.049769,           0.0007412,          0.00018174,            0.068251,            0.035303,           0.0081532,                   0,                   0,            0.070695,          0.00029527,          0.00029527
                  11,            0.069857,            0.020539,           0.0087405,                   0,             0.64036,           0.0030933,             0.11574,           0.0019077,          0.00061651,            0.066047,            0.036905,           0.0077632,                   0,                   0,            0.068022,          0.00032204,          0.00032204
                  12,            0.063226,            0.011509,           0.0084544,                   0,             0.62512,            0.004259,             0.15972,           0.0028194,          0.00092315,            0.065802,            0.037503,           0.0074812,                   0,                   0,            0.065349,          0.00034876,          0.00034876
                  13,            0.066402,            0.017398,           0.0080141,                   0,             0.62681,           0.0066431,             0.24769,           0.0055813,           0.0020612,            0.064402,             0.03861,           0.0072542,                   0,                   0,            0.062675,          0.00037543,          0.00037543
                  14,             0.07631,             0.01601,            0.012081,                   0,             0.60733,           0.0084039,              0.3125,            0.012063,           0.0041831,            0.063076,            0.039789,           0.0070706,                   0,                   0,            0.060002,          0.00040205,          0.00040205
                  15,            0.088502,            0.016063,            0.015173,                   0,             0.62286,           0.0092017,             0.33912,            0.023282,           0.0076652,            0.061902,            0.040889,           0.0068843,                   0,                   0,            0.057329,          0.00042861,          0.00042861
                  16,            0.071691,             0.01881,            0.014764,                   0,             0.60938,           0.0098913,             0.37269,            0.065793,            0.021456,            0.060504,            0.042248,           0.0066939,                   0,                   0,            0.054655,          0.00045511,          0.00045511
                  17,            0.048597,           0.0093632,           0.0058869,                   0,             0.60921,           0.0093008,             0.35995,             0.11883,            0.040132,            0.059693,            0.043118,           0.0065199,                   0,                   0,            0.051982,          0.00048155,          0.00048155
                  18,            0.075193,            0.008245,            0.011184,                   0,             0.58468,           0.0092963,             0.37153,             0.17345,            0.058779,            0.058715,            0.044228,           0.0063199,                   0,                   0,            0.049308,          0.00050792,          0.00050792
                  19,             0.07288,            0.011404,            0.017155,                   0,              0.6275,           0.0090108,             0.36921,             0.16856,            0.048292,            0.058536,            0.044968,           0.0062107,                   0,                   0,            0.046634,          0.00053421,          0.00053421
                  20,            0.059474,             0.02291,           0.0058868,                   0,             0.62432,           0.0092145,             0.37963,             0.21919,            0.073386,            0.056641,            0.046176,           0.0060798,                   0,                   0,             0.04396,          0.00056043,          0.00056043
                  21,            0.060133,            0.018909,           0.0084269,                   0,             0.62432,           0.0096357,             0.39816,             0.23982,            0.081152,             0.05591,            0.046839,           0.0059395,                   0,                   0,            0.041287,          0.00058657,          0.00058657
                  22,            0.060869,             0.01371,           0.0052839,                   0,             0.62622,           0.0098629,             0.40625,             0.22324,            0.071033,            0.055297,             0.04753,           0.0058832,                   0,                   0,            0.038613,          0.00061263,          0.00061263
                  23,            0.044542,           0.0082294,           0.0040597,                   0,             0.61255,           0.0094714,             0.39236,             0.21948,            0.059929,            0.055681,             0.04764,           0.0057962,                   0,                   0,            0.035939,           0.0006386,           0.0006386
                  24,            0.056454,            0.024312,           0.0067513,                   0,             0.63744,           0.0090052,             0.36808,             0.21744,            0.074221,            0.054572,            0.048594,           0.0057143,                   0,                   0,            0.033264,          0.00066447,          0.00066447
                  25,            0.055523,            0.016829,           0.0063931,                   0,             0.60835,           0.0096967,             0.40165,             0.23739,            0.079618,            0.053999,            0.049032,           0.0056223,                   0,                   0,             0.03059,          0.00069025,          0.00069025
                  26,            0.033256,           0.0050374,           0.0044767,                   0,             0.60396,            0.010267,             0.42833,             0.26216,            0.093495,            0.052334,             0.04945,           0.0055318,                   0,                   0,            0.027916,          0.00071593,          0.00071593
                  27,            0.061637,             0.02651,           0.0089207,                   0,             0.62842,            0.011577,             0.46669,             0.24633,            0.094152,            0.051862,            0.049518,           0.0054325,                   0,                   0,            0.025242,          0.00074151,          0.00074151
                  28,            0.051315,             0.02986,           0.0072697,                   0,             0.61847,            0.011932,             0.48176,             0.24718,            0.091168,            0.051275,            0.049201,           0.0053757,                   0,                   0,            0.022567,          0.00076698,          0.00076698
                  29,            0.053517,            0.012037,           0.0068229,                   0,             0.60511,            0.012508,             0.49688,             0.23257,            0.076699,            0.052182,            0.048709,           0.0052828,                   0,                   0,            0.019892,          0.00079234,          0.00079234
                  30,            0.048777,            0.019501,           0.0059886,                   0,             0.60623,            0.013265,             0.51432,             0.21246,            0.065575,            0.051481,            0.048627,           0.0052391,                   0,                   0,            0.017218,          0.00081759,          0.00081759
                  31,            0.046863,             0.01789,           0.0061751,                   0,             0.62595,            0.015752,             0.56207,             0.24819,            0.093244,            0.049864,              0.0485,           0.0052242,                   0,                   0,            0.014543,          0.00084272,          0.00084272
                  32,            0.050184,            0.018034,           0.0059951,                   0,              0.6025,            0.020169,             0.64597,             0.22569,            0.066041,            0.051516,            0.046918,           0.0051991,                   0,                   0,            0.011868,          0.00086772,          0.00086772
                  33,             0.03132,           0.0098511,           0.0074198,                   0,             0.60246,            0.020423,             0.66342,             0.26751,            0.092628,            0.048683,             0.04656,           0.0052213,                   0,                   0,           0.0091926,           0.0008926,           0.0008926
                  34,             0.04238,            0.015421,           0.0054601,                   0,             0.60794,            0.058817,             0.50497,             0.27331,            0.096749,            0.048974,            0.044463,            0.005219,                   0,                   0,           0.0065174,          0.00091736,          0.00091736
                  35,            0.060298,            0.016422,             0.01217,                   0,             0.60264,              0.6857,             0.35185,             0.30676,             0.10782,            0.049053,            0.042994,           0.0051649,                   0,                   0,            0.003842,          0.00094198,          0.00094198
                  36,            0.050686,            0.025211,           0.0071655,                   0,             0.62394,             0.86925,             0.23207,             0.30552,             0.11561,            0.048161,            0.040962,            0.005094,                   0,                   0,           0.0011665,          0.00096646,          0.00096646
                  37,            0.044524,            0.020971,           0.0079054,                   0,             0.59396,             0.83586,             0.25926,             0.32539,             0.13459,            0.048646,            0.038469,           0.0050015,                   0,                   0,          0.00096664,          0.00096664,          0.00096664
                  38,            0.026786,           0.0063684,           0.0043706,                   0,             0.61002,             0.81991,             0.28472,             0.34825,             0.13509,            0.047797,             0.03541,           0.0049109,                   0,                   0,          0.00096664,          0.00096664,          0.00096664
                  39,            0.047172,            0.013663,           0.0092825,                   0,             0.60982,             0.83821,             0.29398,             0.36293,             0.15539,            0.046936,            0.032366,           0.0047461,                   0,                   0,          0.00096484,          0.00096484,          0.00096484
                  40,            0.039378,            0.022427,            0.004196,                   0,             0.60488,              0.8478,              0.2963,             0.37451,             0.15602,            0.047778,            0.029959,           0.0045547,                   0,                   0,          0.00096299,          0.00096299,          0.00096299
                  41,            0.034095,           0.0047792,           0.0034196,                   0,             0.59173,             0.84093,             0.31751,             0.37115,             0.14413,            0.047707,            0.028101,           0.0043572,                   0,                   0,           0.0009611,           0.0009611,           0.0009611
                  42,            0.060193,            0.017505,           0.0053612,                   0,             0.60091,              0.8699,             0.33333,             0.40549,             0.16564,             0.04669,            0.026816,           0.0041837,                   0,                   0,          0.00095916,          0.00095916,          0.00095916
                  43,            0.031692,           0.0056475,           0.0032918,                   0,             0.59929,             0.89836,             0.34722,             0.42025,             0.17411,            0.047112,             0.02577,            0.004073,                   0,                   0,          0.00095717,          0.00095717,          0.00095717
                  44,            0.043473,            0.011792,           0.0046015,                   0,             0.61091,             0.90199,             0.35185,             0.43279,             0.18003,            0.046603,            0.024866,           0.0040313,                   0,                   0,          0.00095514,          0.00095514,          0.00095514
                  45,            0.047917,            0.011603,           0.0097242,                   0,               0.614,             0.91391,             0.35185,             0.44742,             0.18031,            0.045653,            0.024807,           0.0039661,                   0,                   0,          0.00095307,          0.00095307,          0.00095307
                  46,            0.049755,            0.010433,           0.0045851,                   0,             0.60076,             0.90365,             0.33942,             0.43853,             0.18274,            0.045493,            0.024748,           0.0039052,                   0,                   0,          0.00095095,          0.00095095,          0.00095095
                  47,            0.064801,            0.014486,            0.013513,                   0,                0.61,             0.90262,             0.34454,             0.44447,              0.1893,            0.045827,            0.024155,           0.0037864,                   0,                   0,          0.00094879,          0.00094879,          0.00094879
                  48,             0.06443,            0.011785,           0.0058554,                   0,             0.60247,             0.89972,             0.35069,             0.45418,              0.1982,            0.047289,            0.023582,           0.0036884,                   0,                   0,          0.00094659,          0.00094659,          0.00094659
                  49,            0.023655,           0.0043254,           0.0030542,                   0,             0.59892,              0.8439,             0.33102,             0.41941,             0.14005,            0.046817,            0.023432,           0.0035788,                   0,                   0,          0.00094434,          0.00094434,          0.00094434
                  50,            0.057942,           0.0087185,           0.0098117,                   0,             0.61149,             0.90682,             0.36887,             0.50009,             0.22092,            0.045598,            0.023152,            0.003518,                   0,                   0,          0.00094205,          0.00094205,          0.00094205
                  51,            0.040639,            0.016872,           0.0065927,                   0,             0.61939,             0.87514,             0.34722,              0.4988,             0.20544,            0.046719,            0.022645,           0.0034646,                   0,                   0,          0.00093971,          0.00093971,          0.00093971
                  52,            0.035907,            0.012788,           0.0051155,                   0,             0.60011,             0.92465,             0.35417,             0.53807,             0.22898,            0.046277,            0.022157,           0.0033362,                   0,                   0,          0.00093733,          0.00093733,          0.00093733
                  53,              0.0436,            0.007482,           0.0051251,                   0,             0.59753,             0.42409,             0.58958,             0.54947,             0.22953,             0.04482,            0.022147,           0.0031541,                   0,                   0,          0.00093491,          0.00093491,          0.00093491
                  54,            0.048284,           0.0064904,           0.0080423,                   0,             0.60807,             0.45424,             0.65302,             0.60001,              0.2514,            0.046578,            0.021587,           0.0030009,                   0,                   0,          0.00093245,          0.00093245,          0.00093245
                  55,            0.040477,           0.0096025,           0.0033792,                   0,             0.62422,             0.47928,             0.65071,               0.614,             0.25881,            0.045047,            0.021472,           0.0029055,                   0,                   0,          0.00092995,          0.00092995,          0.00092995
                  56,            0.041965,           0.0093327,           0.0027957,                   0,             0.60184,             0.51794,             0.65707,             0.64165,             0.28397,            0.044993,            0.021194,           0.0028611,                   0,                   0,           0.0009274,           0.0009274,           0.0009274
                  57,             0.05017,           0.0082078,           0.0067063,                   0,             0.60301,             0.55898,              0.6624,             0.65843,             0.28745,            0.044969,            0.020645,           0.0028437,                   0,                   0,          0.00092481,          0.00092481,          0.00092481
                  58,            0.027887,            0.008854,           0.0024455,                   0,              0.6131,              0.5844,             0.66594,             0.67574,             0.27752,             0.04522,            0.020273,           0.0028453,                   0,                   0,          0.00092219,          0.00092219,          0.00092219
                  59,            0.047813,           0.0061399,           0.0034363,                   0,             0.59343,             0.65692,             0.64329,             0.66112,               0.291,            0.044566,            0.019865,           0.0027942,                   0,                   0,          0.00091952,          0.00091952,          0.00091952
                  60,            0.064213,            0.010666,           0.0048609,                   0,             0.60779,               0.672,             0.63954,              0.6679,              0.2849,            0.044299,            0.019384,           0.0027766,                   0,                   0,          0.00091681,          0.00091681,          0.00091681
                  61,            0.042255,            0.011967,           0.0026574,                   0,             0.62116,             0.64964,             0.64738,             0.67675,             0.28558,            0.044408,            0.019265,           0.0027483,                   0,                   0,          0.00091406,          0.00091406,          0.00091406
                  62,            0.033573,           0.0075394,           0.0031695,                   0,             0.61166,             0.68048,             0.64736,             0.67631,             0.29191,            0.043821,            0.018914,           0.0027222,                   0,                   0,          0.00091127,          0.00091127,          0.00091127
                  63,             0.03852,           0.0062409,           0.0060281,                   0,             0.62006,             0.66335,             0.64627,             0.68031,             0.31635,            0.044475,            0.018972,           0.0026954,                   0,                   0,          0.00090844,          0.00090844,          0.00090844
                  64,            0.049281,            0.011275,           0.0098093,                   0,             0.59277,             0.62705,             0.64628,             0.65126,             0.27052,            0.044019,            0.018784,           0.0026978,                   0,                   0,          0.00090557,          0.00090557,          0.00090557
                  65,            0.049352,           0.0093579,           0.0063761,                   0,             0.59695,             0.72064,             0.63686,             0.69841,             0.31932,            0.043033,            0.018608,           0.0026781,                   0,                   0,          0.00090266,          0.00090266,          0.00090266
                  66,             0.05134,           0.0055406,            0.010642,                   0,             0.60862,             0.71242,              0.6253,             0.69648,             0.31116,            0.044211,            0.018413,            0.002615,                   0,                   0,          0.00089972,          0.00089972,          0.00089972
                  67,             0.04753,            0.012859,           0.0052574,                   0,             0.60582,             0.69542,             0.63113,             0.68428,             0.30898,            0.043598,            0.018301,           0.0025574,                   0,                   0,          0.00089673,          0.00089673,          0.00089673
                  68,            0.037284,            0.011103,           0.0046577,                   0,             0.62371,             0.69001,             0.64049,             0.69421,               0.323,            0.043999,            0.018291,           0.0025388,                   0,                   0,          0.00089371,          0.00089371,          0.00089371
                  69,            0.033072,            0.011137,           0.0019375,                   0,             0.61829,             0.71817,             0.63697,             0.69485,             0.30922,            0.043624,            0.017966,           0.0025599,                   0,                   0,          0.00089065,          0.00089065,          0.00089065
                  70,            0.045169,            0.017173,           0.0048454,                   0,             0.62814,             0.75805,             0.63698,             0.70606,             0.33558,            0.043034,             0.01787,           0.0025338,                   0,                   0,          0.00088755,          0.00088755,          0.00088755
                  71,            0.028918,           0.0083073,           0.0027949,                   0,             0.59712,              0.7435,             0.63699,              0.7037,             0.32584,            0.043581,            0.017719,           0.0025282,                   0,                   0,          0.00088442,          0.00088442,          0.00088442
                  72,            0.027928,           0.0083215,           0.0028163,                   0,             0.60853,             0.73362,             0.64286,             0.70018,             0.30403,            0.043456,            0.017746,           0.0025465,                   0,                   0,          0.00088124,          0.00088124,          0.00088124
                  73,            0.049559,           0.0053755,           0.0032761,                   0,             0.59873,             0.73759,             0.65734,             0.71018,             0.30287,            0.042995,             0.01768,           0.0025328,                   0,                   0,          0.00087804,          0.00087804,          0.00087804
                  74,            0.036889,            0.010842,           0.0027514,                   0,             0.60017,             0.74823,             0.66083,             0.70932,             0.32836,            0.042445,            0.017582,           0.0024842,                   0,                   0,          0.00087479,          0.00087479,          0.00087479
                  75,            0.045536,           0.0056805,           0.0036634,                   0,             0.59182,             0.75669,             0.66333,              0.7146,             0.30999,            0.042994,            0.017756,           0.0024427,                   0,                   0,          0.00087151,          0.00087151,          0.00087151
                  76,             0.04815,           0.0051435,           0.0036444,                   0,             0.61217,             0.79376,             0.64557,             0.71191,               0.319,            0.042221,            0.017827,           0.0024022,                   0,                   0,           0.0008682,           0.0008682,           0.0008682
                  77,            0.040072,            0.010285,           0.0021803,                   0,             0.61635,              0.7765,             0.63908,             0.70615,             0.31761,            0.043015,            0.017876,           0.0023703,                   0,                   0,          0.00086485,          0.00086485,          0.00086485
                  78,             0.03955,           0.0096014,           0.0025535,                   0,             0.60047,              0.7904,             0.63488,             0.71331,             0.33541,            0.042073,            0.017852,           0.0023521,                   0,                   0,          0.00086146,          0.00086146,          0.00086146
                  79,            0.036335,           0.0076491,           0.0029376,                   0,             0.59792,             0.80511,              0.6336,             0.71388,             0.31712,            0.042958,            0.017919,           0.0023505,                   0,                   0,          0.00085805,          0.00085805,          0.00085805
                  80,             0.03897,            0.012658,           0.0021469,                   0,             0.59401,             0.76547,             0.65517,             0.72003,             0.33627,            0.042231,            0.017932,           0.0023329,                   0,                   0,          0.00085459,          0.00085459,          0.00085459
                  81,            0.052077,            0.023723,           0.0042922,                   0,             0.64517,             0.78793,             0.65959,             0.72538,             0.34568,            0.042236,             0.01798,            0.002346,                   0,                   0,          0.00085111,          0.00085111,          0.00085111
                  82,            0.038053,           0.0080479,           0.0034697,                   0,             0.60321,              0.7737,             0.63943,             0.72062,             0.32628,            0.043001,            0.017896,           0.0023487,                   0,                   0,          0.00084759,          0.00084759,          0.00084759
                  83,            0.034472,            0.013187,           0.0023121,                   0,             0.60489,             0.75388,             0.65349,             0.71704,             0.34518,            0.042852,            0.017691,           0.0023349,                   0,                   0,          0.00084404,          0.00084404,          0.00084404
                  84,            0.047433,           0.0082093,           0.0030462,                   0,             0.60489,             0.75238,             0.64898,             0.71136,             0.33337,            0.043392,            0.017806,           0.0023205,                   0,                   0,          0.00084046,          0.00084046,          0.00084046
                  85,            0.033723,           0.0082011,           0.0014515,                   0,             0.60933,             0.79192,             0.64266,             0.70963,             0.32766,            0.042965,            0.018001,           0.0023384,                   0,                   0,          0.00083684,          0.00083684,          0.00083684
                  86,            0.064812,             0.01546,           0.0042735,                   0,             0.64496,             0.82705,             0.64859,             0.72991,             0.34142,            0.042284,            0.017845,            0.002303,                   0,                   0,          0.00083319,          0.00083319,          0.00083319
                  87,             0.03443,           0.0069987,            0.003547,                   0,             0.59765,             0.84953,             0.64411,             0.73339,             0.33312,            0.042222,            0.017777,           0.0023339,                   0,                   0,          0.00082952,          0.00082952,          0.00082952
                  88,            0.037405,           0.0072596,           0.0031097,                   0,             0.59988,             0.83429,             0.64981,              0.7326,             0.32531,            0.042995,            0.017655,           0.0023488,                   0,                   0,          0.00082581,          0.00082581,          0.00082581
                  89,            0.043248,           0.0081042,           0.0034261,                   0,             0.57932,             0.81825,             0.64474,             0.72702,             0.31993,            0.042537,            0.017503,           0.0022832,                   0,                   0,          0.00082207,          0.00082207,          0.00082207
                  90,            0.039123,           0.0082179,           0.0019477,                   0,             0.59424,             0.74737,             0.67062,             0.72487,             0.32542,            0.042884,            0.017373,           0.0022557,                   0,                   0,           0.0008183,           0.0008183,           0.0008183
                  91,            0.021111,           0.0026438,          0.00083973,                   0,             0.59732,             0.75294,             0.66962,             0.72816,             0.33343,            0.042346,            0.017199,           0.0022358,                   0,                   0,           0.0008145,           0.0008145,           0.0008145
                  92,            0.050092,            0.011598,           0.0026895,                   0,              0.6126,             0.78391,             0.65006,              0.7234,             0.33651,            0.042241,            0.017092,           0.0022148,                   0,                   0,          0.00081068,          0.00081068,          0.00081068
                  93,            0.062169,            0.019958,           0.0047691,                   0,             0.62143,             0.76718,              0.6743,             0.73243,             0.34771,            0.041882,            0.017069,            0.002186,                   0,                   0,          0.00080682,          0.00080682,          0.00080682
                  94,            0.035134,           0.0074153,           0.0017682,                   0,             0.60457,             0.75552,             0.67198,             0.72509,             0.34838,            0.042583,            0.017031,           0.0021831,                   0,                   0,          0.00080294,          0.00080294,          0.00080294
                  95,            0.039373,           0.0028364,           0.0022334,                   0,             0.60137,             0.76759,              0.6659,             0.73056,              0.3289,            0.042254,            0.017033,           0.0022105,                   0,                   0,          0.00079903,          0.00079903,          0.00079903
                  96,            0.033716,           0.0051411,            0.001066,                   0,             0.60382,             0.79378,              0.6616,             0.73541,             0.35498,            0.042046,            0.017053,           0.0022306,                   0,                   0,          0.00079509,          0.00079509,          0.00079509
                  97,            0.037724,           0.0035705,           0.0026633,                   0,              0.5957,              0.7762,             0.64418,             0.72088,             0.34456,             0.04162,            0.017046,            0.002217,                   0,                   0,          0.00079112,          0.00079112,          0.00079112
                  98,            0.031603,           0.0049136,           0.0016351,                   0,              0.5963,             0.79192,             0.64972,             0.73353,             0.35642,             0.04158,            0.017027,           0.0021873,                   0,                   0,          0.00078713,          0.00078713,          0.00078713
                  99,             0.05883,           0.0068133,           0.0026707,                   0,             0.60633,              0.7853,             0.64964,             0.73592,             0.35773,            0.041459,            0.017173,           0.0021751,                   0,                   0,          0.00078311,          0.00078311,          0.00078311
                 100,            0.042362,           0.0078311,           0.0054803,                   0,              0.6103,             0.76683,             0.64333,             0.72526,             0.36684,            0.041906,             0.01715,             0.00217,                   0,                   0,          0.00077907,          0.00077907,          0.00077907
                 101,            0.033151,           0.0092435,            0.001989,                   0,             0.60691,             0.81625,             0.64649,             0.74262,             0.36808,            0.041975,            0.017616,           0.0021516,                   0,                   0,            0.000775,            0.000775,            0.000775
                 102,               0.032,           0.0059947,           0.0018706,                   0,             0.58858,             0.82291,             0.64535,             0.74045,             0.35718,            0.042315,            0.017847,           0.0021439,                   0,                   0,          0.00077091,          0.00077091,          0.00077091
                 103,            0.017178,           0.0031823,           0.0007567,                   0,             0.60049,             0.81322,             0.64997,             0.74813,             0.35178,            0.042589,            0.017941,            0.002157,                   0,                   0,          0.00076679,          0.00076679,          0.00076679
                 104,            0.041128,           0.0053987,           0.0026462,                   0,             0.60142,             0.82554,             0.66737,             0.75264,             0.36321,            0.042019,            0.017696,           0.0021539,                   0,                   0,          0.00076265,          0.00076265,          0.00076265
                 105,            0.035034,            0.010494,           0.0015542,                   0,             0.61043,             0.82334,             0.66154,             0.74984,             0.35261,            0.042057,            0.017669,           0.0021556,                   0,                   0,          0.00075848,          0.00075848,          0.00075848
                 106,            0.026467,           0.0051535,           0.0019184,                   0,             0.60877,              0.8102,             0.66153,             0.74573,             0.36199,            0.042016,            0.017351,           0.0021766,                   0,                   0,           0.0007543,           0.0007543,           0.0007543
                 107,            0.018499,            0.003025,          0.00043685,                   0,             0.59101,             0.82385,             0.65572,             0.75784,             0.37233,            0.041864,            0.017301,            0.002151,                   0,                   0,          0.00075009,          0.00075009,          0.00075009
                 108,            0.046531,            0.010338,           0.0029044,                   0,              0.6201,             0.81856,             0.64353,             0.74327,             0.35944,             0.04162,            0.017445,           0.0021316,                   0,                   0,          0.00074585,          0.00074585,          0.00074585
                 109,             0.04602,           0.0062241,           0.0019732,                   0,             0.58767,             0.79979,              0.6699,             0.74406,             0.36331,             0.04166,            0.017548,           0.0021229,                   0,                   0,           0.0007416,           0.0007416,           0.0007416
                 110,            0.027477,           0.0061518,           0.0013606,                   0,             0.59908,             0.75461,             0.70253,             0.75251,             0.37046,            0.041426,            0.017405,            0.002088,                   0,                   0,          0.00073733,          0.00073733,          0.00073733
                 111,            0.043965,           0.0094653,           0.0087528,                   0,             0.63331,             0.82941,             0.64417,             0.74252,             0.35135,             0.04168,             0.01741,           0.0020502,                   0,                   0,          0.00073303,          0.00073303,          0.00073303
                 112,            0.029671,           0.0050975,          0.00061163,                   0,             0.59679,             0.78372,               0.686,             0.75588,              0.3603,            0.041621,            0.017418,            0.002009,                   0,                   0,          0.00072872,          0.00072872,          0.00072872
                 113,            0.039028,           0.0088055,           0.0024726,                   0,             0.61241,             0.79809,             0.69065,             0.75542,             0.36705,            0.041792,            0.017412,           0.0020162,                   0,                   0,          0.00072438,          0.00072438,          0.00072438
                 114,            0.032877,            0.009144,           0.0023275,                   0,             0.60972,             0.81704,             0.67748,             0.75581,             0.35357,            0.042164,            0.017529,           0.0020311,                   0,                   0,          0.00072003,          0.00072003,          0.00072003
                 115,               0.048,            0.013184,           0.0046111,                   0,             0.61477,             0.79614,             0.68272,             0.74786,             0.35494,            0.042429,            0.017502,           0.0020558,                   0,                   0,          0.00071566,          0.00071566,          0.00071566
                 116,             0.02861,           0.0080264,           0.0012851,                   0,             0.60775,             0.80795,             0.69435,             0.75212,             0.36271,            0.042406,            0.017598,           0.0020963,                   0,                   0,          0.00071127,          0.00071127,          0.00071127
                 117,            0.013371,           0.0029007,          0.00050908,                   0,              0.5964,             0.79348,             0.69651,             0.75231,             0.35877,            0.042392,            0.017501,           0.0020912,                   0,                   0,          0.00070686,          0.00070686,          0.00070686
                 118,            0.036959,           0.0089617,            0.001996,                   0,             0.63134,             0.83099,             0.65557,             0.75146,              0.3676,            0.041764,            0.017401,           0.0020584,                   0,                   0,          0.00070243,          0.00070243,          0.00070243
                 119,            0.036473,           0.0069134,           0.0031553,                   0,              0.6259,             0.85155,             0.65053,             0.75533,              0.3632,            0.041852,            0.017389,           0.0020627,                   0,                   0,          0.00069799,          0.00069799,          0.00069799
                 120,             0.03567,           0.0058699,           0.0030765,                   0,             0.59736,             0.82993,             0.67669,             0.76208,             0.36886,            0.042111,            0.017461,           0.0020897,                   0,                   0,          0.00069353,          0.00069353,          0.00069353
                 121,            0.034614,           0.0074675,           0.0016622,                   0,             0.61524,             0.82044,             0.67902,             0.76143,             0.37199,            0.042369,            0.017433,           0.0021597,                   0,                   0,          0.00068906,          0.00068906,          0.00068906
                 122,             0.03478,             0.00822,           0.0030404,                   0,             0.59922,             0.82995,             0.68038,             0.76631,             0.38155,            0.042049,             0.01735,           0.0021471,                   0,                   0,          0.00068457,          0.00068457,          0.00068457
                 123,            0.036393,           0.0074468,           0.0011256,                   0,             0.62228,             0.84292,             0.68123,             0.76683,             0.38336,            0.041235,            0.017542,           0.0021199,                   0,                   0,          0.00068006,          0.00068006,          0.00068006
                 124,            0.041835,           0.0080757,           0.0034691,                   0,             0.58371,             0.83845,             0.66549,             0.76065,             0.37573,            0.042011,            0.017519,            0.002115,                   0,                   0,          0.00067555,          0.00067555,          0.00067555
                 125,            0.028891,           0.0087093,          0.00081693,                   0,             0.61945,             0.85636,             0.66639,             0.75727,             0.37674,            0.041359,             0.01756,           0.0021419,                   0,                   0,          0.00067101,          0.00067101,          0.00067101
                 126,            0.013045,           0.0032476,           0.0010062,                   0,             0.59688,             0.84561,             0.67665,             0.75491,             0.37763,            0.041301,            0.017651,           0.0021129,                   0,                   0,          0.00066647,          0.00066647,          0.00066647
                 127,            0.027669,           0.0087479,           0.0028652,                   0,              0.6026,             0.91018,             0.65118,             0.75245,             0.37208,            0.041101,            0.017716,           0.0020852,                   0,                   0,          0.00066191,          0.00066191,          0.00066191
                 128,            0.054298,            0.011563,           0.0036188,                   0,             0.60217,             0.89817,             0.64972,             0.75307,             0.37727,            0.041184,             0.01755,           0.0020689,                   0,                   0,          0.00065734,          0.00065734,          0.00065734
                 129,            0.039829,           0.0037846,           0.0024871,                   0,             0.61332,             0.87589,             0.65452,             0.75403,             0.38016,            0.041137,            0.017423,           0.0020453,                   0,                   0,          0.00065276,          0.00065276,          0.00065276
                 130,            0.062537,           0.0079163,           0.0030947,                   0,             0.63593,             0.89588,             0.64642,             0.76071,             0.37701,            0.041097,            0.017435,           0.0020454,                   0,                   0,          0.00064816,          0.00064816,          0.00064816
                 131,            0.037866,            0.007473,           0.0025854,                   0,             0.58707,             0.87233,             0.64654,             0.75925,             0.37268,            0.041197,            0.017389,           0.0020567,                   0,                   0,          0.00064356,          0.00064356,          0.00064356
                 132,            0.038792,           0.0076346,           0.0012927,                   0,             0.62014,             0.79773,              0.7006,             0.76725,             0.37914,            0.041166,            0.017271,            0.002074,                   0,                   0,          0.00063895,          0.00063895,          0.00063895
                 133,            0.060619,            0.015368,           0.0035113,                   0,             0.61985,             0.85107,             0.65362,             0.76331,             0.37562,            0.041654,            0.017262,           0.0020832,                   0,                   0,          0.00063432,          0.00063432,          0.00063432
                 134,            0.043682,            0.017646,           0.0033143,                   0,             0.61502,             0.87302,             0.66687,             0.76734,             0.38491,            0.041342,            0.017169,           0.0020592,                   0,                   0,          0.00062969,          0.00062969,          0.00062969
                 135,            0.029792,           0.0045134,           0.0028342,                   0,             0.58869,             0.83057,             0.67008,             0.75473,             0.36075,            0.041396,            0.017382,            0.002037,                   0,                   0,          0.00062505,          0.00062505,          0.00062505
                 136,            0.022522,           0.0077002,           0.0010627,                   0,             0.59441,             0.83426,             0.67457,             0.75678,             0.37332,            0.041345,            0.017202,           0.0020251,                   0,                   0,           0.0006204,           0.0006204,           0.0006204
                 137,            0.027747,           0.0052196,           0.0006685,                   0,             0.60321,             0.84205,             0.66301,             0.75276,             0.37679,            0.041281,            0.017177,             0.00201,                   0,                   0,          0.00061574,          0.00061574,          0.00061574
                 138,            0.015147,           0.0022588,          0.00023574,                   0,             0.59748,             0.85707,             0.65997,             0.75092,             0.35913,            0.041528,            0.017178,           0.0020095,                   0,                   0,          0.00061107,          0.00061107,          0.00061107
                 139,            0.043287,           0.0042787,           0.0014752,                   0,              0.5901,             0.85183,             0.66975,             0.76526,             0.37602,            0.041401,            0.017119,            0.002017,                   0,                   0,           0.0006064,           0.0006064,           0.0006064
                 140,            0.027918,            0.004556,          0.00079221,                   0,             0.60232,             0.83723,              0.6813,             0.75916,             0.37256,            0.041135,            0.017199,           0.0020309,                   0,                   0,          0.00060172,          0.00060172,          0.00060172
                 141,            0.031234,           0.0083272,           0.0019009,                   0,             0.61238,             0.82574,             0.67898,             0.75598,             0.37342,            0.041091,            0.017238,           0.0020534,                   0,                   0,          0.00059704,          0.00059704,          0.00059704
                 142,            0.033481,           0.0083988,           0.0013139,                   0,             0.60064,             0.88404,             0.64309,             0.75312,             0.37397,            0.040744,            0.017099,           0.0020849,                   0,                   0,          0.00059235,          0.00059235,          0.00059235
                 143,            0.033177,           0.0074595,          0.00052795,                   0,             0.60513,             0.81651,             0.68287,             0.75602,             0.37342,            0.040791,            0.017268,           0.0020764,                   0,                   0,          0.00058766,          0.00058766,          0.00058766
                 144,            0.035318,           0.0046598,           0.0025783,                   0,               0.597,             0.79287,             0.68889,             0.75622,             0.38379,            0.041031,              0.0174,           0.0020808,                   0,                   0,          0.00058296,          0.00058296,          0.00058296
                 145,            0.029066,           0.0071447,          0.00081618,                   0,             0.60367,             0.80182,             0.67089,             0.75242,             0.36839,            0.041041,             0.01752,           0.0020903,                   0,                   0,          0.00057826,          0.00057826,          0.00057826
                 146,            0.028635,           0.0067888,          0.00090549,                   0,             0.59639,             0.79704,             0.69184,             0.75905,             0.38038,             0.04087,            0.017218,           0.0020994,                   0,                   0,          0.00057355,          0.00057355,          0.00057355
                 147,             0.03086,           0.0035228,           0.0014569,                   0,             0.60141,             0.80188,             0.68805,             0.76019,             0.38803,            0.040812,            0.017172,           0.0021006,                   0,                   0,          0.00056884,          0.00056884,          0.00056884
                 148,            0.039764,           0.0063889,           0.0022621,                   0,             0.59742,             0.78579,             0.70516,             0.76383,             0.38856,            0.040746,            0.017036,           0.0020816,                   0,                   0,          0.00056413,          0.00056413,          0.00056413
                 149,            0.045408,           0.0051368,           0.0040276,                   0,             0.60862,              0.8408,             0.67534,             0.76264,             0.37941,            0.041109,            0.016996,            0.002063,                   0,                   0,          0.00055942,          0.00055942,          0.00055942
                 150,            0.035029,            0.007487,           0.0016818,                   0,             0.60022,             0.86575,             0.67029,               0.761,             0.37664,            0.041236,            0.016996,           0.0020634,                   0,                   0,          0.00055471,          0.00055471,          0.00055471
                 151,            0.034983,           0.0059189,           0.0021667,                   0,             0.60427,             0.87212,             0.66508,             0.76088,             0.38095,            0.040647,             0.01692,            0.002062,                   0,                   0,             0.00055,             0.00055,             0.00055
                 152,            0.034794,            0.006934,           0.0023761,                   0,             0.58054,             0.85148,             0.66647,             0.74809,             0.37864,             0.04053,            0.016925,           0.0020698,                   0,                   0,          0.00054529,          0.00054529,          0.00054529
                 153,            0.026342,           0.0089566,           0.0026333,                   0,             0.60528,             0.85566,             0.66507,             0.75411,             0.37808,            0.040656,            0.016947,           0.0020671,                   0,                   0,          0.00054058,          0.00054058,          0.00054058
                 154,            0.022868,           0.0031725,           0.0011234,                   0,             0.59902,             0.85886,             0.66623,             0.75068,             0.37782,            0.040804,            0.016964,           0.0020456,                   0,                   0,          0.00053587,          0.00053587,          0.00053587
                 155,            0.036215,           0.0045951,           0.0023117,                   0,             0.59854,             0.84792,             0.66156,             0.75384,             0.37734,            0.041098,            0.016977,           0.0020352,                   0,                   0,          0.00053116,          0.00053116,          0.00053116
                 156,            0.016066,           0.0046911,            0.001442,                   0,             0.62363,             0.84103,             0.66421,             0.75565,              0.3805,            0.041082,             0.01699,           0.0020444,                   0,                   0,          0.00052645,          0.00052645,          0.00052645
                 157,            0.030506,           0.0038492,          0.00094116,                   0,             0.59234,             0.80614,             0.67203,             0.74919,             0.37122,            0.041435,            0.016932,           0.0020505,                   0,                   0,          0.00052174,          0.00052174,          0.00052174
                 158,            0.034914,            0.004271,           0.0020796,                   0,             0.59835,             0.83149,              0.6811,               0.763,             0.37126,            0.041025,            0.016803,           0.0020538,                   0,                   0,          0.00051704,          0.00051704,          0.00051704
                 159,            0.027428,           0.0081673,           0.0030139,                   0,             0.60651,             0.84147,             0.67903,             0.76398,             0.38148,             0.04052,            0.016915,           0.0020503,                   0,                   0,          0.00051234,          0.00051234,          0.00051234
                 160,            0.024711,           0.0029167,          0.00073634,                   0,             0.59035,             0.83578,             0.67202,             0.76163,             0.38775,            0.040666,            0.016884,           0.0020213,                   0,                   0,          0.00050765,          0.00050765,          0.00050765
                 161,            0.042658,           0.0092839,           0.0034981,                   0,             0.59693,             0.80581,             0.69644,             0.76148,             0.38639,            0.040624,            0.016952,           0.0020056,                   0,                   0,          0.00050296,          0.00050296,          0.00050296
                 162,            0.023446,           0.0029517,          0.00085665,                   0,             0.59639,             0.79057,             0.69238,             0.74794,             0.37381,            0.040528,            0.017084,           0.0019762,                   0,                   0,          0.00049828,          0.00049828,          0.00049828
                 163,            0.014771,           0.0042644,          0.00091085,                   0,             0.60629,             0.78375,             0.68271,             0.75873,              0.3837,            0.040278,            0.017156,           0.0019476,                   0,                   0,           0.0004936,           0.0004936,           0.0004936
                 164,            0.038225,           0.0066424,           0.0033602,                   0,             0.59106,              0.8048,             0.67784,             0.76098,              0.3874,            0.040357,            0.017186,           0.0019604,                   0,                   0,          0.00048893,          0.00048893,          0.00048893
                 165,            0.028537,           0.0035106,          0.00059924,                   0,             0.61767,             0.82618,             0.65814,             0.76313,              0.3905,            0.040652,            0.017162,               0.002,                   0,                   0,          0.00048426,          0.00048426,          0.00048426
                 166,            0.036151,           0.0067635,           0.0019895,                   0,             0.59994,             0.86183,             0.64005,             0.75811,              0.3891,             0.04057,            0.017067,           0.0020225,                   0,                   0,           0.0004796,           0.0004796,           0.0004796
                 167,            0.035783,           0.0051733,           0.0017834,                   0,             0.61403,             0.82297,             0.67666,             0.76721,             0.37731,             0.04083,            0.017111,           0.0019855,                   0,                   0,          0.00047495,          0.00047495,          0.00047495
                 168,            0.014613,           0.0037873,          0.00030081,                   0,             0.61079,             0.85024,             0.66655,             0.76443,             0.39455,            0.040212,            0.017128,            0.001984,                   0,                   0,          0.00047031,          0.00047031,          0.00047031
                 169,            0.034583,           0.0067609,           0.0027079,                   0,             0.61669,             0.86388,             0.66074,             0.76743,             0.38745,            0.039928,            0.017153,           0.0019985,                   0,                   0,          0.00046568,          0.00046568,          0.00046568
                 170,            0.027548,            0.010879,           0.0011765,                   0,             0.59291,             0.85445,             0.66625,             0.76644,             0.38768,            0.040174,            0.017041,           0.0019974,                   0,                   0,          0.00046105,          0.00046105,          0.00046105
                 171,            0.040115,           0.0065473,          0.00082677,                   0,             0.59687,             0.85913,             0.66218,             0.76549,             0.38239,            0.040686,             0.01696,           0.0019882,                   0,                   0,          0.00045644,          0.00045644,          0.00045644
                 172,            0.030495,           0.0083396,          0.00079276,                   0,             0.61679,             0.86394,             0.66093,             0.76925,             0.39082,            0.040652,            0.016932,           0.0019936,                   0,                   0,          0.00045184,          0.00045184,          0.00045184
                 173,             0.02746,           0.0066056,          0.00048149,                   0,             0.60408,               0.821,             0.68387,             0.76472,             0.38513,            0.040684,            0.016967,           0.0020132,                   0,                   0,          0.00044724,          0.00044724,          0.00044724
                 174,            0.031082,           0.0036782,          0.00068814,                   0,             0.59059,             0.88121,              0.6592,             0.77001,             0.37949,            0.040958,            0.016993,            0.002029,                   0,                   0,          0.00044266,          0.00044266,          0.00044266
                 175,            0.041618,           0.0045983,           0.0020344,                   0,             0.58394,             0.83065,             0.66967,             0.75744,             0.37279,            0.040916,            0.016979,           0.0019998,                   0,                   0,          0.00043809,          0.00043809,          0.00043809
                 176,            0.014716,           0.0023916,          0.00066303,                   0,             0.61423,             0.82712,             0.67549,             0.76228,             0.38481,            0.040453,            0.016957,            0.001951,                   0,                   0,          0.00043353,          0.00043353,          0.00043353
                 177,             0.03007,           0.0062282,           0.0013894,                   0,             0.61342,             0.88527,             0.64551,             0.77101,             0.37525,            0.040197,            0.016919,           0.0019339,                   0,                   0,          0.00042899,          0.00042899,          0.00042899
                 178,            0.020019,           0.0025487,          0.00028877,                   0,             0.59341,              0.8145,             0.67696,              0.7631,             0.38342,            0.040255,            0.016922,           0.0019376,                   0,                   0,          0.00042445,          0.00042445,          0.00042445
                 179,            0.020538,           0.0021406,          0.00074265,                   0,             0.60071,             0.87687,             0.64179,             0.76088,             0.37624,            0.040412,            0.016929,           0.0019639,                   0,                   0,          0.00041994,          0.00041994,          0.00041994
                 180,            0.038703,           0.0053313,           0.0031276,                   0,             0.59742,             0.87659,             0.65284,             0.76075,              0.3849,            0.040683,            0.016993,           0.0019894,                   0,                   0,          0.00041543,          0.00041543,          0.00041543
                 181,            0.036841,           0.0081797,           0.0037001,                   0,             0.58732,              0.8104,             0.67594,             0.75712,             0.37971,            0.040597,            0.017057,           0.0019953,                   0,                   0,          0.00041094,          0.00041094,          0.00041094
                 182,            0.027788,           0.0028405,           0.0007274,                   0,             0.59811,             0.80984,             0.66972,             0.76128,             0.38603,            0.040681,            0.017133,           0.0019716,                   0,                   0,          0.00040647,          0.00040647,          0.00040647
                 183,            0.035926,             0.00548,           0.0033674,                   0,              0.6053,             0.81001,             0.67992,             0.75415,             0.38493,             0.04063,            0.017107,           0.0019467,                   0,                   0,          0.00040201,          0.00040201,          0.00040201
                 184,            0.046186,           0.0060536,           0.0032285,                   0,             0.60505,             0.86801,             0.66283,             0.76259,             0.38654,            0.040342,            0.017059,           0.0019388,                   0,                   0,          0.00039757,          0.00039757,          0.00039757
                 185,            0.045556,           0.0039336,           0.0010646,                   0,             0.58963,             0.87369,             0.66006,             0.76327,             0.38068,            0.040215,            0.016992,           0.0019197,                   0,                   0,          0.00039314,          0.00039314,          0.00039314
                 186,            0.037868,           0.0079261,           0.0019724,                   0,             0.60216,             0.86383,              0.6718,             0.76443,             0.39138,            0.040123,            0.016902,           0.0018993,                   0,                   0,          0.00038873,          0.00038873,          0.00038873
                 187,            0.025316,           0.0020371,          0.00051258,                   0,             0.60848,             0.85799,             0.67032,             0.76525,             0.38404,            0.040358,            0.016882,           0.0018821,                   0,                   0,          0.00038434,          0.00038434,          0.00038434
                 188,            0.032545,            0.011031,           0.0014526,                   0,             0.59224,             0.85657,             0.66415,             0.76385,             0.39007,            0.040404,            0.016839,           0.0018814,                   0,                   0,          0.00037997,          0.00037997,          0.00037997
                 189,            0.027583,           0.0058148,           0.0010526,                   0,             0.59687,             0.85995,             0.66146,             0.76549,             0.38898,            0.040625,            0.016886,           0.0018933,                   0,                   0,          0.00037562,          0.00037562,          0.00037562
                 190,            0.030351,           0.0052925,          0.00056825,                   0,             0.61003,              0.8581,             0.67127,             0.76724,              0.3787,            0.040222,            0.016951,           0.0019046,                   0,                   0,          0.00037128,          0.00037128,          0.00037128
                 191,            0.033972,           0.0054742,            0.002217,                   0,             0.60098,             0.82172,             0.68706,             0.76367,             0.39579,            0.039947,             0.01698,           0.0018997,                   0,                   0,          0.00036697,          0.00036697,          0.00036697
                 192,            0.021841,           0.0032453,          0.00057434,                   0,             0.60524,             0.82058,             0.68001,             0.75832,             0.38848,            0.039837,            0.017015,           0.0018915,                   0,                   0,          0.00036267,          0.00036267,          0.00036267
                 193,            0.048215,            0.013418,           0.0030749,                   0,             0.60843,             0.82619,             0.67808,             0.75398,             0.39578,            0.039727,            0.016999,            0.001884,                   0,                   0,           0.0003584,           0.0003584,           0.0003584
                 194,            0.011605,           0.0018325,           0.0012354,                   0,               0.598,             0.80552,             0.70124,             0.76415,             0.39272,            0.040102,            0.017011,           0.0018805,                   0,                   0,          0.00035415,          0.00035415,          0.00035415
                 195,            0.037573,           0.0039202,           0.0017519,                   0,             0.60356,              0.7828,             0.71651,             0.76312,             0.39864,            0.040149,            0.017002,           0.0018919,                   0,                   0,          0.00034991,          0.00034991,          0.00034991
                 196,            0.041961,           0.0056257,          0.00087975,                   0,             0.58949,             0.77362,             0.70927,             0.75719,             0.39912,            0.040402,            0.016972,            0.001901,                   0,                   0,           0.0003457,           0.0003457,           0.0003457
                 197,            0.027761,           0.0075601,           0.0013172,                   0,             0.59564,             0.76189,             0.70463,             0.75919,             0.39036,            0.040412,            0.016827,           0.0019106,                   0,                   0,          0.00034152,          0.00034152,          0.00034152
                 198,            0.035718,           0.0088571,           0.0021415,                   0,             0.61514,             0.78434,             0.70069,             0.76748,             0.39774,            0.040246,            0.016762,           0.0018989,                   0,                   0,          0.00033735,          0.00033735,          0.00033735
                 199,            0.014312,           0.0028084,          0.00066026,                   0,             0.60978,             0.78314,             0.69576,             0.75723,              0.3983,            0.040111,            0.016932,           0.0018769,                   0,                   0,          0.00033321,          0.00033321,          0.00033321
                 200,            0.039657,            0.017507,           0.0028474,                   0,             0.63502,              0.7897,             0.70232,             0.75959,              0.3885,            0.040145,            0.017044,           0.0018662,                   0,                   0,          0.00032909,          0.00032909,          0.00032909
                 201,             0.01817,            0.003539,           0.0017794,                   0,             0.60617,             0.78671,              0.6965,             0.75822,             0.39879,            0.040115,            0.017035,           0.0018588,                   0,                   0,            0.000325,            0.000325,            0.000325
                 202,            0.031112,           0.0048607,           0.0020367,                   0,             0.59231,             0.80708,             0.69151,             0.76603,             0.39624,             0.04015,            0.017029,           0.0018493,                   0,                   0,          0.00032093,          0.00032093,          0.00032093
                 203,            0.010938,           0.0013852,          0.00016624,                   0,             0.59509,             0.82711,             0.68138,             0.76763,              0.3877,            0.040199,            0.017014,           0.0018487,                   0,                   0,          0.00031689,          0.00031689,          0.00031689
                 204,            0.026137,           0.0045892,          0.00045847,                   0,             0.59151,             0.79367,             0.69998,             0.76807,             0.38731,            0.040211,            0.016986,           0.0018718,                   0,                   0,          0.00031287,          0.00031287,          0.00031287
                 205,            0.024622,           0.0059671,            0.002739,                   0,             0.59797,             0.83896,              0.6855,             0.77069,             0.39113,            0.040176,            0.017013,            0.001889,                   0,                   0,          0.00030888,          0.00030888,          0.00030888
                 206,             0.02029,           0.0027442,          0.00083424,                   0,             0.60273,             0.84501,              0.6715,             0.76403,             0.38832,            0.040055,            0.016979,           0.0019021,                   0,                   0,          0.00030491,          0.00030491,          0.00030491
                 207,            0.027384,           0.0079197,           0.0036392,                   0,             0.59126,             0.81333,             0.68933,             0.76437,             0.38002,            0.040164,            0.016924,           0.0019276,                   0,                   0,          0.00030097,          0.00030097,          0.00030097
                 208,            0.041978,           0.0050965,          0.00082921,                   0,             0.59134,             0.83426,              0.6758,             0.76271,             0.39335,            0.039925,            0.016838,           0.0019334,                   0,                   0,          0.00029706,          0.00029706,          0.00029706
                 209,            0.038835,            0.005424,           0.0026445,                   0,             0.60303,             0.83775,             0.67596,              0.7623,             0.38965,            0.040164,            0.016846,           0.0019355,                   0,                   0,          0.00029318,          0.00029318,          0.00029318
                 210,             0.02756,           0.0055974,          0.00050161,                   0,             0.59577,             0.87175,             0.66829,             0.76711,             0.39477,            0.039953,            0.016814,           0.0019032,                   0,                   0,          0.00028932,          0.00028932,          0.00028932
                 211,            0.032216,           0.0048444,          0.00040322,                   0,             0.59747,             0.88149,             0.66389,             0.76937,             0.39617,            0.039917,            0.016851,           0.0018669,                   0,                   0,           0.0002855,           0.0002855,           0.0002855
                 212,            0.030549,           0.0083796,           0.0012969,                   0,             0.62297,             0.87531,             0.66737,             0.76614,             0.40102,            0.039971,            0.016869,            0.001857,                   0,                   0,           0.0002817,           0.0002817,           0.0002817
                 213,            0.038831,           0.0072388,           0.0011725,                   0,             0.59447,             0.84928,             0.66908,             0.75699,             0.39651,            0.040061,            0.016858,           0.0018544,                   0,                   0,          0.00027793,          0.00027793,          0.00027793
                 214,             0.02529,           0.0045894,          0.00053103,                   0,             0.58794,             0.81478,              0.6883,               0.758,             0.39958,            0.040022,             0.01686,            0.001861,                   0,                   0,          0.00027419,          0.00027419,          0.00027419
                 215,            0.034902,            0.006166,           0.0028232,                   0,             0.59291,             0.85701,             0.66827,             0.76688,             0.40414,            0.039744,            0.016787,           0.0018616,                   0,                   0,          0.00027048,          0.00027048,          0.00027048
                 216,            0.029636,           0.0077249,          0.00065624,                   0,             0.58982,             0.82662,             0.67711,             0.76482,             0.40216,            0.039606,            0.016813,           0.0018509,                   0,                   0,          0.00026681,          0.00026681,          0.00026681
                 217,            0.043903,            0.006423,          0.00071999,                   0,             0.60039,             0.86672,             0.65686,             0.76402,             0.39924,            0.039722,            0.016788,           0.0018435,                   0,                   0,          0.00026316,          0.00026316,          0.00026316
                 218,            0.038209,           0.0037338,           0.0016055,                   0,             0.59675,             0.84242,             0.66804,             0.76466,             0.39734,            0.039621,             0.01678,            0.001835,                   0,                   0,          0.00025954,          0.00025954,          0.00025954
                 219,             0.03638,           0.0059393,          0.00034793,                   0,             0.62317,             0.88048,             0.65689,             0.77156,             0.39848,            0.039583,             0.01674,           0.0018357,                   0,                   0,          0.00025596,          0.00025596,          0.00025596
                 220,            0.018379,           0.0030659,          0.00021108,                   0,             0.59042,             0.75795,             0.72105,             0.76241,             0.39135,            0.039651,            0.016757,           0.0018374,                   0,                   0,          0.00025241,          0.00025241,          0.00025241
                 221,            0.026214,           0.0030828,          0.00070755,                   0,              0.5956,             0.88143,               0.665,              0.7688,             0.40256,            0.039515,            0.016764,            0.001845,                   0,                   0,          0.00024889,          0.00024889,          0.00024889
                 222,            0.025364,            0.001439,           0.0010741,                   0,             0.59136,             0.78555,             0.72052,             0.76713,             0.39736,            0.039614,             0.01681,           0.0018619,                   0,                   0,          0.00024541,          0.00024541,          0.00024541
                 223,             0.02966,           0.0042238,           0.0016037,                   0,             0.58713,             0.79675,             0.72313,             0.77135,             0.39891,            0.039619,            0.016805,           0.0018636,                   0,                   0,          0.00024195,          0.00024195,          0.00024195
                 224,            0.050936,            0.011437,           0.0023375,                   0,             0.61009,             0.79813,             0.70547,             0.76325,             0.39553,            0.039481,            0.016796,           0.0018611,                   0,                   0,          0.00023854,          0.00023854,          0.00023854
                 225,            0.029524,           0.0053441,           0.0021439,                   0,             0.59761,             0.79495,             0.70867,             0.76212,             0.39709,             0.03946,            0.016832,           0.0018582,                   0,                   0,          0.00023515,          0.00023515,          0.00023515
                 226,            0.026933,           0.0089176,          0.00090458,                   0,             0.61756,             0.78799,             0.70808,             0.76497,             0.39713,            0.039558,            0.016843,           0.0018601,                   0,                   0,           0.0002318,           0.0002318,           0.0002318
                 227,            0.030101,           0.0065051,           0.0037899,                   0,             0.59519,             0.80088,             0.70125,             0.76206,               0.394,            0.039417,            0.016836,           0.0018633,                   0,                   0,          0.00022849,          0.00022849,          0.00022849
                 228,            0.014667,           0.0035736,          0.00050022,                   0,             0.60928,             0.81879,             0.68598,             0.75997,             0.39307,            0.039538,            0.016797,           0.0018775,                   0,                   0,          0.00022521,          0.00022521,          0.00022521
                 229,            0.026651,           0.0039347,           0.0015102,                   0,             0.59052,             0.81095,             0.70673,             0.76477,             0.39357,            0.039593,            0.016793,           0.0018867,                   0,                   0,          0.00022196,          0.00022196,          0.00022196
                 230,            0.044398,           0.0042804,           0.0026615,                   0,             0.60265,             0.86862,             0.66161,             0.76584,              0.3906,            0.039712,            0.016851,           0.0018787,                   0,                   0,          0.00021876,          0.00021876,          0.00021876
                 231,            0.032174,           0.0082715,           0.0007815,                   0,              0.5954,             0.78898,              0.7023,             0.76391,             0.39116,            0.039767,            0.016934,           0.0018592,                   0,                   0,          0.00021558,          0.00021558,          0.00021558
                 232,            0.028226,           0.0040514,           0.0032228,                   0,             0.61086,             0.79165,              0.6935,             0.76203,             0.39767,            0.039798,            0.016994,           0.0018496,                   0,                   0,          0.00021245,          0.00021245,          0.00021245
                 233,            0.019822,           0.0016251,           0.0018222,                   0,             0.58822,             0.78162,             0.70158,             0.76606,             0.39641,            0.039585,            0.016993,           0.0018437,                   0,                   0,          0.00020935,          0.00020935,          0.00020935
                 234,            0.015137,           0.0019761,          0.00024981,                   0,             0.59658,             0.80087,             0.70084,             0.76484,             0.40077,            0.039583,               0.017,           0.0018484,                   0,                   0,          0.00020629,          0.00020629,          0.00020629
                 235,            0.027294,           0.0060719,           0.0004379,                   0,             0.58694,             0.78731,              0.7059,             0.76407,             0.39679,            0.039755,            0.016972,           0.0018529,                   0,                   0,          0.00020327,          0.00020327,          0.00020327
                 236,            0.020676,           0.0060156,          0.00030919,                   0,             0.62378,               0.799,             0.70905,             0.76969,             0.40277,            0.039574,            0.017005,            0.001867,                   0,                   0,          0.00020028,          0.00020028,          0.00020028
                 237,            0.023134,           0.0011737,           0.0015382,                   0,             0.59008,             0.80458,             0.71156,             0.76933,             0.39861,            0.039762,            0.017046,           0.0018835,                   0,                   0,          0.00019734,          0.00019734,          0.00019734
                 238,            0.023003,           0.0041416,           0.0013404,                   0,             0.60523,             0.80416,             0.70626,             0.76948,             0.39908,             0.03984,            0.016975,            0.001891,                   0,                   0,          0.00019443,          0.00019443,          0.00019443
                 239,            0.028299,           0.0027921,           0.0006244,                   0,             0.58467,             0.79744,             0.71291,             0.76509,             0.39435,            0.040005,            0.016932,           0.0019109,                   0,                   0,          0.00019156,          0.00019156,          0.00019156
                 240,            0.015599,            0.004018,          0.00051971,                   0,             0.60149,              0.7783,             0.71504,             0.75861,             0.38997,            0.040141,            0.016906,           0.0019215,                   0,                   0,          0.00018873,          0.00018873,          0.00018873
                 241,            0.030188,           0.0092584,           0.0013468,                   0,             0.60255,             0.78099,             0.71737,             0.75938,             0.39271,            0.040119,            0.016895,           0.0019217,                   0,                   0,          0.00018594,          0.00018594,          0.00018594
                 242,            0.038091,           0.0050159,            0.003044,                   0,             0.60306,             0.78943,             0.70187,             0.76046,             0.39049,             0.04025,            0.016961,           0.0019216,                   0,                   0,          0.00018319,          0.00018319,          0.00018319
                 243,            0.028349,           0.0026878,           0.0010247,                   0,             0.59134,             0.79125,             0.70385,             0.76363,             0.39621,            0.040108,            0.016951,           0.0019092,                   0,                   0,          0.00018048,          0.00018048,          0.00018048
                 244,            0.029836,           0.0041019,           0.0032097,                   0,             0.59414,             0.78749,             0.70471,             0.76551,             0.39237,            0.040143,            0.016999,           0.0019035,                   0,                   0,          0.00017781,          0.00017781,          0.00017781
                 245,            0.026357,             0.00467,          0.00082187,                   0,             0.61618,             0.80268,             0.70521,             0.76216,             0.39571,            0.040094,            0.017049,           0.0019102,                   0,                   0,          0.00017519,          0.00017519,          0.00017519
                 246,            0.033378,           0.0026673,             0.00205,                   0,             0.59379,             0.79347,             0.70511,             0.76063,             0.39751,            0.039901,            0.017031,           0.0019199,                   0,                   0,           0.0001726,           0.0001726,           0.0001726
                 247,            0.025444,           0.0060693,           0.0016196,                   0,             0.61984,             0.79617,             0.71118,             0.76175,             0.39465,            0.040017,            0.017011,           0.0019392,                   0,                   0,          0.00017005,          0.00017005,          0.00017005
                 248,            0.030244,           0.0057497,          0.00084105,                   0,             0.60403,             0.79123,             0.70582,             0.75673,             0.39903,            0.039994,            0.016939,           0.0019415,                   0,                   0,          0.00016755,          0.00016755,          0.00016755
                 249,            0.028281,           0.0061219,           0.0020733,                   0,              0.5996,             0.83718,             0.67434,             0.76976,             0.40094,            0.039742,            0.016954,           0.0019314,                   0,                   0,          0.00016509,          0.00016509,          0.00016509
                 250,             0.02746,           0.0071702,           0.0011343,                   0,              0.6276,             0.82449,             0.68868,             0.76649,              0.3993,            0.039638,            0.017008,           0.0019184,                   0,                   0,          0.00016267,          0.00016267,          0.00016267
                 251,            0.025633,           0.0073927,            0.001808,                   0,             0.60059,             0.81199,             0.70571,             0.76871,             0.39732,            0.039649,            0.017097,           0.0019116,                   0,                   0,          0.00016029,          0.00016029,          0.00016029
                 252,            0.017268,           0.0027678,          0.00053031,                   0,             0.58686,             0.81632,             0.68826,             0.76636,             0.39612,            0.039913,            0.017113,           0.0019107,                   0,                   0,          0.00015795,          0.00015795,          0.00015795
                 253,            0.039417,           0.0059561,           0.0026145,                   0,             0.61538,             0.88812,             0.64417,             0.76844,             0.39598,            0.039772,            0.017114,           0.0018974,                   0,                   0,          0.00015566,          0.00015566,          0.00015566
                 254,            0.025851,           0.0065281,           0.0013617,                   0,             0.61215,             0.81625,             0.69966,             0.76946,             0.39488,            0.040073,            0.017133,           0.0019038,                   0,                   0,          0.00015341,          0.00015341,          0.00015341
                 255,            0.024388,           0.0034398,           0.0016892,                   0,             0.60819,             0.80673,             0.69414,             0.76448,             0.39059,            0.040143,            0.017173,           0.0019043,                   0,                   0,          0.00015121,          0.00015121,          0.00015121
                 256,            0.038505,           0.0049519,           0.0012649,                   0,             0.60192,             0.80676,              0.6953,             0.76687,             0.39613,            0.040132,            0.017215,           0.0018997,                   0,                   0,          0.00014905,          0.00014905,          0.00014905
                 257,            0.029224,           0.0044556,           0.0010107,                   0,             0.60291,             0.81932,             0.69555,             0.77341,             0.39572,            0.040245,            0.017288,           0.0019091,                   0,                   0,          0.00014693,          0.00014693,          0.00014693
                 258,            0.011434,           0.0018757,          0.00026067,                   0,             0.61296,             0.80759,             0.69927,             0.77323,             0.39473,            0.040282,            0.017313,           0.0019261,                   0,                   0,          0.00014486,          0.00014486,          0.00014486
                 259,            0.027489,           0.0077129,          0.00053162,                   0,             0.63889,             0.81763,             0.69769,             0.77011,             0.38971,            0.040269,            0.017301,            0.001927,                   0,                   0,          0.00014283,          0.00014283,          0.00014283
                 260,            0.030104,           0.0060639,          0.00068945,                   0,             0.61496,             0.82538,             0.70088,             0.77147,             0.39359,            0.040079,            0.017188,           0.0019214,                   0,                   0,          0.00014084,          0.00014084,          0.00014084
                 261,            0.036377,           0.0055266,           0.0014737,                   0,             0.59605,             0.80616,             0.70903,             0.77581,             0.39795,            0.040075,            0.017146,           0.0019026,                   0,                   0,           0.0001389,           0.0001389,           0.0001389
                 262,            0.027529,           0.0041851,            0.000348,                   0,             0.60094,             0.78934,             0.71389,             0.76965,             0.39689,            0.040044,            0.017099,           0.0018932,                   0,                   0,          0.00013701,          0.00013701,          0.00013701
                 263,            0.026476,           0.0045473,          0.00093804,                   0,             0.61955,             0.81329,             0.69045,             0.77011,             0.39873,            0.040013,            0.016988,           0.0018885,                   0,                   0,          0.00013516,          0.00013516,          0.00013516
                 264,            0.019287,            0.002983,          0.00032773,                   0,             0.59319,             0.82148,             0.69248,             0.77064,             0.39703,            0.039978,            0.016936,           0.0018872,                   0,                   0,          0.00013336,          0.00013336,          0.00013336
                 265,            0.032653,           0.0083418,           0.0023907,                   0,             0.59922,             0.78775,             0.71752,              0.7682,             0.40117,            0.039803,            0.016831,           0.0018844,                   0,                   0,           0.0001316,           0.0001316,           0.0001316
                 266,            0.029179,           0.0061064,          0.00038686,                   0,             0.60319,             0.80237,              0.7112,             0.77232,             0.40327,            0.039754,            0.016848,           0.0018874,                   0,                   0,          0.00012989,          0.00012989,          0.00012989
                 267,            0.042579,           0.0094518,           0.0017279,                   0,             0.59418,             0.81394,             0.70458,             0.77534,              0.4024,            0.039606,             0.01688,           0.0018824,                   0,                   0,          0.00012822,          0.00012822,          0.00012822
                 268,            0.029767,           0.0070039,           0.0022823,                   0,             0.61286,             0.80707,             0.70768,             0.77146,             0.40111,            0.039608,            0.016887,           0.0018824,                   0,                   0,           0.0001266,           0.0001266,           0.0001266
                 269,            0.028578,           0.0056479,           0.0022514,                   0,             0.61536,             0.82254,             0.70456,             0.76816,             0.39239,            0.039688,            0.016906,           0.0018822,                   0,                   0,          0.00012503,          0.00012503,          0.00012503
                 270,            0.014007,           0.0019524,          0.00013771,                   0,             0.60932,             0.81054,             0.69732,             0.76819,             0.39934,            0.039671,            0.016871,           0.0018836,                   0,                   0,           0.0001235,           0.0001235,           0.0001235
                 271,            0.025444,           0.0059161,           0.0016092,                   0,             0.59044,             0.82816,             0.69299,             0.77144,             0.40439,            0.039647,            0.016899,            0.001879,                   0,                   0,          0.00012202,          0.00012202,          0.00012202
                 272,            0.018884,           0.0024324,          0.00024832,                   0,             0.59228,             0.87082,             0.66219,             0.76545,             0.40359,            0.039676,            0.016896,           0.0018741,                   0,                   0,          0.00012059,          0.00012059,          0.00012059
                 273,            0.029251,           0.0049834,           0.0015843,                   0,             0.60601,             0.87376,             0.65691,             0.76289,             0.40281,            0.039703,            0.016921,           0.0018795,                   0,                   0,          0.00011921,          0.00011921,          0.00011921
                 274,            0.027646,           0.0091304,          0.00073467,                   0,             0.61961,             0.87063,             0.67242,             0.77034,             0.40185,            0.039864,             0.01689,           0.0019018,                   0,                   0,          0.00011787,          0.00011787,          0.00011787
                 275,            0.034659,           0.0052783,           0.0035122,                   0,             0.60956,             0.82426,             0.68831,             0.76643,             0.40447,            0.039754,            0.016886,           0.0018973,                   0,                   0,          0.00011658,          0.00011658,          0.00011658
                 276,            0.020307,            0.003247,          0.00083774,                   0,             0.58909,             0.80809,              0.6979,             0.76737,             0.40493,            0.039805,             0.01693,           0.0018913,                   0,                   0,          0.00011533,          0.00011533,          0.00011533
                 277,            0.034276,           0.0045479,           0.0020062,                   0,              0.5918,             0.81711,             0.70454,             0.76957,             0.40629,             0.03972,            0.016946,           0.0018914,                   0,                   0,          0.00011414,          0.00011414,          0.00011414
                 278,             0.02894,           0.0062183,           0.0027468,                   0,             0.60443,             0.83533,             0.68409,             0.77147,             0.40521,            0.039803,            0.016993,           0.0018962,                   0,                   0,          0.00011299,          0.00011299,          0.00011299
                 279,            0.025075,           0.0070025,          0.00048831,                   0,             0.60168,             0.80067,             0.70882,             0.77045,             0.40238,            0.039918,            0.016971,           0.0018891,                   0,                   0,          0.00011189,          0.00011189,          0.00011189
                 280,            0.028468,           0.0052351,           0.0027815,                   0,             0.61688,             0.81035,             0.69839,             0.77282,             0.40531,            0.039761,            0.016996,           0.0018923,                   0,                   0,          0.00011084,          0.00011084,          0.00011084
                 281,             0.03355,            0.004779,          0.00044322,                   0,             0.59846,             0.80009,             0.70959,             0.76768,             0.40339,            0.039664,            0.016981,           0.0018989,                   0,                   0,          0.00010983,          0.00010983,          0.00010983
                 282,            0.042053,             0.00559,           0.0017416,                   0,             0.61038,             0.78432,              0.7197,             0.76671,             0.40139,            0.039844,            0.016945,            0.001893,                   0,                   0,          0.00010888,          0.00010888,          0.00010888
                 283,            0.022698,           0.0050216,          0.00056983,                   0,             0.59659,              0.8015,             0.70297,             0.76872,              0.4032,            0.039503,            0.016904,           0.0018716,                   0,                   0,          0.00010797,          0.00010797,          0.00010797
                 284,            0.020725,           0.0036917,          0.00051765,                   0,             0.59075,             0.81056,             0.70436,             0.76924,             0.40001,             0.03945,            0.016999,           0.0018634,                   0,                   0,          0.00010711,          0.00010711,          0.00010711
                 285,             0.03051,           0.0062501,            0.002293,                   0,             0.59857,             0.85495,             0.67321,             0.76928,             0.39917,            0.039484,            0.017049,           0.0018571,                   0,                   0,           0.0001063,           0.0001063,           0.0001063
                 286,            0.030161,           0.0066363,           0.0011744,                   0,             0.59434,             0.79228,             0.70343,             0.76393,             0.40128,            0.039425,            0.017018,           0.0018512,                   0,                   0,          0.00010554,          0.00010554,          0.00010554
                 287,            0.026483,           0.0082117,          0.00063342,                   0,             0.60514,             0.85733,             0.67771,             0.77037,             0.40151,            0.039529,            0.017023,           0.0018438,                   0,                   0,          0.00010483,          0.00010483,          0.00010483
                 288,            0.031585,           0.0080552,            0.001407,                   0,              0.6247,             0.79203,             0.71461,             0.76826,             0.39914,            0.039618,            0.017026,           0.0018436,                   0,                   0,          0.00010416,          0.00010416,          0.00010416
                 289,            0.018767,           0.0074518,          0.00042481,                   0,             0.60263,             0.78637,             0.71333,             0.76904,             0.40299,            0.039566,            0.017031,           0.0018386,                   0,                   0,          0.00010355,          0.00010355,          0.00010355
                 290,            0.026734,           0.0051391,           0.0025101,                   0,             0.59414,              0.7943,             0.70074,             0.76698,             0.40131,            0.039532,             0.01704,           0.0018363,                   0,                   0,          0.00010298,          0.00010298,          0.00010298
                 291,             0.02285,           0.0057918,          0.00055135,                   0,             0.61701,             0.79231,             0.70679,             0.76668,             0.39859,              0.0396,             0.01705,           0.0018417,                   0,                   0,          0.00010247,          0.00010247,          0.00010247
                 292,            0.049659,            0.003029,           0.0031943,                   0,             0.58945,             0.79705,             0.70657,             0.76318,             0.39327,            0.039728,            0.017092,           0.0018389,                   0,                   0,            0.000102,            0.000102,            0.000102
                 293,            0.017044,           0.0021211,          0.00049872,                   0,             0.58278,              0.7965,             0.70463,             0.76382,             0.39828,             0.03974,            0.017107,           0.0018335,                   0,                   0,          0.00010158,          0.00010158,          0.00010158
                 294,            0.034942,           0.0066741,            0.001702,                   0,             0.59347,             0.79577,             0.71213,             0.76598,             0.39682,            0.039827,            0.017091,           0.0018373,                   0,                   0,          0.00010121,          0.00010121,          0.00010121
                 295,            0.035889,           0.0092632,           0.0011503,                   0,             0.58926,               0.796,             0.70947,             0.76723,             0.39979,             0.03976,            0.017074,           0.0018387,                   0,                   0,          0.00010089,          0.00010089,          0.00010089
                 296,            0.034834,           0.0047949,          0.00048514,                   0,             0.61657,             0.79624,             0.71753,             0.76776,              0.3999,            0.039695,            0.017057,           0.0018424,                   0,                   0,          0.00010062,          0.00010062,          0.00010062
                 297,            0.020165,           0.0032244,           0.0017948,                   0,             0.58019,             0.79348,             0.71077,               0.768,             0.39487,            0.039723,            0.017002,           0.0018388,                   0,                   0,          0.00010039,          0.00010039,          0.00010039
                 298,            0.024676,           0.0021746,           0.0020482,                   0,             0.58662,             0.80641,             0.69475,             0.77148,             0.39853,            0.039743,            0.017009,           0.0018393,                   0,                   0,          0.00010022,          0.00010022,          0.00010022
                 299,            0.037077,           0.0060266,           0.0020875,                   0,             0.58649,             0.83462,             0.68667,             0.77558,             0.39448,            0.039749,            0.016956,           0.0018317,                   0,                   0,           0.0001001,           0.0001001,           0.0001001
