               epoch,      train/box_loss,      train/obj_loss,      train/cls_loss,     train/lmmd_loss,       train/fg_loss,   metrics/precision,      metrics/recall,     metrics/mAP_0.5,metrics/mAP_0.5:0.95,        val/box_loss,        val/obj_loss,        val/cls_loss,       val/lmmd_loss,         val/fg_loss,               x/lr0,               x/lr1,               x/lr2
                   0,             0.11299,            0.047862,            0.017114,                   0,             0.64441,                   0,                   0,                   0,                   0,            0.084111,            0.023775,            0.011169,                   0,                   0,            0.097228,             2.8e-05,             2.8e-05
                   1,             0.10638,            0.032309,            0.014994,                   0,              0.6308,          6.1054e-05,           0.0028169,          3.0745e-05,          4.6074e-06,            0.081645,            0.023745,            0.010162,                   0,                   0,            0.094357,          5.6999e-05,          5.6999e-05
                   2,            0.085499,            0.029105,           0.0097808,                   0,             0.60253,           5.572e-05,           0.0028169,           2.812e-05,           2.812e-06,            0.079658,            0.024169,           0.0092368,                   0,                   0,            0.091486,          8.5992e-05,          8.5992e-05
                   3,            0.091121,            0.030439,            0.011402,                   0,             0.61991,          0.00015852,           0.0084507,          8.0658e-05,          1.8729e-05,            0.078064,            0.024509,           0.0084155,                   0,                   0,            0.088615,          0.00011497,          0.00011497
                   4,            0.077855,            0.032246,            0.008271,                   0,             0.61204,          0.00053893,            0.029577,          0.00028565,          8.8416e-05,            0.076547,            0.024862,            0.007885,                   0,                   0,            0.085744,          0.00014394,          0.00014394
                   5,            0.099005,            0.037023,           0.0098302,                   0,             0.62259,          0.00090217,            0.050704,          0.00050707,          0.00014142,            0.074957,             0.02513,            0.007424,                   0,                   0,            0.082873,          0.00017289,          0.00017289
                   6,            0.076326,            0.037903,           0.0069987,                   0,               0.611,           0.0012419,            0.070423,          0.00080595,          0.00023121,            0.072933,            0.025493,           0.0069846,                   0,                   0,            0.080002,          0.00020182,          0.00020182
                   7,            0.096742,            0.039557,           0.0088279,                   0,             0.60834,           0.0031554,             0.18169,           0.0032368,          0.00074116,            0.070145,            0.026286,           0.0064975,                   0,                   0,            0.077131,          0.00023072,          0.00023072
                   8,             0.08469,            0.042379,           0.0073071,                   0,             0.61168,           0.0049543,             0.29296,            0.024681,           0.0055343,            0.067066,            0.026737,           0.0060384,                   0,                   0,             0.07426,          0.00025959,          0.00025959
                   9,            0.082517,            0.049544,           0.0070067,                   0,             0.62671,           0.0056254,             0.33662,             0.10309,            0.024963,            0.064062,            0.027028,           0.0055987,                   0,                   0,            0.071388,          0.00028842,          0.00028842
                  10,            0.083598,            0.070502,            0.010447,                   0,              0.6259,           0.0058683,             0.35211,             0.16972,            0.045105,            0.061895,            0.026906,           0.0052485,                   0,                   0,            0.068517,          0.00031722,          0.00031722
                  11,            0.095268,            0.053983,            0.007411,                   0,             0.63506,            0.087949,             0.35352,              0.2498,            0.069875,             0.05979,             0.02628,           0.0049436,                   0,                   0,            0.065646,          0.00034597,          0.00034597
                  12,            0.092593,            0.027039,            0.015693,                   0,              0.6029,             0.83251,              0.2493,              0.2811,             0.08791,             0.05835,            0.025491,           0.0047154,                   0,                   0,            0.062775,          0.00037467,          0.00037467
                  13,            0.077259,            0.026709,           0.0079556,                   0,             0.59888,             0.82609,             0.32219,             0.31627,             0.11738,            0.057012,             0.02422,           0.0044481,                   0,                   0,            0.059903,          0.00040331,          0.00040331
                  14,            0.068547,            0.035977,           0.0044274,                   0,             0.60645,             0.82859,             0.31831,             0.32407,             0.12799,            0.055304,            0.022952,           0.0041973,                   0,                   0,            0.057032,           0.0004319,           0.0004319
                  15,            0.074147,            0.037621,           0.0051402,                   0,             0.61432,             0.84558,             0.32113,             0.33283,             0.12868,            0.053722,            0.020997,           0.0039194,                   0,                   0,             0.05416,          0.00046043,          0.00046043
                  16,            0.071174,            0.041804,           0.0059204,                   0,             0.61485,             0.87167,             0.33449,              0.3544,             0.15916,            0.051913,            0.018873,           0.0036336,                   0,                   0,            0.051289,           0.0004889,           0.0004889
                  17,            0.069378,            0.031428,           0.0048748,                   0,             0.61475,              0.8045,             0.30055,              0.3117,             0.11893,            0.051051,            0.017422,           0.0034197,                   0,                   0,            0.048417,          0.00051729,          0.00051729
                  18,            0.061636,            0.025365,           0.0025754,                   0,             0.59851,             0.73677,             0.29577,             0.26354,            0.086397,            0.050043,            0.016361,           0.0031974,                   0,                   0,            0.045546,          0.00054562,          0.00054562
                  19,            0.054379,            0.030884,           0.0023782,                   0,             0.60346,             0.75925,              0.3276,             0.27857,             0.10332,            0.049024,            0.015674,           0.0030326,                   0,                   0,            0.042674,          0.00057386,          0.00057386
                  20,            0.071591,             0.01745,           0.0038701,                   0,             0.60926,             0.80236,             0.33614,             0.30556,             0.11403,            0.045997,            0.015508,           0.0029077,                   0,                   0,            0.039802,          0.00060202,          0.00060202
                  21,             0.06619,            0.023908,           0.0034811,                   0,             0.60148,             0.79817,             0.32394,             0.29925,            0.099203,            0.048649,            0.015317,           0.0028388,                   0,                   0,             0.03693,           0.0006301,           0.0006301
                  22,            0.060797,             0.02903,           0.0024542,                   0,             0.59348,             0.83438,             0.31549,             0.31681,             0.11162,            0.045779,            0.015415,           0.0027735,                   0,                   0,            0.034058,          0.00065808,          0.00065808
                  23,             0.06306,            0.038445,           0.0027703,                   0,             0.60496,             0.85455,             0.33647,             0.33218,             0.12477,             0.04388,            0.015379,           0.0027157,                   0,                   0,            0.031186,          0.00068597,          0.00068597
                  24,            0.067118,            0.042104,           0.0036118,                   0,             0.61393,             0.86375,             0.33662,             0.34188,             0.13389,            0.041979,             0.01539,           0.0026491,                   0,                   0,            0.028314,          0.00071376,          0.00071376
                  25,            0.049891,            0.021094,            0.001758,                   0,             0.59767,             0.87174,             0.34366,             0.35513,              0.1281,            0.043462,            0.015203,           0.0025983,                   0,                   0,            0.025441,          0.00074145,          0.00074145
                  26,            0.051531,            0.034268,           0.0017368,                   0,             0.60818,             0.87799,              0.3507,             0.35424,             0.13669,            0.043565,            0.015162,           0.0025652,                   0,                   0,            0.022569,          0.00076904,          0.00076904
                  27,            0.070629,             0.02549,           0.0031242,                   0,             0.60471,             0.87692,             0.34225,             0.35174,              0.1306,            0.043685,            0.015191,           0.0025334,                   0,                   0,            0.019697,          0.00079651,          0.00079651
                  28,            0.068928,            0.036422,           0.0026547,                   0,             0.60291,             0.91759,             0.35775,             0.38184,             0.16537,            0.039893,            0.015227,            0.002519,                   0,                   0,            0.016824,          0.00082387,          0.00082387
                  29,            0.056894,            0.032985,           0.0023805,                   0,             0.59659,             0.93808,             0.36056,             0.38802,             0.16676,            0.039196,            0.015188,           0.0024924,                   0,                   0,            0.013951,          0.00085111,          0.00085111
                  30,            0.062369,            0.028475,           0.0052719,                   0,              0.5986,             0.90191,             0.35915,             0.37297,             0.15529,            0.041515,            0.014999,           0.0024888,                   0,                   0,            0.011078,          0.00087822,          0.00087822
                  31,            0.057126,            0.022916,           0.0016632,                   0,             0.60411,             0.94634,             0.36479,             0.39208,             0.17405,            0.039206,            0.015033,           0.0024951,                   0,                   0,           0.0082052,          0.00090521,          0.00090521
                  32,            0.060092,            0.030337,           0.0034156,                   0,             0.59597,             0.96424,             0.36564,             0.40159,             0.18056,            0.037677,            0.014878,           0.0024764,                   0,                   0,           0.0053321,          0.00093207,          0.00093207
                  33,             0.05828,            0.023932,           0.0030579,                   0,             0.59598,             0.95633,             0.36479,             0.40125,             0.18417,            0.039075,            0.014702,           0.0024602,                   0,                   0,           0.0024588,           0.0009588,           0.0009588
                  34,            0.052413,            0.025896,           0.0082043,                   0,             0.58985,             0.97123,             0.37183,              0.4104,             0.20111,            0.035626,            0.014695,           0.0024756,                   0,                   0,          0.00097178,          0.00097178,          0.00097178
                  35,            0.058468,            0.044564,           0.0028943,                   0,             0.60823,             0.94058,              0.3662,              0.3978,             0.18052,             0.03865,             0.01467,           0.0024854,                   0,                   0,          0.00097178,          0.00097178,          0.00097178
                  36,            0.056247,            0.026761,           0.0022434,                   0,              0.5981,             0.95105,             0.36197,             0.40652,             0.19137,            0.038141,            0.014625,            0.002481,                   0,                   0,          0.00097011,          0.00097011,          0.00097011
                  37,              0.0504,            0.033677,           0.0059575,                   0,             0.60619,             0.97458,             0.36814,             0.41852,             0.20821,            0.035546,            0.014487,             0.00247,                   0,                   0,           0.0009684,           0.0009684,           0.0009684
                  38,            0.052698,            0.024744,           0.0028998,                   0,             0.59203,             0.97885,             0.37042,             0.42151,             0.21028,            0.036594,            0.014384,           0.0025233,                   0,                   0,          0.00096664,          0.00096664,          0.00096664
                  39,            0.054418,            0.030391,           0.0028024,                   0,             0.60552,             0.96138,             0.37015,             0.41683,             0.20941,            0.035636,            0.014531,           0.0025368,                   0,                   0,          0.00096484,          0.00096484,          0.00096484
                  40,            0.077159,            0.030963,           0.0018802,                   0,             0.58686,             0.98213,             0.37183,             0.42483,              0.2199,            0.034092,            0.014379,           0.0025382,                   0,                   0,          0.00096299,          0.00096299,          0.00096299
                  41,            0.053829,            0.023154,           0.0016809,                   0,             0.59463,             0.98357,             0.37306,             0.42635,             0.22589,            0.032439,            0.014302,           0.0025718,                   0,                   0,           0.0009611,           0.0009611,           0.0009611
                  42,               0.046,            0.025976,           0.0015162,                   0,              0.5941,             0.97565,              0.3831,             0.42602,             0.22745,            0.032581,            0.014151,           0.0026161,                   0,                   0,          0.00095916,          0.00095916,          0.00095916
                  43,            0.061993,            0.030491,           0.0017601,                   0,             0.59875,             0.98475,             0.38028,             0.43054,             0.22455,            0.031888,            0.014206,           0.0026213,                   0,                   0,          0.00095717,          0.00095717,          0.00095717
                  44,            0.051075,            0.027161,           0.0028757,                   0,             0.59314,             0.98448,             0.38451,             0.43486,             0.23298,            0.031187,            0.014128,           0.0026429,                   0,                   0,          0.00095514,          0.00095514,          0.00095514
                  45,            0.051567,             0.03383,           0.0026806,                   0,             0.60178,             0.98588,             0.38784,              0.4386,             0.23458,            0.032145,            0.014004,           0.0026791,                   0,                   0,          0.00095307,          0.00095307,          0.00095307
                  46,             0.04951,            0.032301,           0.0027238,                   0,             0.59898,             0.98353,             0.38873,              0.4391,             0.23271,            0.031786,            0.013997,            0.002723,                   0,                   0,          0.00095095,          0.00095095,          0.00095095
                  47,             0.05303,            0.022047,           0.0019614,                   0,             0.59133,              0.9774,             0.38686,              0.4402,             0.23329,            0.032373,            0.013979,           0.0027678,                   0,                   0,          0.00094879,          0.00094879,          0.00094879
                  48,            0.044836,            0.026092,           0.0024407,                   0,             0.59331,             0.98575,             0.38409,              0.4407,             0.23447,            0.031887,            0.013807,           0.0027496,                   0,                   0,          0.00094659,          0.00094659,          0.00094659
                  49,            0.065918,            0.043856,           0.0032659,                   0,             0.60614,             0.98059,             0.38365,             0.44346,             0.23418,            0.032427,             0.01374,           0.0027651,                   0,                   0,          0.00094434,          0.00094434,          0.00094434
                  50,            0.044769,            0.030562,           0.0016527,                   0,             0.59587,             0.99147,             0.38592,             0.44634,             0.24514,            0.030921,            0.013747,           0.0027481,                   0,                   0,          0.00094205,          0.00094205,          0.00094205
                  51,            0.046507,            0.025159,           0.0034469,                   0,              0.5989,             0.98229,             0.38349,             0.44244,             0.23175,            0.031984,            0.013661,           0.0027049,                   0,                   0,          0.00093971,          0.00093971,          0.00093971
                  52,            0.042609,            0.028008,            0.002213,                   0,             0.59839,             0.97578,             0.38734,             0.45015,             0.24245,             0.03072,             0.01359,           0.0026755,                   0,                   0,          0.00093733,          0.00093733,          0.00093733
                  53,            0.052653,            0.022977,           0.0026131,                   0,             0.58563,             0.98423,              0.3831,             0.44732,              0.2429,            0.031594,            0.013614,           0.0026897,                   0,                   0,          0.00093491,          0.00093491,          0.00093491
                  54,            0.052637,            0.027183,           0.0021247,                   0,             0.59296,             0.98926,             0.38505,             0.44992,             0.25019,            0.029688,            0.013721,           0.0026678,                   0,                   0,          0.00093245,          0.00093245,          0.00093245
                  55,            0.054311,            0.038718,           0.0020473,                   0,             0.59672,             0.99272,             0.38152,              0.4511,             0.24551,            0.029471,            0.013532,           0.0026235,                   0,                   0,          0.00092995,          0.00092995,          0.00092995
                  56,            0.051681,            0.035385,           0.0021844,                   0,             0.60416,             0.98922,             0.38363,             0.45504,             0.24794,            0.030256,            0.013418,           0.0026024,                   0,                   0,           0.0009274,           0.0009274,           0.0009274
                  57,            0.064801,            0.028168,            0.002168,                   0,             0.59827,              0.9892,             0.38263,             0.46198,             0.24319,             0.03032,            0.013543,            0.002609,                   0,                   0,          0.00092481,          0.00092481,          0.00092481
                  58,            0.049767,            0.027081,           0.0018351,                   0,             0.59109,             0.99269,             0.37983,             0.46882,              0.2521,            0.030889,            0.013468,           0.0025681,                   0,                   0,          0.00092219,          0.00092219,          0.00092219
                  59,            0.055214,            0.032202,            0.002404,                   0,             0.58922,             0.99521,             0.37887,             0.48303,             0.25981,            0.029485,            0.013292,           0.0025397,                   0,                   0,          0.00091952,          0.00091952,          0.00091952
                  60,            0.053457,            0.046296,           0.0030015,                   0,             0.59761,             0.99681,             0.38028,             0.49834,              0.2758,             0.02803,            0.013177,           0.0025278,                   0,                   0,          0.00091681,          0.00091681,          0.00091681
                  61,            0.051702,            0.028714,           0.0033923,                   0,             0.60047,             0.99632,             0.38025,             0.52173,             0.28689,             0.02881,            0.013181,           0.0025015,                   0,                   0,          0.00091406,          0.00091406,          0.00091406
                  62,            0.053092,            0.021564,           0.0022655,                   0,             0.59898,             0.99476,              0.3831,             0.53194,              0.2887,            0.029008,            0.013242,           0.0024742,                   0,                   0,          0.00091127,          0.00091127,          0.00091127
                  63,            0.058957,            0.029695,           0.0016037,                   0,             0.60352,             0.99455,             0.38353,             0.54147,             0.29327,            0.029044,            0.013151,           0.0024212,                   0,                   0,          0.00090844,          0.00090844,          0.00090844
                  64,            0.046209,            0.029946,           0.0022472,                   0,             0.61373,             0.99748,              0.3831,             0.56552,             0.30449,            0.027946,            0.013108,           0.0023839,                   0,                   0,          0.00090557,          0.00090557,          0.00090557
                  65,            0.056228,            0.039852,           0.0025145,                   0,             0.59561,             0.99095,             0.38187,             0.56429,             0.30819,            0.028492,            0.013008,           0.0023557,                   0,                   0,          0.00090266,          0.00090266,          0.00090266
                  66,            0.055002,            0.023813,           0.0039884,                   0,             0.60259,             0.99435,             0.38169,             0.58061,             0.32335,            0.027766,            0.012853,           0.0023333,                   0,                   0,          0.00089972,          0.00089972,          0.00089972
                  67,            0.046407,            0.020697,           0.0017572,                   0,             0.58817,             0.62322,             0.54339,             0.60021,              0.3264,               0.028,            0.012999,           0.0022936,                   0,                   0,          0.00089673,          0.00089673,          0.00089673
                  68,            0.055064,            0.028344,           0.0032371,                   0,             0.59218,             0.60597,             0.55209,             0.60905,             0.32635,            0.027713,            0.012915,           0.0022779,                   0,                   0,          0.00089371,          0.00089371,          0.00089371
                  69,            0.048357,            0.040613,           0.0027537,                   0,             0.59847,             0.66051,             0.57655,             0.62293,             0.33329,            0.028164,            0.012819,           0.0022604,                   0,                   0,          0.00089065,          0.00089065,          0.00089065
                  70,            0.047324,            0.028833,           0.0019721,                   0,             0.59363,             0.63719,             0.58671,             0.62425,             0.34616,            0.028274,            0.012824,           0.0022334,                   0,                   0,          0.00088755,          0.00088755,          0.00088755
                  71,            0.045854,             0.02556,           0.0014194,                   0,             0.60675,             0.65231,             0.59755,             0.62674,             0.34923,            0.027506,            0.012692,           0.0021882,                   0,                   0,          0.00088442,          0.00088442,          0.00088442
                  72,            0.042696,             0.01918,           0.0046492,                   0,             0.60579,             0.62945,             0.59855,             0.63422,             0.32148,            0.028897,            0.012842,           0.0021412,                   0,                   0,          0.00088124,          0.00088124,          0.00088124
                  73,            0.047764,            0.031278,           0.0017742,                   0,             0.60933,             0.64593,             0.61366,             0.63917,             0.34622,            0.027295,            0.012618,            0.002081,                   0,                   0,          0.00087804,          0.00087804,          0.00087804
                  74,            0.039541,            0.014561,           0.0028294,                   0,              0.5886,              0.6898,             0.60858,             0.64586,             0.34554,            0.028209,            0.012721,           0.0020271,                   0,                   0,          0.00087479,          0.00087479,          0.00087479
                  75,             0.04655,            0.027579,            0.002493,                   0,             0.59494,             0.68295,             0.61366,             0.64763,              0.3515,            0.027777,            0.012698,           0.0019969,                   0,                   0,          0.00087151,          0.00087151,          0.00087151
                  76,            0.044377,            0.015956,            0.003305,                   0,             0.58398,             0.69766,             0.62373,             0.65725,             0.34848,            0.027942,            0.012629,           0.0019541,                   0,                   0,           0.0008682,           0.0008682,           0.0008682
                  77,            0.046213,            0.025819,           0.0015947,                   0,              0.5948,             0.70728,             0.64472,             0.66663,             0.34704,            0.027576,            0.012507,            0.001905,                   0,                   0,          0.00086485,          0.00086485,          0.00086485
                  78,            0.057811,            0.023157,           0.0028846,                   0,             0.58449,             0.70126,              0.6326,             0.66796,              0.3521,            0.027419,            0.012498,            0.001862,                   0,                   0,          0.00086146,          0.00086146,          0.00086146
                  79,            0.063806,            0.031186,           0.0020204,                   0,             0.59903,             0.70798,             0.63483,             0.66235,              0.3343,             0.02783,            0.012539,           0.0018175,                   0,                   0,          0.00085805,          0.00085805,          0.00085805
                  80,            0.042099,            0.021054,           0.0012439,                   0,             0.59238,             0.67213,             0.63909,             0.66622,             0.33805,            0.028247,            0.012636,            0.001778,                   0,                   0,          0.00085459,          0.00085459,          0.00085459
                  81,            0.051642,            0.029535,           0.0018419,                   0,             0.60012,             0.69834,             0.63119,             0.67086,             0.34149,            0.027462,             0.01249,            0.001737,                   0,                   0,          0.00085111,          0.00085111,          0.00085111
                  82,             0.05343,            0.021904,           0.0014822,                   0,             0.58369,             0.70314,             0.64743,             0.68037,             0.36429,             0.02695,            0.012283,           0.0017063,                   0,                   0,          0.00084759,          0.00084759,          0.00084759
                  83,             0.05431,            0.025937,           0.0013832,                   0,              0.5907,             0.72454,              0.6484,             0.68485,             0.36783,            0.027505,            0.012239,           0.0016731,                   0,                   0,          0.00084404,          0.00084404,          0.00084404
                  84,            0.037404,            0.020095,           0.0021098,                   0,             0.59795,             0.74331,             0.64417,             0.69019,              0.3711,            0.027724,            0.012155,            0.001639,                   0,                   0,          0.00084046,          0.00084046,          0.00084046
                  85,            0.042447,            0.024902,           0.0015001,                   0,             0.59016,             0.76029,             0.63431,             0.68907,             0.36774,            0.027088,            0.012148,           0.0016031,                   0,                   0,          0.00083684,          0.00083684,          0.00083684
                  86,            0.048638,            0.024645,           0.0052745,                   0,             0.59854,             0.82473,             0.62545,             0.70063,             0.35869,            0.027987,             0.01228,            0.001572,                   0,                   0,          0.00083319,          0.00083319,          0.00083319
                  87,             0.04161,            0.037259,           0.0013243,                   0,             0.59844,             0.82948,             0.62868,              0.7017,             0.36476,             0.02709,             0.01221,           0.0015501,                   0,                   0,          0.00082952,          0.00082952,          0.00082952
                  88,            0.056059,            0.032942,           0.0021552,                   0,             0.59585,             0.82381,             0.63359,             0.70165,             0.35608,            0.027597,            0.012178,           0.0015158,                   0,                   0,          0.00082581,          0.00082581,          0.00082581
                  89,            0.042714,            0.019527,           0.0013573,                   0,             0.59745,             0.85943,             0.61415,             0.69548,             0.36834,            0.026817,            0.012183,           0.0014878,                   0,                   0,          0.00082207,          0.00082207,          0.00082207
                  90,            0.044442,            0.023673,           0.0012686,                   0,              0.5829,              0.8733,             0.62164,             0.70179,             0.36254,            0.027033,            0.012178,           0.0014568,                   0,                   0,           0.0008183,           0.0008183,           0.0008183
                  91,            0.047123,             0.02176,             0.00311,                   0,             0.60406,             0.88207,             0.61882,             0.70537,             0.37391,            0.027172,            0.012148,           0.0014209,                   0,                   0,           0.0008145,           0.0008145,           0.0008145
                  92,            0.042871,            0.021347,           0.0019588,                   0,               0.601,             0.88934,             0.61374,             0.69919,             0.34604,            0.027806,            0.012223,           0.0013914,                   0,                   0,          0.00081068,          0.00081068,          0.00081068
                  93,            0.043141,            0.023699,           0.0012587,                   0,             0.60091,             0.90513,             0.61515,             0.70027,              0.3659,            0.027351,            0.012181,           0.0013732,                   0,                   0,          0.00080682,          0.00080682,          0.00080682
                  94,            0.047423,             0.03041,           0.0013784,                   0,              0.5957,             0.91784,             0.61924,             0.70687,             0.37576,            0.027444,            0.011996,           0.0013499,                   0,                   0,          0.00080294,          0.00080294,          0.00080294
                  95,            0.040107,            0.018166,            0.002031,                   0,             0.59459,             0.91793,             0.61882,             0.70881,             0.36848,            0.027373,            0.011959,           0.0013342,                   0,                   0,          0.00079903,          0.00079903,          0.00079903
                  96,            0.041941,            0.019717,           0.0031094,                   0,             0.59567,             0.91176,             0.61741,             0.71077,             0.38043,            0.027157,             0.01189,           0.0013061,                   0,                   0,          0.00079509,          0.00079509,          0.00079509
                  97,            0.048804,            0.024965,           0.0011395,                   0,             0.59329,             0.92608,             0.61741,             0.71098,             0.37556,             0.02689,            0.011803,           0.0012911,                   0,                   0,          0.00079112,          0.00079112,          0.00079112
                  98,            0.040899,            0.023938,           0.0013062,                   0,             0.60016,             0.93731,             0.62023,             0.70622,             0.36747,            0.026482,            0.011848,            0.001281,                   0,                   0,          0.00078713,          0.00078713,          0.00078713
                  99,            0.050368,            0.018339,           0.0011009,                   0,             0.58699,             0.92724,             0.61515,             0.70401,             0.37955,            0.026638,            0.011868,           0.0012634,                   0,                   0,          0.00078311,          0.00078311,          0.00078311
                 100,            0.046196,            0.022969,            0.001041,                   0,              0.5871,             0.93761,             0.62305,             0.71437,             0.38576,            0.026311,            0.011737,           0.0012368,                   0,                   0,          0.00077907,          0.00077907,          0.00077907
                 101,            0.043422,            0.030894,           0.0016648,                   0,             0.59312,             0.93338,             0.62229,             0.71881,             0.38835,             0.02648,            0.011884,           0.0012241,                   0,                   0,            0.000775,            0.000775,            0.000775
                 102,            0.050231,             0.02663,            0.001472,                   0,             0.60238,             0.94777,             0.62305,             0.72065,             0.37393,             0.02686,            0.011958,           0.0012157,                   0,                   0,          0.00077091,          0.00077091,          0.00077091
                 103,            0.041968,            0.022311,           0.0014234,                   0,             0.60573,             0.95221,             0.62305,             0.72586,             0.39365,            0.026302,            0.011795,           0.0011965,                   0,                   0,          0.00076679,          0.00076679,          0.00076679
                 104,            0.039582,            0.031886,          0.00087529,                   0,             0.59376,             0.93144,             0.62305,             0.72229,             0.39023,            0.026686,            0.011839,           0.0012092,                   0,                   0,          0.00076265,          0.00076265,          0.00076265
                 105,            0.048438,            0.028893,           0.0011899,                   0,             0.59806,             0.92946,             0.62164,             0.71636,             0.36383,             0.02684,             0.01194,            0.001209,                   0,                   0,          0.00075848,          0.00075848,          0.00075848
                 106,             0.04914,            0.025038,           0.0011732,                   0,             0.59655,             0.93941,             0.62305,             0.71544,             0.38441,            0.026813,            0.011839,            0.001184,                   0,                   0,           0.0007543,           0.0007543,           0.0007543
                 107,            0.040472,            0.038421,          0.00078691,                   0,             0.59243,             0.93701,             0.62305,             0.72251,             0.36986,            0.027713,            0.011911,           0.0011771,                   0,                   0,          0.00075009,          0.00075009,          0.00075009
                 108,             0.05604,            0.024197,           0.0069199,                   0,             0.58809,             0.93812,             0.62305,             0.71949,             0.36669,            0.027055,            0.011807,           0.0011607,                   0,                   0,          0.00074585,          0.00074585,          0.00074585
                 109,            0.043461,            0.037107,           0.0012176,                   0,             0.59713,             0.89943,             0.64306,             0.72094,             0.37784,            0.026316,            0.011872,           0.0011508,                   0,                   0,           0.0007416,           0.0007416,           0.0007416
                 110,            0.054164,            0.035883,          0.00078943,                   0,             0.59472,             0.89832,             0.63647,             0.72219,             0.39642,            0.026286,            0.011831,           0.0011448,                   0,                   0,          0.00073733,          0.00073733,          0.00073733
                 111,            0.043498,            0.028532,            0.001644,                   0,             0.60981,             0.86299,             0.65466,             0.71304,             0.41064,            0.026498,            0.011881,           0.0011236,                   0,                   0,          0.00073303,          0.00073303,          0.00073303
                 112,            0.052541,            0.024501,           0.0020734,                   0,             0.59382,             0.92603,             0.62293,             0.71341,             0.38648,            0.026889,             0.01202,           0.0011148,                   0,                   0,          0.00072872,          0.00072872,          0.00072872
                 113,            0.051363,            0.015219,          0.00079129,                   0,             0.58022,             0.93166,             0.62164,             0.72285,             0.39287,            0.026616,            0.011886,           0.0010868,                   0,                   0,          0.00072438,          0.00072438,          0.00072438
                 114,            0.043303,            0.025798,           0.0019941,                   0,             0.60703,             0.92302,             0.64444,             0.72814,             0.39908,            0.026471,            0.011811,           0.0010752,                   0,                   0,          0.00072003,          0.00072003,          0.00072003
                 115,            0.037928,            0.025609,            0.001315,                   0,             0.60332,             0.94419,             0.63931,             0.72535,             0.40058,            0.026309,            0.011738,           0.0010655,                   0,                   0,          0.00071566,          0.00071566,          0.00071566
                 116,            0.041215,             0.02224,          0.00090618,                   0,             0.58985,             0.94639,             0.64049,              0.7286,             0.40348,            0.026313,            0.011735,           0.0010504,                   0,                   0,          0.00071127,          0.00071127,          0.00071127
                 117,            0.036388,             0.02021,          0.00046785,                   0,             0.58446,              0.9417,             0.64363,             0.72926,             0.39326,            0.026609,            0.011802,           0.0010412,                   0,                   0,          0.00070686,          0.00070686,          0.00070686
                 118,            0.044082,            0.023899,          0.00097743,                   0,                0.59,             0.93489,             0.63286,              0.7227,              0.3842,            0.026602,            0.011806,           0.0010379,                   0,                   0,          0.00070243,          0.00070243,          0.00070243
                 119,            0.054603,            0.018192,           0.0015387,                   0,               0.586,              0.9145,             0.64455,             0.72665,             0.38384,            0.026719,            0.011734,           0.0010415,                   0,                   0,          0.00069799,          0.00069799,          0.00069799
                 120,            0.043374,            0.019221,           0.0009216,                   0,             0.59671,             0.93911,              0.6485,             0.73175,             0.40121,            0.026762,            0.011855,           0.0010324,                   0,                   0,          0.00069353,          0.00069353,          0.00069353
                 121,            0.046029,            0.022152,           0.0021743,                   0,             0.59431,              0.9436,             0.64666,             0.73338,             0.40368,            0.026097,            0.011806,           0.0010173,                   0,                   0,          0.00068906,          0.00068906,          0.00068906
                 122,            0.046063,            0.028732,            0.001292,                   0,             0.60167,             0.95001,             0.63971,             0.73092,             0.39455,            0.026021,            0.011673,           0.0010107,                   0,                   0,          0.00068457,          0.00068457,          0.00068457
                 123,            0.047681,            0.022502,           0.0045825,                   0,             0.59716,             0.94709,             0.64667,             0.73382,             0.39548,            0.026189,            0.011613,           0.0010003,                   0,                   0,          0.00068006,          0.00068006,          0.00068006
                 124,            0.037793,            0.019288,          0.00072859,                   0,             0.58379,              0.9446,             0.64444,             0.73566,             0.40766,            0.026516,            0.011634,          0.00099406,                   0,                   0,          0.00067555,          0.00067555,          0.00067555
                 125,              0.0496,            0.023327,           0.0023714,                   0,             0.60467,             0.94887,             0.63875,             0.73175,             0.40155,             0.02672,            0.011546,          0.00098724,                   0,                   0,          0.00067101,          0.00067101,          0.00067101
                 126,            0.034306,            0.017356,          0.00037626,                   0,             0.59034,             0.94785,             0.64475,              0.7361,             0.42169,            0.026728,            0.011476,          0.00096982,                   0,                   0,          0.00066647,          0.00066647,          0.00066647
                 127,            0.048518,             0.01942,           0.0033377,                   0,             0.60121,             0.93419,             0.63866,             0.72496,             0.42713,            0.026049,            0.011475,          0.00097172,                   0,                   0,          0.00066191,          0.00066191,          0.00066191
                 128,            0.045288,             0.02823,           0.0015908,                   0,             0.59339,             0.93345,             0.63835,             0.72534,             0.41499,            0.026631,            0.011583,          0.00096937,                   0,                   0,          0.00065734,          0.00065734,          0.00065734
                 129,            0.042345,             0.02181,          0.00097002,                   0,             0.59054,             0.95249,             0.65684,             0.73845,             0.41542,            0.026146,            0.011471,          0.00094889,                   0,                   0,          0.00065276,          0.00065276,          0.00065276
                 130,            0.038897,            0.022578,          0.00094268,                   0,             0.60202,             0.95243,              0.6566,             0.73798,             0.41504,            0.026273,            0.011373,          0.00093294,                   0,                   0,          0.00064816,          0.00064816,          0.00064816
                 131,            0.033657,             0.01627,          0.00046017,                   0,             0.58252,             0.94123,             0.65614,             0.73669,             0.41215,            0.026121,            0.011437,          0.00092168,                   0,                   0,          0.00064356,          0.00064356,          0.00064356
                 132,            0.037071,            0.025178,          0.00072202,                   0,             0.58994,             0.93061,             0.65662,             0.73852,             0.40838,            0.026322,             0.01133,          0.00090749,                   0,                   0,          0.00063895,          0.00063895,          0.00063895
                 133,            0.042578,            0.022252,           0.0015272,                   0,             0.62042,             0.92554,             0.65013,             0.74013,              0.4201,            0.026094,             0.01135,          0.00091732,                   0,                   0,          0.00063432,          0.00063432,          0.00063432
                 134,            0.042683,             0.03217,          0.00093421,                   0,             0.59666,             0.94226,             0.64527,             0.73928,             0.41588,            0.026523,            0.011443,          0.00092505,                   0,                   0,          0.00062969,          0.00062969,          0.00062969
                 135,            0.042824,            0.024084,          0.00053474,                   0,              0.5959,              0.9596,             0.63914,             0.73606,             0.43657,            0.026377,            0.011516,          0.00093966,                   0,                   0,          0.00062505,          0.00062505,          0.00062505
                 136,            0.045338,           0.0098942,          0.00056208,                   0,             0.58073,             0.93705,             0.65036,             0.73427,             0.43246,            0.026396,            0.011466,          0.00091387,                   0,                   0,           0.0006204,           0.0006204,           0.0006204
                 137,            0.041176,            0.040676,           0.0010751,                   0,             0.62454,             0.95076,             0.64237,             0.73686,             0.43075,            0.026424,            0.011598,          0.00090208,                   0,                   0,          0.00061574,          0.00061574,          0.00061574
                 138,            0.050671,            0.020917,           0.0012679,                   0,             0.59553,             0.95114,             0.65441,             0.74134,             0.43102,             0.02646,            0.011538,          0.00089159,                   0,                   0,          0.00061107,          0.00061107,          0.00061107
                 139,            0.042161,            0.020241,          0.00077004,                   0,             0.58724,             0.95434,             0.65106,             0.73926,             0.40738,            0.026537,            0.011467,          0.00088426,                   0,                   0,           0.0006064,           0.0006064,           0.0006064
                 140,            0.038391,            0.015565,           0.0010178,                   0,             0.58343,             0.93713,              0.6506,             0.73654,             0.43909,            0.025958,            0.011399,          0.00087915,                   0,                   0,          0.00060172,          0.00060172,          0.00060172
                 141,             0.04824,            0.019342,          0.00073187,                   0,             0.58444,             0.96238,             0.63744,               0.736,             0.43399,            0.025974,            0.011563,          0.00088225,                   0,                   0,          0.00059704,          0.00059704,          0.00059704
                 142,            0.037324,            0.028413,           0.0013497,                   0,             0.59998,              0.9612,             0.63629,             0.73309,              0.4434,            0.025761,             0.01161,           0.0008929,                   0,                   0,          0.00059235,          0.00059235,          0.00059235
                 143,            0.036736,            0.027214,          0.00092769,                   0,             0.59267,             0.96766,             0.63603,             0.73548,             0.43804,            0.025602,             0.01156,           0.0008881,                   0,                   0,          0.00058766,          0.00058766,          0.00058766
                 144,            0.052903,            0.024624,          0.00052426,                   0,              0.5888,             0.94689,              0.6491,             0.73652,              0.4343,            0.025867,            0.011604,          0.00088337,                   0,                   0,          0.00058296,          0.00058296,          0.00058296
                 145,            0.038318,            0.025248,           0.0017058,                   0,             0.59469,             0.93706,             0.64675,             0.73603,             0.43164,            0.025652,            0.011617,          0.00088417,                   0,                   0,          0.00057826,          0.00057826,          0.00057826
                 146,            0.040183,            0.023138,          0.00097588,                   0,             0.58866,             0.95119,             0.65002,             0.73514,             0.41469,            0.025714,            0.011567,          0.00087268,                   0,                   0,          0.00057355,          0.00057355,          0.00057355
                 147,            0.043631,            0.033568,           0.0015001,                   0,              0.6169,              0.9456,              0.6526,             0.73284,             0.42101,            0.025793,            0.011632,          0.00087187,                   0,                   0,          0.00056884,          0.00056884,          0.00056884
                 148,            0.041246,            0.025897,           0.0010657,                   0,             0.59553,              0.9552,             0.64472,             0.73343,              0.4213,            0.025808,            0.011618,          0.00086783,                   0,                   0,          0.00056413,          0.00056413,          0.00056413
                 149,            0.041503,            0.027809,          0.00089338,                   0,             0.58999,             0.94258,             0.65021,             0.73306,             0.42715,            0.026063,            0.011614,          0.00087062,                   0,                   0,          0.00055942,          0.00055942,          0.00055942
                 150,            0.041493,            0.022221,           0.0008083,                   0,             0.57824,             0.92986,             0.65462,             0.73196,              0.4269,            0.025768,            0.011585,          0.00086689,                   0,                   0,          0.00055471,          0.00055471,          0.00055471
                 151,            0.036163,            0.020351,          0.00086123,                   0,             0.58461,             0.92845,             0.65301,             0.73617,              0.4443,            0.025467,            0.011571,          0.00086477,                   0,                   0,             0.00055,             0.00055,             0.00055
                 152,            0.033099,            0.028624,          0.00029188,                   0,             0.58738,             0.92694,             0.65124,              0.7382,             0.42831,            0.025928,            0.011517,           0.0008559,                   0,                   0,          0.00054529,          0.00054529,          0.00054529
                 153,            0.035431,            0.010128,            0.002749,                   0,             0.59858,             0.95501,             0.65587,             0.74231,              0.4215,            0.025861,            0.011432,          0.00084439,                   0,                   0,          0.00054058,          0.00054058,          0.00054058
                 154,            0.036089,            0.020883,          0.00057034,                   0,              0.5773,             0.96724,             0.65343,             0.74424,              0.4205,            0.025739,            0.011432,          0.00082832,                   0,                   0,          0.00053587,          0.00053587,          0.00053587
                 155,            0.050729,            0.013156,           0.0038587,                   0,             0.58693,             0.96676,             0.65086,             0.74596,             0.42415,            0.025603,            0.011416,           0.0008211,                   0,                   0,          0.00053116,          0.00053116,          0.00053116
                 156,            0.041528,            0.013422,           0.0011179,                   0,               0.588,             0.96535,             0.65092,              0.7437,             0.42413,            0.025626,            0.011402,          0.00082805,                   0,                   0,          0.00052645,          0.00052645,          0.00052645
                 157,            0.036054,            0.017334,           0.0006066,                   0,             0.58455,             0.96545,             0.65071,             0.74343,             0.42357,            0.025733,            0.011541,          0.00083334,                   0,                   0,          0.00052174,          0.00052174,          0.00052174
                 158,            0.043523,            0.024361,           0.0061193,                   0,             0.60464,             0.96805,             0.65043,             0.74212,             0.43341,             0.02588,            0.011531,          0.00083337,                   0,                   0,          0.00051704,          0.00051704,          0.00051704
                 159,            0.042703,            0.026033,          0.00074237,                   0,             0.58941,             0.97079,             0.65119,             0.74388,             0.42101,            0.025802,            0.011523,           0.0008296,                   0,                   0,          0.00051234,          0.00051234,          0.00051234
                 160,            0.037701,            0.020712,          0.00063724,                   0,               0.596,             0.96611,             0.65577,             0.74377,             0.41906,            0.025632,            0.011464,          0.00082064,                   0,                   0,          0.00050765,          0.00050765,          0.00050765
                 161,            0.044564,            0.030579,          0.00079505,                   0,             0.61847,             0.95697,             0.64783,             0.74207,             0.42979,            0.025395,             0.01147,          0.00081604,                   0,                   0,          0.00050296,          0.00050296,          0.00050296
                 162,            0.044277,            0.026719,          0.00078882,                   0,             0.59799,             0.95341,             0.64996,              0.7405,             0.39983,            0.025608,            0.011525,          0.00080828,                   0,                   0,          0.00049828,          0.00049828,          0.00049828
                 163,            0.032955,            0.019734,           0.0010557,                   0,              0.5924,             0.96602,               0.651,             0.74181,             0.41903,            0.025507,            0.011504,          0.00080991,                   0,                   0,           0.0004936,           0.0004936,           0.0004936
                 164,            0.040357,            0.016207,           0.0011689,                   0,             0.60037,             0.95522,             0.65197,             0.74759,              0.4428,            0.025412,            0.011438,          0.00080315,                   0,                   0,          0.00048893,          0.00048893,          0.00048893
                 165,            0.038202,            0.021162,          0.00087065,                   0,               0.597,             0.96769,             0.65266,             0.74964,             0.44876,            0.025226,            0.011352,          0.00080277,                   0,                   0,          0.00048426,          0.00048426,          0.00048426
                 166,            0.040305,            0.026382,          0.00072182,                   0,             0.59918,             0.96561,             0.65241,             0.74725,              0.4473,            0.025383,            0.011341,          0.00079482,                   0,                   0,           0.0004796,           0.0004796,           0.0004796
                 167,             0.03583,            0.023756,          0.00069446,                   0,              0.6006,             0.96376,             0.65265,             0.74938,             0.45449,            0.025496,            0.011414,          0.00079232,                   0,                   0,          0.00047495,          0.00047495,          0.00047495
                 168,            0.038893,            0.021873,          0.00034193,                   0,              0.5875,             0.96526,             0.65128,              0.7463,             0.43447,            0.025215,            0.011373,          0.00079395,                   0,                   0,          0.00047031,          0.00047031,          0.00047031
                 169,            0.040687,            0.022379,           0.0021711,                   0,              0.6092,             0.96708,             0.65103,              0.7436,              0.4344,            0.025147,            0.011385,          0.00078948,                   0,                   0,          0.00046568,          0.00046568,          0.00046568
                 170,            0.048767,            0.020894,           0.0041494,                   0,              0.5998,             0.96453,             0.65136,             0.74315,             0.43555,            0.024999,            0.011256,          0.00078753,                   0,                   0,          0.00046105,          0.00046105,          0.00046105
                 171,            0.037633,            0.011321,          0.00049594,                   0,             0.59369,             0.96348,             0.65032,             0.74601,             0.44816,            0.025056,            0.011274,          0.00079046,                   0,                   0,          0.00045644,          0.00045644,          0.00045644
                 172,            0.040881,             0.02348,          0.00050692,                   0,             0.59141,             0.95524,              0.6519,             0.74404,             0.45611,            0.024834,            0.011205,          0.00078851,                   0,                   0,          0.00045184,          0.00045184,          0.00045184
                 173,            0.043347,            0.021577,          0.00055684,                   0,             0.59688,             0.95491,             0.65351,             0.74866,             0.45345,            0.024873,            0.011253,          0.00078155,                   0,                   0,          0.00044724,          0.00044724,          0.00044724
                 174,            0.073945,             0.02063,           0.0011488,                   0,             0.58474,              0.9434,             0.65182,             0.74813,             0.44242,            0.024839,            0.011267,           0.0007692,                   0,                   0,          0.00044266,          0.00044266,          0.00044266
                 175,            0.041557,            0.023488,          0.00071219,                   0,             0.60719,             0.93914,             0.65304,             0.74497,             0.43822,            0.024932,            0.011222,           0.0007653,                   0,                   0,          0.00043809,          0.00043809,          0.00043809
                 176,            0.034646,            0.019626,          0.00033048,                   0,             0.58111,              0.9505,             0.65325,             0.74482,             0.44687,             0.02495,            0.011169,          0.00075925,                   0,                   0,          0.00043353,          0.00043353,          0.00043353
                 177,            0.043784,            0.028944,            0.001044,                   0,             0.61509,             0.94029,             0.65164,             0.74235,             0.44824,            0.024854,            0.011169,          0.00075952,                   0,                   0,          0.00042899,          0.00042899,          0.00042899
                 178,            0.045031,            0.035529,          0.00091668,                   0,             0.60643,             0.93754,             0.65266,             0.74369,             0.43669,            0.024908,             0.01123,          0.00076227,                   0,                   0,          0.00042445,          0.00042445,          0.00042445
                 179,            0.041429,            0.030569,           0.0010274,                   0,             0.58854,             0.96134,             0.65188,             0.74694,             0.45357,            0.024642,             0.01116,          0.00076188,                   0,                   0,          0.00041994,          0.00041994,          0.00041994
                 180,            0.041081,            0.015819,          0.00064926,                   0,             0.58569,             0.95077,             0.64444,             0.73706,             0.44044,            0.024777,            0.011176,          0.00076445,                   0,                   0,          0.00041543,          0.00041543,          0.00041543
                 181,            0.041149,            0.022623,           0.0013608,                   0,             0.59817,              0.9561,             0.65159,             0.74088,             0.42843,            0.025272,            0.011169,          0.00076509,                   0,                   0,          0.00041094,          0.00041094,          0.00041094
                 182,             0.04091,            0.027714,          0.00056676,                   0,             0.59857,              0.9658,             0.65432,             0.74788,              0.4607,            0.024814,             0.01112,          0.00075439,                   0,                   0,          0.00040647,          0.00040647,          0.00040647
                 183,            0.039752,            0.023347,          0.00076914,                   0,             0.58699,             0.95615,             0.64534,             0.74655,             0.45474,            0.025134,            0.011223,          0.00075617,                   0,                   0,          0.00040201,          0.00040201,          0.00040201
                 184,            0.038749,            0.019347,          0.00082136,                   0,             0.59024,             0.95501,             0.64636,             0.74716,             0.44739,            0.025414,            0.011161,          0.00075429,                   0,                   0,          0.00039757,          0.00039757,          0.00039757
                 185,            0.046283,            0.021902,           0.0008014,                   0,             0.59404,             0.96072,             0.65764,             0.75005,             0.45886,            0.025269,            0.011206,          0.00074876,                   0,                   0,          0.00039314,          0.00039314,          0.00039314
                 186,            0.038681,            0.020801,          0.00052534,                   0,             0.58958,              0.9475,             0.65974,              0.7489,              0.4566,            0.025242,            0.011231,          0.00074356,                   0,                   0,          0.00038873,          0.00038873,          0.00038873
                 187,            0.036468,            0.017148,          0.00038904,                   0,             0.59394,              0.9564,              0.6487,             0.74731,             0.43762,            0.025182,            0.011193,          0.00073873,                   0,                   0,          0.00038434,          0.00038434,          0.00038434
                 188,            0.044448,            0.023411,            0.001083,                   0,             0.58888,              0.9616,             0.65974,             0.74775,             0.45033,             0.02511,            0.011096,          0.00073479,                   0,                   0,          0.00037997,          0.00037997,          0.00037997
                 189,            0.036555,            0.023464,           0.0010224,                   0,             0.59087,             0.96378,             0.65974,             0.75112,             0.45738,            0.024951,            0.011145,          0.00073206,                   0,                   0,          0.00037562,          0.00037562,          0.00037562
                 190,            0.049207,            0.033779,           0.0010199,                   0,              0.6148,             0.96325,             0.65974,             0.74934,             0.43934,            0.025436,            0.011206,          0.00073118,                   0,                   0,          0.00037128,          0.00037128,          0.00037128
                 191,            0.048215,            0.026365,          0.00066182,                   0,              0.5828,             0.90506,              0.6549,             0.73561,             0.44224,            0.025103,            0.011239,          0.00072932,                   0,                   0,          0.00036697,          0.00036697,          0.00036697
                 192,            0.037739,            0.016539,          0.00039547,                   0,             0.58123,             0.92743,             0.66115,             0.74393,             0.44155,            0.024889,            0.011199,           0.0007291,                   0,                   0,          0.00036267,          0.00036267,          0.00036267
                 193,            0.041574,            0.020971,           0.0010482,                   0,             0.58791,              0.9323,              0.6618,              0.7476,             0.45788,            0.024934,            0.011227,          0.00072547,                   0,                   0,           0.0003584,           0.0003584,           0.0003584
                 194,            0.036073,            0.024459,          0.00062102,                   0,             0.58805,             0.94646,             0.66256,              0.7513,             0.45992,            0.025064,            0.011147,          0.00072626,                   0,                   0,          0.00035415,          0.00035415,          0.00035415
                 195,            0.051425,            0.017325,          0.00035625,                   0,             0.59408,             0.95109,             0.65466,             0.74621,              0.4499,            0.025059,            0.011095,          0.00072476,                   0,                   0,          0.00034991,          0.00034991,          0.00034991
                 196,            0.037835,            0.011533,          0.00083348,                   0,             0.57946,              0.9663,             0.66115,             0.75591,             0.44581,            0.024995,            0.011066,          0.00072602,                   0,                   0,           0.0003457,           0.0003457,           0.0003457
                 197,            0.040379,             0.02301,           0.0012271,                   0,             0.59139,             0.96328,             0.66052,             0.75211,             0.43537,            0.024845,            0.011068,          0.00072335,                   0,                   0,          0.00034152,          0.00034152,          0.00034152
                 198,            0.044692,            0.017128,          0.00050488,                   0,             0.58984,             0.97064,             0.66012,             0.75401,             0.42785,            0.025031,            0.011082,          0.00071948,                   0,                   0,          0.00033735,          0.00033735,          0.00033735
                 199,            0.031754,            0.039192,          0.00035713,                   0,             0.60067,             0.96581,             0.65833,             0.75614,             0.43802,            0.025042,             0.01103,          0.00071066,                   0,                   0,          0.00033321,          0.00033321,          0.00033321
                 200,            0.040068,            0.021743,          0.00029456,                   0,              0.5932,             0.96662,             0.66087,             0.75322,             0.43077,             0.02488,            0.010991,          0.00070905,                   0,                   0,          0.00032909,          0.00032909,          0.00032909
                 201,            0.047344,            0.019503,          0.00048232,                   0,             0.59755,             0.94457,             0.66084,             0.74917,             0.44336,            0.024882,            0.010978,          0.00070257,                   0,                   0,            0.000325,            0.000325,            0.000325
                 202,            0.038397,            0.016073,          0.00090544,                   0,             0.58222,             0.94446,              0.6599,             0.75217,             0.45143,            0.024926,            0.011012,          0.00070085,                   0,                   0,          0.00032093,          0.00032093,          0.00032093
                 203,            0.032962,            0.015581,          0.00091874,                   0,             0.60232,               0.933,             0.66221,             0.75012,             0.46947,            0.024846,            0.011035,          0.00070239,                   0,                   0,          0.00031689,          0.00031689,          0.00031689
                 204,            0.034414,              0.0195,          0.00026643,                   0,             0.58506,             0.95549,             0.66115,             0.75139,             0.46864,            0.024769,            0.011046,          0.00070873,                   0,                   0,          0.00031287,          0.00031287,          0.00031287
                 205,            0.037183,            0.028468,          0.00028302,                   0,             0.59845,             0.97134,             0.66115,             0.75424,             0.46493,            0.025012,            0.010985,          0.00070634,                   0,                   0,          0.00030888,          0.00030888,          0.00030888
                 206,            0.035646,            0.027747,          0.00046458,                   0,             0.59659,             0.95669,             0.66261,             0.75199,              0.4479,            0.025155,            0.011022,          0.00070807,                   0,                   0,          0.00030491,          0.00030491,          0.00030491
                 207,            0.040991,            0.025764,          0.00053128,                   0,             0.60127,             0.95541,             0.66195,             0.74903,             0.45539,            0.024921,            0.011082,          0.00071197,                   0,                   0,          0.00030097,          0.00030097,          0.00030097
                 208,            0.039773,            0.023842,           0.0018479,                   0,              0.6129,             0.95233,             0.66115,             0.74879,             0.42795,             0.02493,            0.011086,           0.0007112,                   0,                   0,          0.00029706,          0.00029706,          0.00029706
                 209,            0.041994,            0.024167,          0.00060111,                   0,             0.59533,              0.9521,             0.66115,             0.74912,             0.41064,             0.02507,            0.011116,          0.00071095,                   0,                   0,          0.00029318,          0.00029318,          0.00029318
                 210,            0.039066,            0.014056,          0.00054332,                   0,             0.57684,             0.93994,             0.65974,             0.74703,             0.40959,            0.025031,            0.011081,          0.00070665,                   0,                   0,          0.00028932,          0.00028932,          0.00028932
                 211,            0.047641,            0.024146,            0.001189,                   0,             0.58728,             0.91433,             0.65974,             0.74459,             0.40872,            0.024851,            0.011051,          0.00070164,                   0,                   0,           0.0002855,           0.0002855,           0.0002855
                 212,            0.045108,            0.015633,          0.00040625,                   0,             0.58721,             0.88992,              0.6606,             0.73689,             0.41758,            0.025228,            0.011048,          0.00070497,                   0,                   0,           0.0002817,           0.0002817,           0.0002817
                 213,            0.043382,            0.027012,          0.00092888,                   0,             0.59059,             0.92077,             0.65974,             0.74332,             0.41268,            0.025039,            0.011091,          0.00070495,                   0,                   0,          0.00027793,          0.00027793,          0.00027793
                 214,            0.035473,            0.018082,          0.00039237,                   0,             0.58472,             0.94022,             0.66011,             0.74526,             0.39866,            0.025263,            0.011138,          0.00070511,                   0,                   0,          0.00027419,          0.00027419,          0.00027419
                 215,            0.047163,            0.024881,           0.0033082,                   0,             0.58794,             0.96416,             0.66115,             0.75236,              0.4089,            0.025269,            0.011183,          0.00070453,                   0,                   0,          0.00027048,          0.00027048,          0.00027048
                 216,            0.045721,             0.03205,            0.002503,                   0,             0.61857,             0.95007,             0.66115,             0.74524,             0.41645,            0.024928,            0.011134,          0.00070561,                   0,                   0,          0.00026681,          0.00026681,          0.00026681
                 217,            0.036632,            0.015854,          0.00074825,                   0,             0.58451,             0.93737,             0.66115,             0.74321,             0.40637,            0.024966,            0.011206,           0.0007011,                   0,                   0,          0.00026316,          0.00026316,          0.00026316
                 218,            0.038561,            0.027619,          0.00080905,                   0,             0.60102,             0.93817,             0.66115,             0.74584,             0.42306,            0.024895,             0.01115,          0.00069347,                   0,                   0,          0.00025954,          0.00025954,          0.00025954
                 219,            0.038654,            0.035085,          0.00042378,                   0,             0.58881,             0.94854,             0.66115,             0.74666,             0.41928,            0.024958,            0.011149,          0.00069328,                   0,                   0,          0.00025596,          0.00025596,          0.00025596
                 220,            0.042049,            0.023875,             0.00126,                   0,             0.59619,             0.92452,             0.66091,             0.74357,             0.42183,            0.024917,            0.011137,          0.00069754,                   0,                   0,          0.00025241,          0.00025241,          0.00025241
                 221,            0.039264,            0.014221,          0.00062148,                   0,             0.58709,             0.92109,             0.66115,             0.74352,             0.41948,            0.025141,            0.011163,          0.00069531,                   0,                   0,          0.00024889,          0.00024889,          0.00024889
                 222,            0.042089,              0.0265,          0.00081391,                   0,             0.60108,             0.94275,             0.66115,             0.74717,             0.42343,            0.024842,            0.011151,          0.00068822,                   0,                   0,          0.00024541,          0.00024541,          0.00024541
                 223,            0.034908,            0.019474,          0.00097324,                   0,             0.59454,             0.92986,             0.66115,             0.74693,             0.44247,            0.025004,            0.011065,          0.00068308,                   0,                   0,          0.00024195,          0.00024195,          0.00024195
                 224,             0.04445,             0.02359,           0.0006007,                   0,             0.59215,             0.94133,             0.66115,             0.74817,             0.44356,            0.025118,            0.011055,          0.00068063,                   0,                   0,          0.00023854,          0.00023854,          0.00023854
                 225,            0.036264,            0.021889,          0.00024609,                   0,             0.58516,              0.9548,             0.66115,             0.75065,             0.45697,             0.02489,             0.01106,           0.0006856,                   0,                   0,          0.00023515,          0.00023515,          0.00023515
                 226,            0.047907,            0.022731,          0.00048685,                   0,             0.58751,             0.96535,             0.66115,             0.75188,             0.46047,            0.024898,            0.011021,          0.00068385,                   0,                   0,           0.0002318,           0.0002318,           0.0002318
                 227,            0.038935,            0.030626,          0.00058367,                   0,             0.60703,             0.96761,             0.66115,             0.75021,             0.46133,            0.025007,            0.011045,          0.00068212,                   0,                   0,          0.00022849,          0.00022849,          0.00022849
                 228,            0.034383,            0.023845,           0.0003926,                   0,             0.60273,             0.95745,             0.66115,             0.75125,             0.46305,            0.024983,            0.011058,          0.00068562,                   0,                   0,          0.00022521,          0.00022521,          0.00022521
                 229,            0.043286,            0.023915,          0.00080886,                   0,             0.58929,             0.98075,             0.66017,             0.75723,             0.46767,            0.025013,            0.011066,          0.00068286,                   0,                   0,          0.00022196,          0.00022196,          0.00022196
                 230,            0.034656,            0.023098,          0.00037642,                   0,             0.60646,             0.95324,             0.66115,             0.75224,             0.46393,            0.024965,            0.010999,          0.00067569,                   0,                   0,          0.00021876,          0.00021876,          0.00021876
                 231,            0.045154,            0.022098,          0.00031023,                   0,             0.58147,             0.94401,             0.66209,             0.74569,             0.44542,            0.025115,            0.010977,          0.00066947,                   0,                   0,          0.00021558,          0.00021558,          0.00021558
                 232,            0.047158,             0.01834,          0.00044161,                   0,             0.58104,             0.95693,             0.66115,             0.74561,             0.42823,            0.025187,            0.010901,          0.00067304,                   0,                   0,          0.00021245,          0.00021245,          0.00021245
                 233,            0.043045,            0.051448,          0.00069992,                   0,             0.61845,             0.96728,             0.66256,             0.75288,             0.42686,             0.02495,            0.010956,          0.00067052,                   0,                   0,          0.00020935,          0.00020935,          0.00020935
                 234,            0.041396,            0.030418,           0.0007218,                   0,             0.59034,             0.96689,              0.6598,             0.75421,             0.42775,            0.025172,            0.010946,          0.00067049,                   0,                   0,          0.00020629,          0.00020629,          0.00020629
                 235,             0.03978,            0.018266,          0.00032529,                   0,             0.59356,             0.96744,             0.65768,             0.75302,             0.42993,            0.025063,            0.010872,           0.0006676,                   0,                   0,          0.00020327,          0.00020327,          0.00020327
                 236,            0.033757,            0.030296,          0.00064229,                   0,             0.59207,             0.96703,             0.65913,             0.75007,             0.43671,            0.025278,            0.010877,          0.00067032,                   0,                   0,          0.00020028,          0.00020028,          0.00020028
                 237,             0.04241,            0.021153,          0.00078818,                   0,             0.59339,             0.98072,             0.66113,             0.75276,             0.43245,            0.025451,            0.010917,          0.00067444,                   0,                   0,          0.00019734,          0.00019734,          0.00019734
                 238,            0.036009,            0.023467,          0.00050182,                   0,             0.59434,              0.9679,             0.66115,               0.755,             0.45202,            0.025138,            0.010855,          0.00067086,                   0,                   0,          0.00019443,          0.00019443,          0.00019443
                 239,            0.039095,           0.0099195,          0.00084894,                   0,             0.58494,             0.96889,             0.66094,             0.75545,               0.461,            0.024852,            0.010902,          0.00066894,                   0,                   0,          0.00019156,          0.00019156,          0.00019156
                 240,            0.037211,            0.020497,            0.001441,                   0,              0.5891,             0.96696,             0.65946,             0.75472,             0.45925,            0.024996,            0.010879,          0.00066798,                   0,                   0,          0.00018873,          0.00018873,          0.00018873
                 241,            0.042395,            0.018213,           0.0014977,                   0,             0.59504,             0.96581,             0.66028,             0.75266,              0.4493,            0.024912,            0.010942,          0.00066811,                   0,                   0,          0.00018594,          0.00018594,          0.00018594
                 242,             0.03232,            0.017136,          0.00092666,                   0,             0.59043,             0.96672,             0.66046,             0.75228,              0.4504,             0.02494,            0.010917,          0.00066616,                   0,                   0,          0.00018319,          0.00018319,          0.00018319
                 243,            0.054237,            0.026536,           0.0007553,                   0,             0.59065,             0.97768,             0.66042,              0.7558,              0.4655,            0.024681,            0.010879,           0.0006635,                   0,                   0,          0.00018048,          0.00018048,          0.00018048
                 244,            0.037963,             0.02461,          0.00049591,                   0,             0.60138,              0.9654,             0.66092,             0.75203,             0.46688,            0.024736,            0.010988,          0.00066161,                   0,                   0,          0.00017781,          0.00017781,          0.00017781
                 245,            0.032303,            0.025271,           0.0005136,                   0,             0.60344,              0.9653,             0.66115,             0.75229,              0.4637,            0.024925,            0.010994,          0.00065743,                   0,                   0,          0.00017519,          0.00017519,          0.00017519
                 246,            0.033183,            0.015943,          0.00070167,                   0,             0.57969,             0.96433,             0.65984,             0.75291,             0.42925,              0.0249,            0.010943,          0.00065473,                   0,                   0,           0.0001726,           0.0001726,           0.0001726
                 247,            0.048111,            0.022084,          0.00057931,                   0,             0.58697,             0.96432,             0.65972,             0.75357,             0.43384,            0.025079,            0.011021,           0.0006592,                   0,                   0,          0.00017005,          0.00017005,          0.00017005
                 248,            0.042052,            0.021233,          0.00071371,                   0,              0.5919,             0.96276,             0.66032,             0.75348,              0.4213,            0.025085,            0.010991,          0.00065801,                   0,                   0,          0.00016755,          0.00016755,          0.00016755
                 249,            0.040049,            0.018192,          0.00093442,                   0,              0.5916,             0.95072,             0.65816,             0.75267,             0.39476,            0.025237,             0.01102,          0.00066017,                   0,                   0,          0.00016509,          0.00016509,          0.00016509
                 250,            0.040736,            0.022828,          0.00025263,                   0,             0.60265,             0.96223,             0.65854,              0.7559,             0.39468,            0.025013,            0.010975,             0.00066,                   0,                   0,          0.00016267,          0.00016267,          0.00016267
                 251,            0.042997,            0.026749,          0.00073475,                   0,             0.59085,             0.96226,              0.6593,             0.75315,             0.39291,            0.025014,            0.011014,           0.0006585,                   0,                   0,          0.00016029,          0.00016029,          0.00016029
                 252,            0.047368,            0.018025,          0.00041251,                   0,             0.58346,             0.96566,             0.65843,             0.75245,             0.41187,            0.025152,            0.011001,          0.00066139,                   0,                   0,          0.00015795,          0.00015795,          0.00015795
                 253,            0.049219,            0.025524,           0.0013759,                   0,             0.58303,             0.96228,             0.65877,             0.75348,             0.40257,            0.025006,            0.010947,          0.00065751,                   0,                   0,          0.00015566,          0.00015566,          0.00015566
                 254,            0.039169,            0.022784,          0.00051502,                   0,             0.58791,             0.95205,             0.65913,              0.7476,             0.39112,            0.025059,            0.010965,          0.00065814,                   0,                   0,          0.00015341,          0.00015341,          0.00015341
                 255,            0.038528,            0.021036,          0.00065973,                   0,             0.58269,             0.96369,             0.66171,             0.75273,             0.39932,             0.02518,            0.010947,           0.0006521,                   0,                   0,          0.00015121,          0.00015121,          0.00015121
                 256,            0.044271,            0.015121,          0.00083582,                   0,             0.58332,              0.9512,              0.6593,               0.752,             0.40511,            0.025167,            0.010976,          0.00065422,                   0,                   0,          0.00014905,          0.00014905,          0.00014905
                 257,            0.031471,            0.016449,          0.00051248,                   0,             0.58112,             0.96134,             0.65907,             0.75484,             0.40016,            0.025476,            0.010924,          0.00065236,                   0,                   0,          0.00014693,          0.00014693,          0.00014693
                 258,            0.038164,            0.023629,          0.00032809,                   0,             0.59364,             0.96126,             0.66138,             0.75723,             0.40499,            0.025321,            0.010936,          0.00065183,                   0,                   0,          0.00014486,          0.00014486,          0.00014486
                 259,            0.036007,             0.01473,          0.00015373,                   0,             0.58491,              0.9645,             0.66291,             0.75362,             0.40715,            0.025058,            0.010905,          0.00064763,                   0,                   0,          0.00014283,          0.00014283,          0.00014283
                 260,            0.038122,            0.025935,          0.00044315,                   0,             0.61206,             0.96656,             0.66081,             0.75313,             0.40122,            0.024914,            0.010944,          0.00064816,                   0,                   0,          0.00014084,          0.00014084,          0.00014084
                 261,            0.034652,            0.021056,          0.00026689,                   0,             0.59067,             0.96614,             0.66134,             0.75196,             0.40078,            0.025204,            0.011031,          0.00065276,                   0,                   0,           0.0001389,           0.0001389,           0.0001389
                 262,            0.035103,            0.018704,          0.00058612,                   0,             0.59269,             0.96139,             0.66169,             0.75368,             0.41102,            0.025127,            0.011021,          0.00065193,                   0,                   0,          0.00013701,          0.00013701,          0.00013701
                 263,             0.04386,            0.033214,           0.0014245,                   0,             0.60893,             0.96441,             0.65983,             0.75383,             0.40122,            0.025288,            0.011046,          0.00065547,                   0,                   0,          0.00013516,          0.00013516,          0.00013516
                 264,            0.053521,            0.032875,           0.0058546,                   0,             0.59137,              0.9514,             0.66073,             0.74903,             0.40391,            0.025133,            0.010964,          0.00065085,                   0,                   0,          0.00013336,          0.00013336,          0.00013336
                 265,            0.035874,            0.016019,          0.00025097,                   0,             0.59371,             0.94906,             0.66161,             0.75038,             0.40584,            0.024931,             0.01095,          0.00064638,                   0,                   0,           0.0001316,           0.0001316,           0.0001316
                 266,            0.036831,            0.031614,           0.0007593,                   0,             0.59358,             0.96097,             0.66092,             0.75334,             0.41327,            0.024893,            0.010944,          0.00064669,                   0,                   0,          0.00012989,          0.00012989,          0.00012989
                 267,            0.042714,            0.016477,          0.00052019,                   0,              0.5833,             0.95571,             0.66087,             0.75242,             0.41661,            0.024949,            0.011071,          0.00065129,                   0,                   0,          0.00012822,          0.00012822,          0.00012822
                 268,            0.033856,            0.016934,          0.00038188,                   0,             0.58547,             0.94508,             0.65885,             0.74647,             0.41383,            0.025278,            0.011071,           0.0006563,                   0,                   0,           0.0001266,           0.0001266,           0.0001266
                 269,              0.0335,            0.020791,          0.00032701,                   0,             0.58565,             0.95989,             0.65843,             0.74983,             0.39952,            0.025446,            0.011012,          0.00065637,                   0,                   0,          0.00012503,          0.00012503,          0.00012503
                 270,            0.032734,            0.022016,          0.00030068,                   0,             0.58157,             0.95369,                0.66,             0.74914,             0.40211,            0.025139,            0.011003,          0.00065366,                   0,                   0,           0.0001235,           0.0001235,           0.0001235
                 271,            0.044072,            0.011887,           0.0015717,                   0,             0.58748,             0.94621,             0.65999,             0.75209,             0.41965,            0.024911,            0.011061,          0.00065068,                   0,                   0,          0.00012202,          0.00012202,          0.00012202
                 272,            0.042121,            0.035824,           0.0010664,                   0,             0.60617,             0.94746,             0.65844,             0.75035,              0.4347,            0.025148,            0.011019,           0.0006549,                   0,                   0,          0.00012059,          0.00012059,          0.00012059
                 273,            0.037992,            0.023924,          0.00059389,                   0,             0.58758,             0.95297,             0.65869,             0.75322,              0.4364,            0.025187,            0.010959,          0.00064477,                   0,                   0,          0.00011921,          0.00011921,          0.00011921
                 274,            0.039815,            0.022842,          0.00037972,                   0,             0.58508,             0.95411,             0.65606,             0.74936,             0.42929,            0.025299,            0.010984,          0.00065186,                   0,                   0,          0.00011787,          0.00011787,          0.00011787
                 275,            0.045452,             0.01713,          0.00034195,                   0,             0.58145,               0.946,             0.65606,             0.74708,             0.42675,            0.025305,             0.01102,          0.00065528,                   0,                   0,          0.00011658,          0.00011658,          0.00011658
                 276,            0.042071,            0.017576,          0.00068937,                   0,             0.58965,             0.94732,             0.66109,             0.74836,              0.4327,            0.025158,             0.01101,          0.00065289,                   0,                   0,          0.00011533,          0.00011533,          0.00011533
                 277,            0.037734,             0.01876,          0.00043269,                   0,             0.58522,             0.95304,             0.66033,              0.7512,             0.42647,            0.025069,            0.011005,          0.00064836,                   0,                   0,          0.00011414,          0.00011414,          0.00011414
                 278,            0.031391,            0.016611,          0.00090216,                   0,             0.57999,             0.95474,             0.66003,             0.75224,             0.42998,            0.025078,            0.010987,          0.00064333,                   0,                   0,          0.00011299,          0.00011299,          0.00011299
                 279,            0.040507,            0.017834,          0.00035742,                   0,             0.59121,             0.95569,             0.65837,             0.75057,             0.43325,            0.024946,            0.010933,           0.0006443,                   0,                   0,          0.00011189,          0.00011189,          0.00011189
                 280,            0.046921,            0.030973,           0.0015717,                   0,             0.60005,             0.95146,              0.6571,             0.75132,             0.44255,            0.025152,             0.01096,          0.00064228,                   0,                   0,          0.00011084,          0.00011084,          0.00011084
                 281,             0.05213,             0.02508,           0.0091508,                   0,             0.58664,             0.94112,             0.65654,             0.75094,             0.43711,            0.025175,            0.010991,          0.00063896,                   0,                   0,          0.00010983,          0.00010983,          0.00010983
                 282,            0.036493,            0.014094,           0.0008973,                   0,             0.57639,             0.95353,             0.65691,             0.75251,             0.43836,            0.025174,            0.010929,          0.00063874,                   0,                   0,          0.00010888,          0.00010888,          0.00010888
                 283,             0.04328,            0.022252,          0.00027651,                   0,             0.59499,             0.95228,             0.65685,             0.75235,             0.43815,            0.025292,            0.010956,          0.00063786,                   0,                   0,          0.00010797,          0.00010797,          0.00010797
                 284,            0.050649,            0.029888,          0.00077177,                   0,             0.59072,             0.95321,              0.6587,             0.75442,              0.4396,            0.024935,            0.010958,          0.00063773,                   0,                   0,          0.00010711,          0.00010711,          0.00010711
                 285,            0.052104,            0.039795,          0.00088992,                   0,             0.59629,              0.9496,              0.6588,             0.75287,             0.42947,             0.02519,            0.010924,          0.00063679,                   0,                   0,           0.0001063,           0.0001063,           0.0001063
                 286,            0.043373,            0.016273,          0.00088996,                   0,             0.58898,              0.9469,             0.65747,             0.75315,             0.43282,            0.024932,            0.010871,          0.00063643,                   0,                   0,          0.00010554,          0.00010554,          0.00010554
                 287,            0.034682,             0.02805,          0.00040615,                   0,             0.59762,             0.86759,             0.70661,             0.75186,             0.43093,            0.025061,            0.010962,           0.0006391,                   0,                   0,          0.00010483,          0.00010483,          0.00010483
                 288,            0.036975,             0.02037,          0.00060834,                   0,             0.59381,              0.8662,             0.71241,             0.75214,             0.42561,            0.024873,            0.010972,          0.00064077,                   0,                   0,          0.00010416,          0.00010416,          0.00010416
                 289,            0.029422,            0.023567,          0.00069489,                   0,             0.59467,             0.86764,             0.69871,             0.75275,             0.41114,            0.025078,            0.011013,          0.00064111,                   0,                   0,          0.00010355,          0.00010355,          0.00010355
                 290,            0.048755,            0.015929,            0.004281,                   0,             0.57831,             0.86725,             0.69952,             0.75298,             0.40318,            0.025129,            0.011018,          0.00063958,                   0,                   0,          0.00010298,          0.00010298,          0.00010298
                 291,            0.034737,            0.018481,          0.00042156,                   0,             0.58739,             0.87127,             0.71399,             0.75511,               0.403,            0.025161,            0.011041,          0.00064062,                   0,                   0,          0.00010247,          0.00010247,          0.00010247
                 292,            0.034823,            0.021949,          0.00034566,                   0,             0.58525,              0.9506,             0.64446,             0.75096,             0.39326,             0.02535,             0.01105,          0.00064326,                   0,                   0,            0.000102,            0.000102,            0.000102
                 293,            0.049498,            0.020195,          0.00089496,                   0,             0.58521,             0.85778,             0.71066,             0.75702,               0.412,            0.025277,            0.010996,          0.00063734,                   0,                   0,          0.00010158,          0.00010158,          0.00010158
                 294,            0.035674,            0.034044,          0.00083144,                   0,             0.60037,             0.85933,             0.71047,             0.75641,             0.43501,            0.025031,            0.010923,          0.00063859,                   0,                   0,          0.00010121,          0.00010121,          0.00010121
                 295,            0.040052,            0.026413,           0.0003733,                   0,             0.59013,             0.86082,             0.71215,             0.75606,             0.43891,            0.025159,            0.010932,          0.00063716,                   0,                   0,          0.00010089,          0.00010089,          0.00010089
                 296,             0.04412,            0.029057,          0.00056501,                   0,             0.58396,               0.859,             0.70794,             0.75485,             0.44305,            0.025044,            0.010943,          0.00063878,                   0,                   0,          0.00010062,          0.00010062,          0.00010062
                 297,            0.031725,            0.013275,          0.00068667,                   0,             0.58202,             0.95149,             0.65606,             0.75513,             0.44001,            0.025334,            0.011009,           0.0006403,                   0,                   0,          0.00010039,          0.00010039,          0.00010039
                 298,            0.036208,            0.021409,          0.00026156,                   0,             0.59687,             0.96083,             0.65466,             0.75592,             0.43861,            0.025083,            0.010944,          0.00063726,                   0,                   0,          0.00010022,          0.00010022,          0.00010022
                 299,            0.042862,            0.032025,          0.00062176,                   0,             0.59419,             0.84288,             0.72213,             0.75724,             0.43264,            0.025133,            0.010914,          0.00063183,                   0,                   0,           0.0001001,           0.0001001,           0.0001001
